product_id,name,category,size,desc,color,quantity,price,pic,link
1,White Skirt,Clothing,XL,A simple white skirt with a small floral embroidery detail near the hem.,White,44,43.56,1.jpg,https://drive.google.com/file/d/1kDcSno7Q6wBzc1qQ7Omg3bQHQEAZ-0M8/view?usp=drivesdk
2,Denim Skirt,Clothing,M,A blue denim mini skirt with front pockets and a button closure.,Blue,0,34.18,2.jpg,https://drive.google.com/file/d/1_z3swJtWpupO_HmOnpymvlKVihZoG1ya/view?usp=drivesdk
3,Denim Skirt,Clothing,XL,A dark blue denim skirt with front pockets and a button closure.,Blue,35,39.67,3.jpg,https://drive.google.com/file/d/120PsY7qgWX8qyLzXCIDsqxvWcFw0KM0l/view?usp=drivesdk
4,Athletic Shorts,Clothing,S,Black athletic shorts with an elastic waistband and blue side panels.,Black,7,46.63,4.jpg,https://drive.google.com/file/d/1ivJRw1Uu9lRyNHiwVHewEoLGiBF-iY19/view?usp=drivesdk
5,Grey Sweatpants,Clothing,XL,Comfortable grey sweatpants with an elastic waistband and side pockets.,Grey,7,35.03,5.jpg,https://drive.google.com/file/d/1H7JZPG9ZnhMZ6iUvFPd-XKBx7FIvcXil/view?usp=drivesdk
6,Nike Windbreaker Jacket,Clothing,L,"A lightweight Nike windbreaker jacket with a hood, featuring a purple and white color block design.",Purple,27,17.79,6.jpg,https://drive.google.com/file/d/19Jkx_MJ0Pz2fISdIPUBRlh0RRCLJqWjx/view?usp=drivesdk
7,Nike Shorts,Clothing,XL,Black knee-length Nike shorts with an elastic waistband and a small logo on the side.,Black,22,48.11,7.jpg,https://drive.google.com/file/d/1oSf1rwAiZhYR9YO-BdW-svbEIV2Qjw99/view?usp=drivesdk
8,Basketball Shorts,Clothing,S,Black basketball shorts with white side panels and an elastic waistband.,Black,16,30.5,8.jpg,https://drive.google.com/file/d/1DB2offVRu5PZUsfsClPsRWYbRFjuwSFt/view?usp=drivesdk
9,Nike Shorts,Clothing,S,White athletic shorts with an elastic waistband and a black Nike logo on the leg.,White,33,39.11,9.jpg,https://drive.google.com/file/d/1zFAgFVuMB1eZVZm01dV0m1hjcWCkuPpn/view?usp=drivesdk
10,Running Shoe,Clothing,XL,A silver and blue running shoe with mesh and synthetic overlays for breathability and support.,Silver,14,46.68,10.jpg,https://drive.google.com/file/d/1uK_srN0Nihz3N82Ix3ik5q4HUAII-N1O/view?usp=drivesdk
11,Athletic Shorts,Clothing,S,Black athletic shorts with a white vertical stripe on the side.,Black,8,22.68,11.jpg,https://drive.google.com/file/d/1M83yf7oz94GCsfo2F5ES25zznuJHVA0p/view?usp=drivesdk
12,Metallic Wristwatch,Clothing,L,A metallic wristwatch with a rectangular dial and a two-tone silver and gold strap.,Silver,43,40.01,12.jpg,https://drive.google.com/file/d/1lBHQyk8AtfvvqGeKjmu4H1hFY5c-qTHr/view?usp=drivesdk
13,Silver Wristwatch,Clothing,M,A silver metal wristwatch with a rectangular face and a unique dial design.,Silver,8,42.08,13.jpg,https://drive.google.com/file/d/1XU8Qd-uZHVdiZ8szsf0DSvIVIoe6rNaR/view?usp=drivesdk
14,Esprit Watch,Clothing,XL,A stylish Esprit wristwatch featuring a white woven strap and a gold-tone rectangular face adorned with crystals.,White,31,15.67,14.jpg,https://drive.google.com/file/d/1ZXbasuN3lRYTPDwAaouXZmn6pU4RZy1f/view?usp=drivesdk
15,Leather Dress Shoe,Clothing,M,A brown leather lace-up dress shoe with a sleek design and black sole.,Brown,21,30.6,15.jpg,https://drive.google.com/file/d/1LoArapfi9SG32MjM40XqXy6AdenuMv_v/view?usp=drivesdk
16,Leather Oxford,Clothing,M,A black leather Oxford shoe with lace-up closure and decorative stitching.,Black,48,46.32,16.jpg,https://drive.google.com/file/d/1Z6QRLESe0biOXynjD_t2sq7iSNyhDf7f/view?usp=drivesdk
17,Black Leather Watch,Clothing,M,A black square-faced wristwatch with a black leather strap and multiple dials.,Black,48,34.57,17.jpg,https://drive.google.com/file/d/1RXEu-ib5LQhprBNr-IlecIQyo-IACZ_U/view?usp=drivesdk
18,Leather Handbag,Clothing,XL,A red leather handbag with dual handles and front zipper pockets.,Red,3,22.41,18.jpg,https://drive.google.com/file/d/1D20Iy21eu3baLbrXsupQWSXk9A3mYM22/view?usp=drivesdk
19,Pink Handbag,Clothing,M,A pink leather handbag with dual handles and zipper details on the front.,Pink,7,44.58,19.jpg,https://drive.google.com/file/d/1jH7FBw7PxCj28OFldfYW5l75cco1X0_p/view?usp=drivesdk
20,Green Handbag,Clothing,XL,A large green leather handbag with dual zipper pockets and a soft handle.,Green,29,17.36,20.jpg,https://drive.google.com/file/d/1VnZEL181MqsdN82BkiqCnKX4ux9PWkOv/view?usp=drivesdk
21,Pinstripe Trousers,Clothing,S,Men's formal pinstripe trousers with a straight fit and belt loops.,Gray,41,38.98,21.jpg,https://drive.google.com/file/d/1EUGFRhIaQOKCI_G5x3QFKxpgpw3jhONH/view?usp=drivesdk
22,Formal Trousers,Clothing,L,"A pair of black formal trousers with a straight fit, worn with a belt.",Black,10,40.65,22.jpg,https://drive.google.com/file/d/1TOLqkJeydqsfIo12CRWfwkrq12FjhZB4/view?usp=drivesdk
23,Leather Oxford,Clothing,S,A brown leather Oxford shoe with a lace-up design and a low heel.,Brown,32,39.83,23.jpg,https://drive.google.com/file/d/1U5HXiRIXjrkU7IXABkUFcc0giPi6I3v8/view?usp=drivesdk
24,Leather Loafer,Clothing,L,A dark brown leather slip-on loafer with detailed stitching.,Brown,46,39.49,24.jpg,https://drive.google.com/file/d/1xuf38qLvfOmnkFvWtTZth-NaKlMBjeU_/view?usp=drivesdk
25,Blue Strap Watch,Clothing,XL,A wristwatch with a blue strap and a silver dial adorned with blue and clear stones around the bezel.,Blue,45,28.66,25.jpg,https://drive.google.com/file/d/12FjUl7DktzK9B4oGKWh031pM4hcwWtUG/view?usp=drivesdk
26,Leather Belt,Clothing,M,A black leather belt with a silver rectangular buckle.,Black,31,18.24,26.jpg,https://drive.google.com/file/d/1EhLojfk8_sXI-vy3JlSvcao23cD3fh_h/view?usp=drivesdk
27,Basic T-shirt,Clothing,XL,"A plain, fitted short-sleeve T-shirt with a round neckline.",Blue,14,39.58,27.jpg,https://drive.google.com/file/d/1ltA2z6bL8NkMztFITkrWjO6HpxYB7wah/view?usp=drivesdk
28,Plaid Midi Skirt,Clothing,L,A high-waisted midi skirt featuring a grey plaid pattern with a flared silhouette.,Grey,5,31.13,28.jpg,https://drive.google.com/file/d/1OwvBHd7YJZ8GgcedILnLIMVbAUxFjH5T/view?usp=drivesdk
29,A-line skirt,Clothing,L,A knee-length black A-line skirt with a fitted waist and flared hem.,Black,36,45.45,29.jpg,https://drive.google.com/file/d/1zhzFswDMTlnKQArG_iv2A8Q52Fc0YNjM/view?usp=drivesdk
30,Puma wristwatch,Clothing,M,"A stylish wristwatch with a black and purple dial, crystal markers, and a black leather strap featuring the Puma logo.",Black,39,31.77,30.jpg,https://drive.google.com/file/d/1nQ_SEyAEaj8WpvUdwz9kCBg2gQLZLIGi/view?usp=drivesdk
31,Graphic T-shirt,Clothing,L,A grey short-sleeve t-shirt featuring a colorful abstract face graphic on the front.,Grey,37,45.89,31.jpg,https://drive.google.com/file/d/1949nmVUYGwrNrt8tDt1Kb75NSao48ToU/view?usp=drivesdk
32,Green Polo Shirt,Clothing,XL,A green short-sleeve polo shirt with a collar and small embroidered logo on the chest.,Green,48,47.75,32.jpg,https://drive.google.com/file/d/1r4cMOlkQsL2xLUzVa3FgLLNIA-is-__k/view?usp=drivesdk
33,Dark Denim Jeans,Clothing,L,A pair of dark blue denim jeans with contrast stitching and a classic fit.,Blue,49,11.82,33.jpg,https://drive.google.com/file/d/1HAfyWb0QBEmUmPiyDdrtY3Xq1wqCjNkP/view?usp=drivesdk
34,Running Shoe,Clothing,S,A white and navy running shoe with mesh and synthetic overlays and neon green accents.,White,36,33.69,34.jpg,https://drive.google.com/file/d/1OLOb_XyNGK2Bid3oilTNMSgU1xH40DOZ/view?usp=drivesdk
35,V-neck Sweater,Clothing,S,"A rust-colored V-neck sweater with white stripes on the sleeve and hem, featuring a white 'P' on the chest.",Rust,28,21.25,35.jpg,https://drive.google.com/file/d/1nMTjfNrYTN1HQP6H5cagA-UsAEbObTs8/view?usp=drivesdk
36,Polo Shirt,Clothing,M,A navy blue short-sleeve polo shirt with light blue accents on the collar and sleeve edges.,Navy Blue,44,46.16,36.jpg,https://drive.google.com/file/d/1Gz92xuY9DgqlfPV6OCEiYyvOC1y7B7TB/view?usp=drivesdk
37,Graphic T-shirt,Clothing,L,Black short-sleeve V-neck T-shirt with a large graphic print and text on the front.,Black,25,42.75,37.jpg,https://drive.google.com/file/d/17Vk_Usr3GOC81GMZ6CASuSwQRJO1aaBs/view?usp=drivesdk
38,Square Chronograph Watch,Clothing,L,A black square chronograph watch with a textured bezel and rubber strap.,Black,8,16.16,38.jpg,https://drive.google.com/file/d/1pOsyymibMbf1X-PnBzxsLjYlAtd0gftN/view?usp=drivesdk
39,RF Logo Cap,Clothing,L,A black baseball cap featuring a red embroidered RF logo on the front.,Black,15,36.38,39.jpg,https://drive.google.com/file/d/1Y4x8lo1Kc6tGZZ3FIK_mcNumT0d7OAvO/view?usp=drivesdk
40,Pink Wristwatch,Clothing,M,A stylish wristwatch with a pink textured strap and a silver rectangular face adorned with small crystals.,Pink,41,31.78,40.jpg,https://drive.google.com/file/d/1IReHiXKhtta94iCA-3l-yZdTVjtdZoSR/view?usp=drivesdk
41,Sequin Flip-Flop,Clothing,XL,A white sole flip-flop sandal with a brown sequin-embellished strap.,Brown,46,43.66,41.jpg,https://drive.google.com/file/d/10HfXzQmMqsV31Cs9o6DVWM_cs1wOf7UT/view?usp=drivesdk
42,Black Oxford Shoe,Clothing,S,A black leather and fabric Oxford shoe with brogue detailing and lace-up closure.,Black,15,32.38,42.jpg,https://drive.google.com/file/d/1kNHAqTlptXMLkhEUiORYy9CgyBKd_zss/view?usp=drivesdk
43,Leather Slip-on,Clothing,XL,"A sleek, dark brown leather slip-on shoe with a smooth finish and minimal stitching.",Brown,0,39.98,43.jpg,https://drive.google.com/file/d/1avmaZowSVUKszwIzoZ8OZnF6_KP9RcVc/view?usp=drivesdk
44,Denim Skirt,Clothing,L,A blue denim skirt featuring a pink floral belt tied at the waist.,Blue,7,19.9,44.jpg,https://drive.google.com/file/d/1Bn7Y8_adzZENIANilpk-urtwwUdf3U5Q/view?usp=drivesdk
45,Denim Skirt,Clothing,XL,A blue denim skirt featuring a purple floral patterned belt tied at the waist.,Blue,24,24.68,45.jpg,https://drive.google.com/file/d/181mS9EDryETn2Kzqe61aw0WpkC5t7crG/view?usp=drivesdk
46,Denim Skirt,Clothing,M,A blue denim skirt featuring a purple floral patterned belt tied at the waist.,Blue,27,34.9,46.jpg,https://drive.google.com/file/d/1mB-e_pRWVepmqiAzg2E1oWMEo60WT9sR/view?usp=drivesdk
47,Striped Watch,Clothing,M,"A wristwatch with a rectangular face and a colorful striped band in shades of red, pink, and purple.",Red,45,45.97,47.jpg,https://drive.google.com/file/d/1WnKahXusrSJBEI0-Tb87uiqr0cF2yafB/view?usp=drivesdk
48,Esprit Watch,Clothing,L,A silver-tone wristwatch with a rectangular face and crystal embellishments on the band.,Silver,11,15.12,48.jpg,https://drive.google.com/file/d/1azgnZpHZ1BptNvzaLbc4y06_jEqu0QGn/view?usp=drivesdk
49,Silver Wristwatch,Clothing,S,A silver metal wristwatch with a rectangular black dial and crystal embellishments.,Silver,13,45.91,49.jpg,https://drive.google.com/file/d/1v-ck01iOt3qKgHLSffZn1ttgHL5wkWLO/view?usp=drivesdk
50,Esprit Bracelet Watch,Clothing,XL,A silver-tone bracelet watch with a rectangular black dial and decorative rhinestone accents on the band.,Silver,28,24.78,50.jpg,https://drive.google.com/file/d/1lR_7r8P1EgetvfLhiZYXXf-Arvjm2wVP/view?usp=drivesdk
51,Number Print Tee,Clothing,L,A light blue short-sleeve t-shirt featuring a large pink number 10 and small decorative patches near the neckline.,Blue,48,27.11,51.jpg,https://drive.google.com/file/d/1l27ZkP-DkZbijm6HOf8jjCalzEruP7uL/view?usp=drivesdk
52,Nike Leggings,Clothing,XL,Black fitted Nike leggings with a small white swoosh logo on the waistband.,Black,43,46.92,52.jpg,https://drive.google.com/file/d/1tzPNmVWj6r_P1REoR8HrUHIFjkz5wnsT/view?usp=drivesdk
53,Mickey Flip Flop,Clothing,S,Yellow flip flop featuring a Mickey Mouse design and black straps with a Mickey embellishment.,Yellow,48,21.19,53.jpg,https://drive.google.com/file/d/18ULSHSyaCrZIguAX1C2BqZ-GQyuccz6j/view?usp=drivesdk
54,Colorblock Windbreaker,Clothing,M,A lightweight windbreaker jacket featuring a colorblock design with a hood and front zipper.,Purple,14,20.23,54.jpg,https://drive.google.com/file/d/1cTcz7Cv3Qv7xByDaHlht3H-TCK4WFcfj/view?usp=drivesdk
55,Nike Sports Shorts,Clothing,XL,Dark gray Nike sports shorts with side panels and an elastic waistband featuring the Nike logo.,Gray,50,31.95,55.jpg,https://drive.google.com/file/d/1woES1v7Y87bnlNLKsxnIjVsvnJXAMmRE/view?usp=drivesdk
56,Checked Shirt,Clothing,S,A men's long-sleeve checked shirt with buttoned chest pockets and rolled-up sleeves.,Blue,24,26.97,56.jpg,https://drive.google.com/file/d/1o-cit50NKuBlHHwLOyOslxPdYs410Y2a/view?usp=drivesdk
57,Short Sleeve Shirt,Clothing,L,A casual short sleeve button-up shirt with a front pocket and subtle striped pattern.,Gray,37,38.27,57.jpg,https://drive.google.com/file/d/15snjtR4D0G2ig520MSjHLRtVPHYuynAo/view?usp=drivesdk
58,Plaid Shirt,Clothing,S,A short-sleeve button-up shirt with a plaid pattern.,Olive,8,37.46,58.jpg,https://drive.google.com/file/d/1y42yMyWQ15YbQxluBM9b1QSj_dt4A_MV/view?usp=drivesdk
59,Plaid Shirt,Clothing,XL,"Short-sleeve button-up shirt with a purple, white, and green plaid pattern and two chest pockets.",Purple,9,20.13,59.jpg,https://drive.google.com/file/d/1-195XTVpjxBpjrdk1D1tLWYcxQ_GqPuR/view?usp=drivesdk
60,Graphic T-shirt,Clothing,XL,Red short-sleeve T-shirt featuring a graphic print of an eagle holding an American flag.,Red,36,23.38,60.jpg,https://drive.google.com/file/d/1xcok8sCQYtf7kJVwF3CWYYxzjVagDtcd/view?usp=drivesdk
61,Digital Sports Watch,Clothing,XL,A black digital sports watch with red accents and a rectangular display.,Black,16,46.6,61.jpg,https://drive.google.com/file/d/1uK7pQxZt6aWgDkSr7WqrPuH2eHJNEw0F/view?usp=drivesdk
62,Striped Sweater,Clothing,M,A black V-neck sweater with horizontal white and green stripes and an embroidered emblem on the chest.,Black,47,28.99,62.jpg,https://drive.google.com/file/d/1tUEy4adfoPWShYPywt-le-2m0Pvf4bXU/view?usp=drivesdk
63,Striped Sweater,Clothing,XL,"A long-sleeve sweater with horizontal black, gray, and purple stripes.",Black,33,24,63.jpg,https://drive.google.com/file/d/1pbgsGnS2YSxGVgfbuXADPB7wk-nErL3c/view?usp=drivesdk
64,Striped Sweater,Clothing,L,"A men's knitted sweater featuring horizontal stripes in multiple shades of blue, grey, and white with a round neckline.",Blue,39,49.56,64.jpg,https://drive.google.com/file/d/1IhCPVZLpGazSHZ9JxqWM9rHUMD_XWheR/view?usp=drivesdk
65,Plaid Shirt,Clothing,XL,A long-sleeve plaid shirt with rolled-up sleeves and buttoned chest pockets.,Green,14,24.21,65.jpg,https://drive.google.com/file/d/191n5dVVzpe1RhCBl6PrS8JnvzNxMK1_S/view?usp=drivesdk
66,Buttoned Cardigan,Clothing,L,A white knitted cardigan with large buttons and front pockets.,White,29,22.07,66.jpg,https://drive.google.com/file/d/1YxJhcFX568NWyjPQa5SZ01qs3qOFdB-S/view?usp=drivesdk
67,Black Leggings,Clothing,S,A pair of fitted black leggings with a high waist.,Black,14,39.1,67.jpg,https://drive.google.com/file/d/1twq9jtF5pnwunpIh1hZU44iw0zBI75h9/view?usp=drivesdk
68,Drawstring Pants,Clothing,XL,Light beige drawstring pants with a relaxed fit and side pockets.,Beige,13,29.76,68.jpg,https://drive.google.com/file/d/1R_XVWLAk4GjCMzL7gs335gwJIiml6ROz/view?usp=drivesdk
69,Square Wristwatch,Clothing,M,A square-faced wristwatch with a black rubber strap and a silver bezel featuring multiple dials.,Black,49,38.56,69.jpg,https://drive.google.com/file/d/1o1ALguAHwluxUM-W8ycD7aZ5sXt-nTTd/view?usp=drivesdk
70,Digital Watch,Clothing,M,A red digital watch with a rectangular screen and ventilation slots on the strap.,Red,20,45.89,70.jpg,https://drive.google.com/file/d/1NC3XO-1n_E8Tc8YnF2var1t2cW2aCLvm/view?usp=drivesdk
71,Striped Sweater,Clothing,S,A long-sleeve V-neck sweater with wide horizontal green and dark gray stripes.,Green,37,28.62,71.jpg,https://drive.google.com/file/d/1pRBThuGBO-Kr135f55EjOFz6_i4BZiO0/view?usp=drivesdk
72,Striped Sweater,Clothing,M,"A long-sleeve sweater with horizontal stripes in brown, yellow, and gray.",Brown,39,42.03,72.jpg,https://drive.google.com/file/d/1LhsJCCef4LW20i_P_U6iLyS__tcrkNVS/view?usp=drivesdk
73,Striped Sweater,Clothing,M,A men's knitted sweater featuring horizontal stripes in multiple colors with a round neckline.,Black,5,33.78,73.jpg,https://drive.google.com/file/d/136JiFafrajdKr7yAuiD3pWimao-vK98o/view?usp=drivesdk
74,Striped Sweater,Clothing,XL,A long-sleeve V-neck sweater with wide horizontal stripes in maroon and gray.,Maroon,3,11.59,74.jpg,https://drive.google.com/file/d/1sx5SD4l-r1ARI8UOxZ3nZdCddolF3GIr/view?usp=drivesdk
75,Striped Sweater,Clothing,L,A long-sleeve sweater with wide horizontal gray and white stripes and a V-neck collar.,Gray,16,19.22,75.jpg,https://drive.google.com/file/d/1rE1Tmf0mSCgmrD9XXXdmhpEbm1Ha2miI/view?usp=drivesdk
76,Square Wristwatch,Clothing,M,A square-faced wristwatch with a brown leather strap and gold-tone casing.,Brown,3,42.34,76.jpg,https://drive.google.com/file/d/1_BjCQO_-KzcisGIgDwm_vyNvKYCuWaFH/view?usp=drivesdk
77,Esprit Chronograph,Clothing,S,A stainless steel wristwatch with a black dial featuring chronograph subdials and a date display.,Silver,36,36.02,77.jpg,https://drive.google.com/file/d/1CFltlPgvuQZhShUtM2Vcr4HL37-B3ATa/view?usp=drivesdk
78,Skinny Jeans,Clothing,M,A pair of fitted skinny jeans with a medium blue wash and classic five-pocket styling.,Blue,17,31.31,78.jpg,https://drive.google.com/file/d/1MWmvSDYKSU3XGcoPKSgL_hqhKyjRB-Ow/view?usp=drivesdk
79,Men's Dress Pants,Clothing,S,A pair of men's formal dress pants in a straight fit.,Brown,38,31.72,79.jpg,https://drive.google.com/file/d/1nwIVs7apo7Uwvj5HzgiR0SSWHXlc1VRj/view?usp=drivesdk
80,Green Mini Skirt,Clothing,L,A light green mini skirt with floral embroidery near the hem.,Green,23,18.3,80.jpg,https://drive.google.com/file/d/17Ihl4LFbjLvE4wBw_NorH_y_9K1b9EaM/view?usp=drivesdk
81,Formal Trousers,Clothing,XL,"A pair of gray formal trousers with a straight fit, worn with a black belt.",Gray,24,18.28,81.jpg,https://drive.google.com/file/d/1vlaGuFyTsfRh0nWHt2tAgTjVYpT7T1TE/view?usp=drivesdk
82,Formal Trousers,Clothing,XL,A pair of tailored formal trousers in a straight fit.,Gray,36,19.41,82.jpg,https://drive.google.com/file/d/1WavbVzd-6BaWLFlm7ScgMx5s-1j1ORUU/view?usp=drivesdk
83,Formal Trousers,Clothing,S,"A pair of beige formal trousers with a straight fit, worn with a black belt.",Beige,6,15.64,83.jpg,https://drive.google.com/file/d/1aJeHdykwgP7ME6mgJiwa33BxnfopnagC/view?usp=drivesdk
84,Drawstring Pants,Clothing,XL,Comfortable dark blue drawstring pants with an elastic waistband and side pockets.,Blue,38,48.8,84.jpg,https://drive.google.com/file/d/13uYvVNcxBX0THNxve7Kjey7l0IiUGLQ_/view?usp=drivesdk
85,Half-Zip Pullover,Clothing,M,"A long-sleeve, maroon half-zip pullover with a yellow zipper and subtle diagonal patterns.",Maroon,39,13.11,85.jpg,https://drive.google.com/file/d/1BdSa1scZgoYQpofAxt-NBfqz-u-4LG6D/view?usp=drivesdk
86,Slim Fit Jeans,Clothing,L,Dark blue slim fit jeans with contrast stitching.,Blue,13,13.83,86.jpg,https://drive.google.com/file/d/1Kh9qeMcpTHpu3qbkbz0fgc77pkJB5Noq/view?usp=drivesdk
87,Checkered Trousers,Clothing,L,Men's slim-fit checkered trousers with a formal design.,Black,9,16.97,87.jpg,https://drive.google.com/file/d/1ovCT-UX6-h2dX-yX0_ECGIiC0jbnD-xZ/view?usp=drivesdk
88,Men's Jeans,Clothing,M,A pair of slim-fit men's jeans with a faded wash effect.,Blue,18,37.17,88.jpg,https://drive.google.com/file/d/1WH3bnBdgWcxkGvnfvTMLK62l70_QaIOC/view?usp=drivesdk
89,Open Front Cardigan,Clothing,XL,"A long-sleeve, open front cardigan with a draped design.",Black,13,27.84,89.jpg,https://drive.google.com/file/d/1n9EXeAECoIOqf2mOWX8zF3bZrd4IOHaQ/view?usp=drivesdk
90,Casual Shirt,Clothing,L,A long-sleeve casual shirt with a front pocket and button-down design.,Blue,30,33.92,90.jpg,https://drive.google.com/file/d/15SBZEykEWn7CK78Y7fjch2wZse2f9fHQ/view?usp=drivesdk
91,Polo Shirt,Clothing,XL,A short-sleeve maroon polo shirt with a collar and button placket.,Maroon,34,40.35,91.jpg,https://drive.google.com/file/d/11lAvuKAUsusjlU0Miv9WlYZ_FiFO1Hx0/view?usp=drivesdk
92,V-neck Sweater,Clothing,M,A black long-sleeve V-neck sweater made from a fine knit fabric.,Black,44,41.85,92.jpg,https://drive.google.com/file/d/1FrlXBeKqhT8_1yzr_KK76IsHEWew0Rlu/view?usp=drivesdk
93,White Polo,Clothing,M,A white short-sleeve polo shirt with red trim on the collar and sleeves.,White,11,31.07,93.jpg,https://drive.google.com/file/d/1Hp99jF-tIGoneBpi4cGr2xqZaTt5eZMM/view?usp=drivesdk
94,Printed T-shirt,Clothing,S,A short-sleeved T-shirt featuring an intricate dark floral and geometric print on a muted brown background.,Brown,25,34.57,94.jpg,https://drive.google.com/file/d/1raSgzXaipRvMW0CSzwbFKJvC7tNFUG91/view?usp=drivesdk
95,Key Print T-shirt,Clothing,S,A black short-sleeve t-shirt featuring a large white graphic print of two keys on a chain.,Black,41,13.65,95.jpg,https://drive.google.com/file/d/1g60eyJKPx2qc4txmXiOjqOmdzf4nNrZn/view?usp=drivesdk
96,Green Polo,Clothing,L,A green short-sleeve polo shirt with yellow trim on the collar and sleeves.,Green,30,43.49,96.jpg,https://drive.google.com/file/d/1vD6ZHWQkd0D-vEV7O1j7OyaJKwNkFT-0/view?usp=drivesdk
97,Sporty Wristwatch,Clothing,L,A sporty wristwatch featuring a black dial with silver numerals and a red strap.,Red,5,40.95,97.jpg,https://drive.google.com/file/d/1nBSiyABGvY9JLtlPRom1uId09NWdE5-R/view?usp=drivesdk
98,Black Sports Watch,Clothing,M,"A black sports watch with a round dial, luminous markers, and a black rubber strap.",Black,5,13.95,98.jpg,https://drive.google.com/file/d/1l67gVjEnhKveVJeOQyDWcoXomOHHCLYx/view?usp=drivesdk
99,Beaded Sandal,Clothing,XL,"A flat sandal with a brown sole, beige straps, and decorative wooden beads on the front strap.",Brown,31,11,99.jpg,https://drive.google.com/file/d/1HOGaUx3sY568o72MCiXZVniHAzO-5Wcv/view?usp=drivesdk
100,Graphic Hoodie,Clothing,M,A navy blue hoodie featuring a front graphic print with pink and white text and images.,Blue,15,42.35,100.jpg,https://drive.google.com/file/d/1W1LJrjxnTEXhGgLr0cr7fFGyyGxwaF7s/view?usp=drivesdk
101,Draped Cardigan,Clothing,S,A black open-front draped cardigan with long sleeves.,Black,44,19.78,101.jpg,https://drive.google.com/file/d/1DbDiPHBE1WlBezuUf-eYuooE94AgtNCH/view?usp=drivesdk
102,Checked Shirt,Clothing,L,A short-sleeve blue checked shirt with a button-down front and a chest pocket.,Blue,19,45.75,102.jpg,https://drive.google.com/file/d/1XjlW9SuCkdLYecMdJ_kcUl-NnqLLCj3z/view?usp=drivesdk
103,Plaid Shirt,Clothing,S,Men's long-sleeve plaid shirt with rolled-up sleeves and button closure.,Blue,25,13.74,103.jpg,https://drive.google.com/file/d/1aonWOd_9mArtBP-BpDqLorNSISw_EzPJ/view?usp=drivesdk
104,Checked Shirt,Clothing,L,Short-sleeve button-up shirt with a green and blue checkered pattern.,Green,16,46.9,104.jpg,https://drive.google.com/file/d/1n7mniT_iasYltirzHFHhvTIsLV9TLgkv/view?usp=drivesdk
105,Polo Shirt,Clothing,XL,A red short-sleeve polo shirt with a contrasting dark collar and printed design on the chest.,Red,48,24.66,105.jpg,https://drive.google.com/file/d/1Hr6iqIoCFpVsdrc07YAGCfYTHI1qYncj/view?usp=drivesdk
106,Graphic T-shirt,Clothing,L,White short-sleeve t-shirt with colorful graphic print and text on the front.,White,25,15.78,106.jpg,https://drive.google.com/file/d/1UO8Ai_oj8P9sRpyp1zb8WWx8oYzAXE7i/view?usp=drivesdk
107,Graphic T-shirt,Clothing,M,A blue short-sleeve crew neck t-shirt with white printed text and graphics on the front.,Blue,3,44.42,107.jpg,https://drive.google.com/file/d/1Fer5kebKFLEA0S8T6gXVD5r81SdNWccR/view?usp=drivesdk
108,Graphic Longsleeve,Clothing,S,A red long-sleeve t-shirt featuring a colorful graphic print on the front.,Red,48,19.92,108.jpg,https://drive.google.com/file/d/13jn3t1t5xNlaGNNgKi31BZO4WHjoDrjC/view?usp=drivesdk
109,Black Henley Tee,Clothing,L,A fitted black short-sleeve Henley t-shirt with a buttoned placket.,Black,37,15.35,109.jpg,https://drive.google.com/file/d/1u0ZZbtI5APbIuR3khxiu5eiWhH4aO-dF/view?usp=drivesdk
110,Casual Sneakers,Clothing,M,Black casual sneakers with blue accents and lace-up design.,Black,29,46.54,110.jpg,https://drive.google.com/file/d/1YehJmZS7ECRvDLasStX9UrLgsEbR5Mfy/view?usp=drivesdk
111,Black Loafer,Clothing,L,A sleek black leather loafer with a low heel and slip-on design.,Black,12,11.93,111.jpg,https://drive.google.com/file/d/1lIyImVNgzIhedKhJTdGvQAvCZTfObMm9/view?usp=drivesdk
112,Brown Loafers,Clothing,XL,A pair of brown leather slip-on loafers with a low heel and rounded toe.,Brown,28,40.61,112.jpg,https://drive.google.com/file/d/10-mOrLZ1fRCdRdBlXffnDINUTzYJlp06/view?usp=drivesdk
113,Black Ankle Boot,Clothing,XL,A sleek black leather ankle boot with a low heel and elastic side panels.,Black,38,20.11,113.jpg,https://drive.google.com/file/d/1cmWdEgH8nUm6Z-gFfQI8NWVIddiOyFnK/view?usp=drivesdk
114,Pointed Dress Shoe,Clothing,S,A sleek black pointed dress shoe with lace-up closure and a smooth leather finish.,Black,8,20.15,114.jpg,https://drive.google.com/file/d/1nLheblPWmdwd6wFQ4Kvf4VJ5FTjTytMY/view?usp=drivesdk
115,Black Leather Shoe,Clothing,XL,A sleek black leather lace-up shoe with a low heel and smooth finish.,Black,7,11.09,115.jpg,https://drive.google.com/file/d/1kBJRUN4qlqjYAVdIYUPlpPeM6qwvdjiB/view?usp=drivesdk
116,Leather Slide,Clothing,L,A brown leather slide sandal with a black sole and open toe design.,Brown,46,47.15,116.jpg,https://drive.google.com/file/d/1xTebNciIOQ1B48aAxB_cqrrVH_FXVohC/view?usp=drivesdk
117,Black Dress Shoe,Clothing,M,A sleek black leather dress shoe with lace-up closure and subtle stitching details.,Black,43,35.39,117.jpg,https://drive.google.com/file/d/1hJhOAVC4ycWv7NsdmfWNghsboZA_tp7D/view?usp=drivesdk
118,Perforated Loafers,Clothing,M,Black perforated leather loafers with a decorative strap and metal buckle detail.,Black,23,22.36,118.jpg,https://drive.google.com/file/d/1qKhKI09Tv67Tn1PrnLpQx_tCV-OSMGYx/view?usp=drivesdk
119,Striped Dress Shirt,Clothing,L,"A long-sleeve, button-up dress shirt with a subtle striped pattern.",Light Purple,25,16.5,119.jpg,https://drive.google.com/file/d/1zmtglsD2YkswDKm4Cjsq1d7UbKHTTF4z/view?usp=drivesdk
120,Striped Dress Shirt,Clothing,M,A long-sleeve dress shirt with vertical blue and white stripes.,Blue,47,19.62,120.jpg,https://drive.google.com/file/d/1y0aef1uDK1O3i9QY3Wf0z2SMiPnVsO9z/view?usp=drivesdk
121,Striped Shirt,Clothing,XL,A long-sleeve button-up shirt with thin vertical blue and white stripes.,Blue,28,48.74,121.jpg,https://drive.google.com/file/d/1c-e0YwNwLHjYMNh0DVOmOxY39IkMK5Z5/view?usp=drivesdk
122,Basic Leggings,Clothing,S,"A pair of plain, fitted leggings in a solid color.",Navy Blue,9,23.04,122.jpg,https://drive.google.com/file/d/1VQtkHZBBcNgB1jKMc0pmFZgEh7MC6H6Y/view?usp=drivesdk
123,Solid Leggings,Clothing,M,A pair of fitted solid color leggings in a vibrant purple shade.,Purple,6,10.92,123.jpg,https://drive.google.com/file/d/1F9aev-8asKEhgye7CIKm8JqrJg6rQr6c/view?usp=drivesdk
124,Plaid Shirt,Clothing,L,A long-sleeve button-up shirt with a blue and white plaid pattern.,White,0,27.18,124.jpg,https://drive.google.com/file/d/1otvTkOKINHKda4k9pRu-3rnOhkxByxVW/view?usp=drivesdk
125,Striped Polo,Clothing,S,A short-sleeve polo shirt with horizontal white and blue stripes and a white collar.,Blue,35,24.21,125.jpg,https://drive.google.com/file/d/19qkOrpi55O6-jk7mmoEHaq1Fntwin6Ll/view?usp=drivesdk
126,Men's Trousers,Clothing,M,A pair of formal men's trousers in a straight fit.,Brown,9,40.95,126.jpg,https://drive.google.com/file/d/1q-Gc89aD_Jeqks7bZLoNWpTicsb18Zt8/view?usp=drivesdk
127,Formal Pants,Clothing,S,A pair of navy blue formal pants with a straight fit.,Navy Blue,18,23.01,127.jpg,https://drive.google.com/file/d/1Ed6qipGNajHXuKaYK96nQmeDcHDnohgi/view?usp=drivesdk
128,casual pants,Clothing,M,A pair of dark-colored casual pants with a button and zipper closure.,Black,11,40,128.jpg,https://drive.google.com/file/d/1-qrR_g1BXXg8lG8bqbIM__7chf2YcALw/view?usp=drivesdk
129,Chino Pants,Clothing,S,Light beige chino pants with a straight fit and button closure.,Beige,36,44.43,129.jpg,https://drive.google.com/file/d/1NFl9UWKzNGXQG0m9lmuOkOTMO5ak7zrm/view?usp=drivesdk
130,Men's Trousers,Clothing,L,"A pair of men's straight-fit trousers in a solid color, suitable for formal or casual wear.",Olive,16,17.14,130.jpg,https://drive.google.com/file/d/14jDaQ4Kpq1wimZEm9EapbkjuN0sUVUiR/view?usp=drivesdk
131,Men's Chinos,Clothing,L,A pair of men's slim-fit chinos with a button and zipper closure.,Brown,45,21.36,131.jpg,https://drive.google.com/file/d/14hXnWsgF9QbrdbIKgihn4SNgSe0CcET8/view?usp=drivesdk
132,Formal Shirt,Clothing,L,A long-sleeve formal shirt with a button-down front and a chest pocket.,Maroon,21,36.65,132.jpg,https://drive.google.com/file/d/16I_D7ECwx_ltUljoYM9fzQR6rkCTX_cc/view?usp=drivesdk
133,Striped Shirt,Clothing,M,A long-sleeve button-up shirt with vertical blue and orange stripes.,Blue,26,10.21,133.jpg,https://drive.google.com/file/d/1qGD5F7_-0gq_c_DiR4mFWzCclogLdWPm/view?usp=drivesdk
134,Formal Trousers,Clothing,M,A pair of black formal trousers with a slim fit design.,Black,10,23.46,134.jpg,https://drive.google.com/file/d/13wacZk0mqBFjPFitGTQRGbyTdDAJlmy9/view?usp=drivesdk
135,Formal Trousers,Clothing,XL,A pair of black formal trousers with a slim fit design.,Black,8,28.55,135.jpg,https://drive.google.com/file/d/12GQGs4EV-Ug1wIZkXHahKqljQ8npxZ6M/view?usp=drivesdk
136,Striped Dress Shirt,Clothing,XL,"A long-sleeve, button-up dress shirt with subtle vertical stripes in a maroon shade.",Maroon,50,47.67,136.jpg,https://drive.google.com/file/d/1KIe0SBlZxHrA3vngnpm545Lo7xL4g3Bm/view?usp=drivesdk
137,Plaid Tie Dress,Clothing,L,"A fitted dress featuring a black, white, and gray plaid pattern with a front tie detail and three-quarter sleeves.",Black,40,22.81,137.jpg,https://drive.google.com/file/d/1JnczXVCaBmRJtPvdZsFReObIqpKs2f6F/view?usp=drivesdk
138,Checkered Dress Shirt,Clothing,XL,A light blue checkered short-sleeve dress shirt with a classic collar and button front.,Light Blue,17,29.64,138.jpg,https://drive.google.com/file/d/1EYIHakCBoBFu7IVIk38DLjFPk5Ng6nJ1/view?usp=drivesdk
139,White Shirt,Clothing,S,A classic white short-sleeve button-up shirt with a front pocket.,White,17,25.14,139.jpg,https://drive.google.com/file/d/1S6od4vqPKB302WavIytOX8_4hK5exHZ9/view?usp=drivesdk
140,Plaid Waistcoat,Clothing,S,"A sleeveless plaid waistcoat with button closure, worn over a white shirt.",Dark Green,4,31.83,140.jpg,https://drive.google.com/file/d/1uZFwLBU0IAMJW37niyBgFz9JRYN3ilUD/view?usp=drivesdk
141,White Shirt,Clothing,L,A classic white button-up shirt with long sleeves rolled up.,White,8,29.94,141.jpg,https://drive.google.com/file/d/1QgH0AgV5TMgycGI4mDd1OskZ-POfITs5/view?usp=drivesdk
142,Leather Dress Shoe,Clothing,S,A black leather lace-up dress shoe with detailed stitching and a low heel.,Black,21,17.29,142.jpg,https://drive.google.com/file/d/1duceiw0Ymx9FB6bHDFnI1gNcfVSxMme1/view?usp=drivesdk
143,Leather Slip-On,Clothing,S,A black leather slip-on shoe with a sleek design and stitched detailing.,Black,3,34.12,143.jpg,https://drive.google.com/file/d/1YetpqFmJoOW53k0Ux97o-5yG42ETj7yT/view?usp=drivesdk
144,Men's Dress Shoe,Clothing,XL,A sleek brown leather men's dress shoe with lace-up closure and perforated detailing.,Brown,5,46.04,144.jpg,https://drive.google.com/file/d/1tPjbw6zTEYwyJXxIig1FBshJjueJYsCn/view?usp=drivesdk
145,Pink Hoodie,Clothing,S,A bright pink hoodie with a front pocket and a drawstring hood featuring a rhinestone Puma logo.,Pink,20,24.54,145.jpg,https://drive.google.com/file/d/1h356w1LKwyehtcwnGOD22xqDKbP0geLW/view?usp=drivesdk
146,Puma Track Jacket,Clothing,M,A black zip-up track jacket with white stripes on the sleeves and a Puma logo on the chest.,Black,26,24.7,146.jpg,https://drive.google.com/file/d/1B7MtdNkDTLuIVW4L0k_qM0jBhTJwajt6/view?usp=drivesdk
147,Purple Track Jacket,Clothing,XL,A purple zip-up track jacket with light purple stripes along the sleeves.,Purple,4,35.64,147.jpg,https://drive.google.com/file/d/1th3Acnt9Dzo92dExjHRlq9_cxaa2gavV/view?usp=drivesdk
148,Puma Sweatshirt,Clothing,L,A grey long-sleeve sweatshirt with a round neck and Puma branding on the front.,Grey,37,22.16,148.jpg,https://drive.google.com/file/d/1XQXOf5u9hmuRP1wSpKQkbkQtAhN9Msn3/view?usp=drivesdk
149,Black Zip Jacket,Clothing,S,A black full-zip jacket with long sleeves and a small logo on the chest.,Black,43,42.85,149.jpg,https://drive.google.com/file/d/141pDAebCdcD5VXsTs4bFGOJpV_KO7DmX/view?usp=drivesdk
150,Grey Sweatpants,Clothing,S,Comfortable grey sweatpants with an elastic waistband and relaxed fit.,Grey,32,11.02,150.jpg,https://drive.google.com/file/d/1YRC7WqO9ixmNDvUlB4IJOlON6W7sNpxD/view?usp=drivesdk
151,Men's Sweatpants,Clothing,S,Comfortable men's sweatpants with an elastic waistband in a relaxed fit.,Navy Blue,20,36.69,151.jpg,https://drive.google.com/file/d/15zy49rlQBFVJifLiBuJXZURt4g4f9V51/view?usp=drivesdk
152,Graphic T-shirt,Clothing,M,A white short-sleeve T-shirt featuring a rectangular graphic design with wavy brown lines on the front.,White,48,46.71,152.jpg,https://drive.google.com/file/d/1ej3KmIdAz8MOgBPLTDHWsn2qSCn3lsbe/view?usp=drivesdk
153,Buttoned Cardigan,Clothing,M,A long-sleeve knitted cardigan with a blue and black pattern and button closure.,Blue,46,28.48,153.jpg,https://drive.google.com/file/d/1rvSu4GfFsKiyqHg5_BlWtbydh6NLK8m6/view?usp=drivesdk
154,Plaid Shorts,Clothing,S,"Men's knee-length shorts featuring a multicolor plaid pattern with shades of yellow, blue, and white.",Yellow,2,26.11,154.jpg,https://drive.google.com/file/d/1DzV5bqNbCb_WymvmBe1z8iES_FfCiOBL/view?usp=drivesdk
155,Half-Zip Sweater,Clothing,L,A blue half-zip sweater with ribbed cuffs and hem.,Blue,44,43,155.jpg,https://drive.google.com/file/d/1HyeBiX1g4by4GX3Eb_V__z_oyc39tnha/view?usp=drivesdk
156,Checked Shirt,Clothing,XL,A long-sleeve button-up shirt with a green and white checked pattern.,Green,47,36.81,156.jpg,https://drive.google.com/file/d/17jU0wAmSJ0XYjhbmL857B6ArL_AAqIvG/view?usp=drivesdk
157,Distressed Jeans,Clothing,L,A pair of blue distressed denim jeans with a slightly faded and worn look.,Blue,20,25.98,157.jpg,https://drive.google.com/file/d/1o7CeMZ5Wba4DJziSEhhcYGVT34yfIlIo/view?usp=drivesdk
158,Faded Blue Jeans,Clothing,L,A pair of slim-fit blue jeans with a faded wash effect.,Blue,3,14.59,158.jpg,https://drive.google.com/file/d/1wOT_b9YZX7U1DKKoFp9nbk3qOpsuGQIJ/view?usp=drivesdk
159,Dark Wash Jeans,Clothing,M,A pair of dark wash denim jeans with a slim fit and slight fading on the thighs.,Blue,45,20.71,159.jpg,https://drive.google.com/file/d/103n-oO-Tv61zse2HbZCPKkBQqTtdNOUi/view?usp=drivesdk
160,Nike Windbreaker,Clothing,M,A bright pink lightweight Nike windbreaker jacket with a hood and front zipper.,Pink,0,34.47,160.jpg,https://drive.google.com/file/d/1wFJG81r95TcuPZh19Zv8qv3g4gegHxyK/view?usp=drivesdk
161,Nike Windbreaker,Clothing,XL,"A Nike windbreaker jacket featuring a zip-up front, hood with drawstrings, and a color-block design in red and navy blue.",Navy Blue,13,37.23,161.jpg,https://drive.google.com/file/d/1UbRZ4KjVm7vEvMNsXRPeWbTQvRoiUJJe/view?usp=drivesdk
162,Nike Windbreaker Jacket,Clothing,XL,A green and black Nike windbreaker jacket with a front zipper and hood.,Green,21,26.94,162.jpg,https://drive.google.com/file/d/18l2Y4GcLRUc5joiDlj93ws8UHCbbfSJz/view?usp=drivesdk
163,Yoga Pants,Clothing,S,Black high-waisted yoga pants with a slight flare at the bottom and a small pink Nike logo on the waistband.,Black,19,20.84,163.jpg,https://drive.google.com/file/d/1B9nsf7ABg7kuVbGVsaCtC0X0hHP7LnL7/view?usp=drivesdk
164,Nike Track Pants,Clothing,L,Black Nike track pants with an elastic waistband and a white swoosh logo on the right thigh.,Black,12,16.59,164.jpg,https://drive.google.com/file/d/1-w-ODpYeM2ThyZn6jOw3Zk5_qIRgY7YJ/view?usp=drivesdk
165,Manchester Shorts,Clothing,S,Black athletic shorts featuring the Manchester United logo and a Nike swoosh.,Black,6,35.08,165.jpg,https://drive.google.com/file/d/1ce-3sEdR_W-DokzWilOMIzhAy3Cdy6ze/view?usp=drivesdk
166,Checkered Skirt,Clothing,S,A checkered skirt with a black waistband and a red bow detail.,Gray,34,43.34,166.jpg,https://drive.google.com/file/d/1MgZDY8jfYR9WERet5ybVSzhlWCDwZYzg/view?usp=drivesdk
167,Plaid Skirt,Clothing,XL,A pleated skirt featuring a red and navy blue plaid pattern with button details at the waistband.,Blue,13,40.82,167.jpg,https://drive.google.com/file/d/1qHv71RvbcdDvLAgdDpyoAyHlqtsJu8CD/view?usp=drivesdk
168,Printed Sundress,Clothing,S,"A white sundress with purple straps, button details, and colorful floral and butterfly prints.",White,9,28.14,168.jpg,https://drive.google.com/file/d/1NWL01oXHGBRglByXiOryLuvy71NDS2R4/view?usp=drivesdk
169,Striped Shirt,Clothing,L,A blue and white vertically striped button-up shirt with rolled-up sleeves.,Blue,4,11.42,169.jpg,https://drive.google.com/file/d/1pNX7bH6kw9FAJDxcioWoOsIQA9aOnK2h/view?usp=drivesdk
170,Plaid Shirt,Clothing,M,A long-sleeve button-up plaid shirt with a chest pocket.,Blue,3,37.46,170.jpg,https://drive.google.com/file/d/1QHbyoQXeTqn_6zxDS6s7txz-w_OxdX2A/view?usp=drivesdk
171,Adidas Running Shoe,Clothing,M,A black Adidas running shoe featuring a leather upper and cushioned sole for comfort and support.,Black,16,36.47,171.jpg,https://drive.google.com/file/d/1iaR8R_FjGj8rTRpRC58CUHyNNQ-ernnC/view?usp=drivesdk
172,Striped Sweater Vest,Clothing,XL,A black V-neck sweater vest with two horizontal grey stripes across the chest.,Black,10,28.49,172.jpg,https://drive.google.com/file/d/1SZzYJGRzG9omOyN1SpNqNeAo93MjgsUw/view?usp=drivesdk
173,Plaid Shirt,Clothing,S,A men's long-sleeve plaid shirt with buttoned chest pockets and rolled-up sleeves.,Blue,34,30.2,173.jpg,https://drive.google.com/file/d/1aYvugfG4wVo6BFZpusnREkGzusw4f3h6/view?usp=drivesdk
174,Square Dial Watch,Clothing,L,A silver metal watch with a square black dial and red accents.,Silver,23,22.7,174.jpg,https://drive.google.com/file/d/13OS9kGkTtjrs0Sx6-pUcjGE1VvXLQAbP/view?usp=drivesdk
175,Casual Sneaker,Clothing,L,"A black casual sneaker with white laces, brown side stripe, and a white sole.",Black,4,11.76,175.jpg,https://drive.google.com/file/d/11skRzq1h7pcRRJtXdpaTO5aQkuiTVQUS/view?usp=drivesdk
176,Casual Sneaker,Clothing,L,A black casual sneaker with green accents and a white sole.,Black,2,21.84,176.jpg,https://drive.google.com/file/d/10LDPzYudkCCDo8BWmdwKQUJ4HJFXipeD/view?usp=drivesdk
177,Fur Trim Boots,Clothing,XL,Soft brown boots with quilted fabric and fur trim around the ankle.,Brown,15,20.1,177.jpg,https://drive.google.com/file/d/1eqkUz1_FCaLebr7KsD8Ii7qcgbzikrGt/view?usp=drivesdk
178,Grey Hoodie,Clothing,S,"A grey pullover hoodie with a front zipper and drawstrings, featuring a patch on the sleeve and a small label near the hem.",Grey,0,16.86,178.jpg,https://drive.google.com/file/d/1yFZ8U8cHov0PIUlBLQYXMCGKRbIFQ-BP/view?usp=drivesdk
179,Track Jacket,Clothing,M,White track jacket with blue stripes on the sleeves and a front zipper.,White,15,21.28,179.jpg,https://drive.google.com/file/d/1nl8b8LsljdAjcySYg3sKJ3eCMMp812rP/view?usp=drivesdk
180,Half-Zip Sweater,Clothing,S,"A black long-sleeve half-zip sweater with ribbed cuffs and hem, featuring subtle stripes on the sleeves.",Black,33,36.15,180.jpg,https://drive.google.com/file/d/1aqilbiNpAjNnttgUMXv3p4kbCTJc5WGp/view?usp=drivesdk
181,Striped Hoodie,Clothing,XL,"A white hoodie featuring horizontal stripes in black, yellow, maroon, and red across the front.",White,38,15.37,181.jpg,https://drive.google.com/file/d/1wtH2kv4oLz3wfn4xOGQ1YGYctiu1Gkwi/view?usp=drivesdk
182,Track Jacket,Clothing,S,Black track jacket with white stripes on the sleeves and a front zipper.,Black,44,18.67,182.jpg,https://drive.google.com/file/d/1gqRZCIrM1_a6SA-Fgik6H-ZLxO4wteHk/view?usp=drivesdk
183,Athletic Shorts,Clothing,L,Black athletic shorts with white piping detail and an elastic waistband.,Black,43,49.02,183.jpg,https://drive.google.com/file/d/1GcfFoiKS6A1knYUZWAqZfvWK1xXl-9WA/view?usp=drivesdk
184,Track Jacket,Clothing,XL,A navy blue lightweight track jacket with white stripes on the sleeves and a front zipper.,Navy Blue,37,10.61,184.jpg,https://drive.google.com/file/d/1fJbvRsfBLd-wct3Kfrv_A5rEpdmsu4R1/view?usp=drivesdk
185,Leather Casual Shoe,Clothing,M,A brown leather casual shoe with lace-up closure and detailed stitching.,Brown,48,27.61,185.jpg,https://drive.google.com/file/d/1dBBCmx8acttzmDM4etQzbS5KqgjGk6l_/view?usp=drivesdk
186,Leather Oxford,Clothing,XL,A brown leather Oxford shoe with lace-up closure and a black sole.,Brown,38,13.29,186.jpg,https://drive.google.com/file/d/1IA5NDcqcrzgn7U2croslCu-A1ISGWGD0/view?usp=drivesdk
187,Beaded Kitten Heel,Clothing,M,A brown kitten heel sandal with multicolored bead embellishments on the strap.,Brown,5,18.86,187.jpg,https://drive.google.com/file/d/1hwyGwg45D4bNGP1Mosrz0Sgroeem5R-e/view?usp=drivesdk
188,Running Shoe,Clothing,S,A black and silver running shoe with mesh fabric and synthetic overlays for breathability and support.,Black,26,23.98,188.jpg,https://drive.google.com/file/d/1ZOJf8ENEd5jfl-XPYpv5ijDyIavcN-y5/view?usp=drivesdk
189,Denim Shorts,Clothing,L,A pair of blue denim shorts with an elastic waistband and front pockets.,Blue,1,22.12,189.jpg,https://drive.google.com/file/d/1DgFs9vAk7AguNJtBn0cCS8Z3d_Q7Wmom/view?usp=drivesdk
190,Graphic Hoodie,Clothing,L,Blue hoodie with front pocket and red graphic print featuring the numbers 1976 and text.,Blue,6,11.09,190.jpg,https://drive.google.com/file/d/1QaDgF-I9cyulEoi3FWCPfGx3VxvytQOI/view?usp=drivesdk
191,Graphic Hoodie,Clothing,S,Blue hoodie with front pocket and red graphic print featuring the year 1976.,Blue,23,35.8,191.jpg,https://drive.google.com/file/d/11rWXqanZlnGXxi9MjH8RRvIajJUCdInD/view?usp=drivesdk
192,Cargo Pants,Clothing,S,Black cargo pants with multiple pockets and a button closure.,Black,19,17.21,192.jpg,https://drive.google.com/file/d/1lEMbXRVP30yq7nIufD__X6XZg2P_T0Qi/view?usp=drivesdk
193,Denim Shorts,Clothing,S,A pair of blue denim shorts with front pockets and a button closure.,Blue,12,42.71,193.jpg,https://drive.google.com/file/d/1uX_XsyqnSxIPoDtDw5GWvgarxidvsnJN/view?usp=drivesdk
194,Sleeveless Hoodie,Clothing,L,A white sleeveless hoodie with a front zipper and drawstrings.,White,27,37.7,194.jpg,https://drive.google.com/file/d/1tB4uvWdUX-VNJwYKiPTnGsH-sc1iGpmT/view?usp=drivesdk
195,Pleated Mini Skirt,Clothing,M,A pink pleated mini skirt with a button and pocket details.,Pink,19,10.75,195.jpg,https://drive.google.com/file/d/1bgimwL-2Hwl7s8n-oOX2rexjLHhfsDBS/view?usp=drivesdk
196,Pleated Mini Skirt,Clothing,L,A pink pleated mini skirt with a button and pocket details.,Pink,19,33.38,196.jpg,https://drive.google.com/file/d/1qOP2YJduoG5ioQRnQsR22E3Jdf8QdIjk/view?usp=drivesdk
197,Vintage Sweatshirt,Clothing,M,Black long-sleeve sweatshirt with red stripes on sleeves and vintage text graphic on the front.,Black,30,39.53,197.jpg,https://drive.google.com/file/d/1z6LiZl8RETeyOvoGoYSR6q8DCyK4vyhP/view?usp=drivesdk
198,Cargo Shorts,Clothing,L,White cargo shorts with buttoned side pockets and front button closure.,White,11,42.67,198.jpg,https://drive.google.com/file/d/1eVI2IwHpDcRcU64wAPti7n1kvP2-xs8K/view?usp=drivesdk
199,Cargo Shorts,Clothing,S,White cargo shorts with side pockets and a black striped belt.,White,11,40.27,199.jpg,https://drive.google.com/file/d/1i9Cue27C6RQWWWSIBrgiflNiCU3X5z4X/view?usp=drivesdk
200,Cargo Shorts,Clothing,M,Beige cargo shorts with multiple pockets and a striped belt.,Beige,9,12.82,200.jpg,https://drive.google.com/file/d/10O8wdrsywTkbZjDjV8KxKIXlECmr9Qqe/view?usp=drivesdk
201,Cargo Shorts,Clothing,S,Beige cargo shorts with side pockets and a black striped belt.,Beige,40,44.13,201.jpg,https://drive.google.com/file/d/119aw81uaDg0Jcb1UmHDh6VoKKH_v_Dfd/view?usp=drivesdk
202,Pleated Skirt,Clothing,L,A red pleated skirt with an elastic waistband and button detail.,Red,39,19.92,202.jpg,https://drive.google.com/file/d/1jthUxAD32QWIpSWamFaMv0aOh3pY3t5w/view?usp=drivesdk
203,Pleated Skirt,Clothing,S,A red pleated skirt with a wide waistband and button detail.,Red,11,15.5,203.jpg,https://drive.google.com/file/d/15kBvnVh14-l3PvJ87sJObZIgEkNuyNI2/view?usp=drivesdk
204,Black Pants,Clothing,XL,A pair of black pants with a striped belt.,Black,36,20.3,204.jpg,https://drive.google.com/file/d/1t4N3v1NpgVBtElMzbw7S9V2xWhsBV3uF/view?usp=drivesdk
205,Sleeveless Dress,Clothing,XL,A white sleeveless dress with a round neckline and a small red flower embellishment near the collar.,White,3,22.19,205.jpg,https://drive.google.com/file/d/1rC5SkWuz5BDF9uhJFooabdnb9_2zQTat/view?usp=drivesdk
206,Striped Shirt,Clothing,S,"A short-sleeve button-up shirt with pink, white, and blue vertical stripes and two front pockets.",Pink,11,21.09,206.jpg,https://drive.google.com/file/d/1RmVwe9Fb8jSCFej_GMgZ1PNM4lu-a6in/view?usp=drivesdk
207,Black Skirt,Clothing,XL,A black pleated skirt with an elastic waistband and button detail.,Black,29,40.68,207.jpg,https://drive.google.com/file/d/1xPDZSh3lBeE-rM5bGuJaaoKM8Xrqk_bC/view?usp=drivesdk
208,Black Skirt,Clothing,XL,A black pleated skirt with an elastic waistband and button detail.,Black,42,24.14,208.jpg,https://drive.google.com/file/d/1rP9p9AcRYopm392Ho6y2l37hlUr_qr9N/view?usp=drivesdk
209,casual sneaker,Clothing,L,A casual sneaker featuring a combination of mesh and suede materials with a lace-up design.,Gray,8,26.57,209.jpg,https://drive.google.com/file/d/1Yf7MPxgh8Z5hB-x9hlxfHwiMCtIo2w-Z/view?usp=drivesdk
210,Athletic Sneaker,Clothing,L,A gray athletic sneaker with mesh panels and teal accents designed for outdoor activities.,Gray,44,49.79,210.jpg,https://drive.google.com/file/d/1vSdYJQYPAMPZrl4q8uR_5TensxSrfC8Z/view?usp=drivesdk
211,Light Blue Polo,Clothing,L,A light blue short-sleeve polo shirt with a collar and button placket.,Light Blue,18,34.47,211.jpg,https://drive.google.com/file/d/1K6k_oNgeBas870oNy0bJ47DVixpQ6BgF/view?usp=drivesdk
212,White Polo,Clothing,S,A white short-sleeve polo shirt with a buttoned placket and collar.,White,43,29.59,212.jpg,https://drive.google.com/file/d/1zkZ9NX07N38NRGX6ZIBEzNLLreRSMMwm/view?usp=drivesdk
213,Plaid Shirt,Clothing,L,A long-sleeve button-up shirt with a blue and pink plaid pattern.,Blue,16,27.25,213.jpg,https://drive.google.com/file/d/1DERbx9AKZDmZfKj1mgXuP-Y7_NlewhFU/view?usp=drivesdk
214,Wedge Sandal,Clothing,L,A women's wedge sandal with a white twisted strap and a brown footbed.,White,45,16.47,214.jpg,https://drive.google.com/file/d/1hhVGChUfHIyfkue3PaAltSaPuALuwqJH/view?usp=drivesdk
215,Striped Shirt,Clothing,S,A blue button-up shirt with red vertical stripes and rolled-up sleeves.,Blue,41,11.9,215.jpg,https://drive.google.com/file/d/19kVoi0bdU9R5OtvfmN2bj7jNAX9oxHFV/view?usp=drivesdk
216,Pleated Shorts,Clothing,XL,Men's blue pleated shorts with a button closure and belt loops.,Blue,7,32.79,216.jpg,https://drive.google.com/file/d/1vfNSW_x2DubOKm9QxAbJv_4tyXgRzEcK/view?usp=drivesdk
217,Denim Skirt,Clothing,M,A light blue denim skirt with front pockets and button closure.,Blue,47,40.76,217.jpg,https://drive.google.com/file/d/1iGo83gfc9YdApwc8-Xe75qOFVy60Nr91/view?usp=drivesdk
218,Denim Skirt,Clothing,L,A light blue denim skirt with front pockets and a button closure.,Blue,7,36.37,218.jpg,https://drive.google.com/file/d/1NT8M2XLfueMUBwWQqjinzUAzr-uzFnmS/view?usp=drivesdk
219,Denim Skirt,Clothing,L,A light blue denim mini skirt with front pockets and button closure.,Blue,23,36.49,219.jpg,https://drive.google.com/file/d/1xSK8FsbBEa9bwBzCsPFsUg9Z4Z0qWylv/view?usp=drivesdk
220,Striped Sweater,Clothing,S,"A long-sleeve sweater with horizontal stripes in white, gray, and a single green stripe across the chest.",White,13,37.72,220.jpg,https://drive.google.com/file/d/1_C01u21uY4dPpmaf4T7Mreg4aw4RXH1_/view?usp=drivesdk
221,Metallic Knot Sandal,Clothing,XL,A flat sandal featuring a metallic finish with a knotted strap design.,Bronze,40,44.31,221.jpg,https://drive.google.com/file/d/1cyS3kccR5loUQXKslFtop1RNvXn0vDFG/view?usp=drivesdk
222,Basic T-Shirts,Clothing,S,"Set of three men's basic crew neck t-shirts in black, white, and grey colors.",Multi-color,16,16.89,222.jpg,https://drive.google.com/file/d/1wEYbIDrTFhurQ6Y907Vb7gqaovaGrrYl/view?usp=drivesdk
223,Running Shoe,Clothing,L,A white running shoe with black stripes and orange accents designed for athletic use.,White,31,33.32,223.jpg,https://drive.google.com/file/d/1RZM6yr-DVjx-fTTVkpWz7D89Pg9kO6tq/view?usp=drivesdk
224,Striped Shirt,Clothing,XL,A long-sleeve button-up shirt with vertical stripes.,White,6,28.44,224.jpg,https://drive.google.com/file/d/11mcF5y-_qs6FitAa55lSpFuBu0pGPJBP/view?usp=drivesdk
225,Plaid Vest,Clothing,M,"A sleeveless plaid vest with button closure, featuring a red and green checkered pattern.",Red,27,47.73,225.jpg,https://drive.google.com/file/d/13I3AIZUj-ib7MI0hzOkghPw2X7k2dcaW/view?usp=drivesdk
226,V-neck Sweater Vest,Clothing,S,A black V-neck sweater vest worn over a white shirt.,Black,3,26.67,226.jpg,https://drive.google.com/file/d/1MCeJum9R1QPfjlxClLCJF-00CcEjUqJx/view?usp=drivesdk
227,Checked Shirt,Clothing,L,A blue and white checked button-up shirt with rolled-up sleeves.,Blue,26,32.08,227.jpg,https://drive.google.com/file/d/1iPLo-7oiH1M0tRDryvIUZpAcoNPZ-pUL/view?usp=drivesdk
228,Plaid Shirt,Clothing,XL,A men's button-up plaid shirt with rolled-up sleeves.,Black,49,20.73,228.jpg,https://drive.google.com/file/d/1vWFOHWG60VyTEMOyUNwMFLH0PngxPywI/view?usp=drivesdk
229,Checked Shirt,Clothing,L,A long-sleeve button-up shirt with a multicolor checked pattern.,Multicolor,29,45.44,229.jpg,https://drive.google.com/file/d/1foM88HJp7nUR83-bRJjFtdPhfiXyfNMs/view?usp=drivesdk
230,casual trousers,Clothing,S,Light beige casual trousers with a straight fit and front pockets.,Beige,28,32.07,230.jpg,https://drive.google.com/file/d/1pOrNcx1QTJ6HVCd9gnIh4YNXPLW7U3kR/view?usp=drivesdk
231,Striped Sweater,Clothing,L,A long-sleeve V-neck sweater with horizontal stripes and a green band across the chest.,Gray,49,31.83,231.jpg,https://drive.google.com/file/d/13PsS2ruxaiDjtuX7Yn0YydSLVu50MQSV/view?usp=drivesdk
232,Striped Sweater,Clothing,L,"A V-neck sweater with horizontal stripes in green, white, and black on a dark base.",Dark Blue,39,10.07,232.jpg,https://drive.google.com/file/d/1xyZjlVt60v7R37_SngEWyiz4AI6yW2S4/view?usp=drivesdk
233,Grey Sweatshirt,Clothing,M,A plain grey long-sleeve sweatshirt with a round neckline and ribbed cuffs and hem.,Grey,24,39.31,233.jpg,https://drive.google.com/file/d/10ceSqUgDm3DvmiZjnQ0MZkBiTEgbaZdv/view?usp=drivesdk
234,V-neck Sweater,Clothing,L,A black ribbed V-neck sweater with a yellow emblem on the chest and yellow striped hem.,Black,43,17.29,234.jpg,https://drive.google.com/file/d/13k3w16duNdgpJ75CTfzTEn9x4BCl7ODr/view?usp=drivesdk
235,Puma Sweatshirt,Clothing,M,A black long-sleeve sweatshirt with a yellow and white Puma logo and text on the front.,Black,40,11.67,235.jpg,https://drive.google.com/file/d/1TREoJeWePmYNgeBAuJoAKahVrvj7ect5/view?usp=drivesdk
236,Nike Windbreaker,Clothing,S,A black lightweight Nike windbreaker jacket with a front zipper and elastic cuffs.,Black,4,18.63,236.jpg,https://drive.google.com/file/d/1iqPOKGDnU77D8uk8ScinszzaU-nWORIz/view?usp=drivesdk
237,Plaid Shirt,Clothing,S,"A long-sleeve button-up shirt with a black, white, and pink plaid pattern.",Black,14,28.56,237.jpg,https://drive.google.com/file/d/13LY0jzYolMHL8g8voHFq2ZPV55VoWOvG/view?usp=drivesdk
238,Checked Shirt,Clothing,M,A red and white checked long-sleeve shirt with button-down front and rolled-up sleeves.,Red,41,48.91,238.jpg,https://drive.google.com/file/d/1R7L6kTmsKi9sEXGovBzIvUamjGnJQsj_/view?usp=drivesdk
239,Nike Sneaker,Clothing,XL,White low-top sneaker with green Nike swoosh and accents.,White,27,24.92,239.jpg,https://drive.google.com/file/d/1N1BBnjDr2CcYbqWze5nhzzuJJ1WIU_hy/view?usp=drivesdk
240,Checked Shirt,Clothing,L,A men's casual checked shirt with rolled-up sleeves and a buttoned placket.,Green,5,25.95,240.jpg,https://drive.google.com/file/d/1J7FHKJIW6oV2d4Pta8XAqkWVxbOdgKA_/view?usp=drivesdk
241,Puffer Vest,Clothing,L,A sleeveless blue puffer vest with a front zipper and high collar.,Blue,13,43.69,241.jpg,https://drive.google.com/file/d/1Ka0wL2HhhLeUjlVI4Y3Dw1q6cj928hme/view?usp=drivesdk
242,Puffer Vest,Clothing,XL,Black sleeveless puffer vest with a front zipper and high collar.,Black,6,39.06,242.jpg,https://drive.google.com/file/d/1gpTP62vhiI4Ol2d57TKfQLah979uOvJ9/view?usp=drivesdk
243,Nike Hoodie,Clothing,S,Black zip-up hoodie with a grey inner hood lining and white Nike and T90 logos.,Black,21,17.04,243.jpg,https://drive.google.com/file/d/1ml_FPoKz9qCCrTB9iJBn0VuIrgmwQU8l/view?usp=drivesdk
244,FCB Track Jacket,Clothing,S,"A blue full-zip track jacket with black stripes on the sleeves and yellow accents, featuring the FCB logo and Nike swoosh.",Blue,20,40.53,244.jpg,https://drive.google.com/file/d/13IPO0FkM2Zpbv7r5NdOCzI1Yd-PW9f--/view?usp=drivesdk
245,Nike Shorts,Clothing,S,Black athletic shorts with an elastic waistband and a small white Nike logo on the left leg.,Black,35,21.25,245.jpg,https://drive.google.com/file/d/1g3HiehdNhzsDHJV8uLjA8lqTanENUTBt/view?usp=drivesdk
246,Athletic Shorts,Clothing,L,Black athletic shorts with an elastic waistband and a small white logo on the bottom right.,Black,21,22.56,246.jpg,https://drive.google.com/file/d/1qUjf9zb6nrvJ4EPwBKb-Zv4deANQBm0F/view?usp=drivesdk
247,Yoga Pants,Clothing,XL,Gray yoga pants with a high turquoise waistband.,Gray,46,48.91,247.jpg,https://drive.google.com/file/d/1Sr-2jhiGy53BGWthnFoq3709py4lZyD4/view?usp=drivesdk
248,Checked Shirt,Clothing,L,A long-sleeve button-up shirt with a black and grey checkered pattern and a front pocket.,Black,27,41.38,248.jpg,https://drive.google.com/file/d/1gEImcqR697XTq8VwaWPLDuVftDxR-HwY/view?usp=drivesdk
249,Striped Sweater,Clothing,M,A purple sweater with diagonal black and dark purple stripes.,Purple,6,19.11,249.jpg,https://drive.google.com/file/d/1gCububw96Zty0yTmAZ47Y_ggsvCTRfuP/view?usp=drivesdk
250,V-neck Sweater,Clothing,L,"A plain, long-sleeve V-neck sweater made of knit fabric.",Blue,49,46.86,250.jpg,https://drive.google.com/file/d/18-1Mb9Ml2uR-pIIWf5JHPvTP2yCSQvBX/view?usp=drivesdk
251,V-neck Sweater,Clothing,M,A long-sleeve V-neck sweater with ribbed cuffs and hem.,Pink,29,49.62,251.jpg,https://drive.google.com/file/d/1DoxGLVwpdSxBFt4IxUbjuoDYXYbxYOan/view?usp=drivesdk
252,Purple Polo,Clothing,L,"A purple short-sleeve polo shirt with a collar and button placket, featuring a colorful embroidered logo on the chest.",Purple,9,31.4,252.jpg,https://drive.google.com/file/d/18Rf4vX8o7NhfvMQK18kUtAnPNivlg4NE/view?usp=drivesdk
253,Graphic Hoodie,Clothing,S,A green hooded sweatshirt with a front pocket and graphic text on the chest.,Green,31,29.86,253.jpg,https://drive.google.com/file/d/1k2LXB1wkJL1oYxNBhEDXhU_xV4hVjNgx/view?usp=drivesdk
254,College Hoodie,Clothing,M,A navy blue zip-up hoodie with printed college-themed text and graphics on the front.,Navy Blue,20,45.45,254.jpg,https://drive.google.com/file/d/1Sa3jJlpNbQM2LtTOK76a4FokhxzkZItb/view?usp=drivesdk
255,Graphic Sweatshirt,Clothing,S,A navy blue sweatshirt featuring a printed trophy design with the text 'ORIGINALS AUTHENTIC ASSOC.',Navy Blue,4,29.04,255.jpg,https://drive.google.com/file/d/1WrkId09gS6IT9Jo4lc9jDhoiw3l7Ihhk/view?usp=drivesdk
256,Graphic Sweatshirt,Clothing,S,Green sweatshirt with a printed graphic and text on the front.,Green,20,46.14,256.jpg,https://drive.google.com/file/d/1aII8crrMV0QJuhZMNb0cRRpJ9tBvcUOS/view?usp=drivesdk
257,Distressed Jeans,Clothing,M,A pair of blue distressed denim jeans with a faded wash and slight rips.,Blue,13,47.06,257.jpg,https://drive.google.com/file/d/1zCKVSyhYNBfUfNV2cv8UKqDHOroLInrC/view?usp=drivesdk
258,Skinny Jeans,Clothing,S,A pair of dark blue skinny jeans with a fitted silhouette.,Blue,15,29.54,258.jpg,https://drive.google.com/file/d/1dV_SY40rrQTdBuds5BE3qI9nfrfL50xI/view?usp=drivesdk
259,Distressed Jeans,Clothing,L,A pair of blue distressed denim jeans with a faded wash and slight rips.,Blue,14,45.89,259.jpg,https://drive.google.com/file/d/1Vx2rF3VCTjCrJ4C23M-S3hFuvftgWEOI/view?usp=drivesdk
260,Black Skinny Jeans,Clothing,S,A pair of black skinny jeans with white stitching and a button closure.,Black,46,30.25,260.jpg,https://drive.google.com/file/d/1Y1tS_CubpRpDOsQMq6-cBo_rVTPJKc4H/view?usp=drivesdk
261,Round Cufflinks,Clothing,M,Round silver cufflinks with black geometric patterns.,Silver,10,19.44,261.jpg,https://drive.google.com/file/d/11mRR9Rc0ujMNqMUwd2KM4C7zypiz3gka/view?usp=drivesdk
262,Metal Cufflinks,Clothing,M,A pair of rectangular silver metal cufflinks with a polished finish.,Silver,34,34.11,262.jpg,https://drive.google.com/file/d/1sn724s5-Qwnhk1kSswCRA2pbDoc0haxN/view?usp=drivesdk
263,Tool Cufflinks,Clothing,M,Silver cufflinks shaped like a hammer and a saw.,Silver,12,30.46,263.jpg,https://drive.google.com/file/d/1rgKfTEMl-FAQLBWgM3UPQbScmfLSQRSy/view?usp=drivesdk
264,Round Cufflinks,Clothing,S,Round cufflinks with a rose gold finish and black abstract pattern.,Rose Gold,17,35.5,264.jpg,https://drive.google.com/file/d/1wdHFtZT5G3GQPAcVd1ozQCqTaBZwjWDA/view?usp=drivesdk
265,Striped Hoodie,Clothing,L,A white hoodie featuring black stripes along the sleeves and a front pocket.,White,15,34.87,265.jpg,https://drive.google.com/file/d/1IuIeosqK2NDv8LNzLKHpI43ss3JL64Mu/view?usp=drivesdk
266,Track Jacket,Clothing,XL,Black zip-up track jacket with green stripes on the sleeves and a small logo on the chest.,Black,1,26.64,266.jpg,https://drive.google.com/file/d/1G4Hr-2ouTiPTUlH7X4TnMx84W2m0PrT3/view?usp=drivesdk
267,Track Jacket,Clothing,L,A navy blue zip-up track jacket with white stripes on the sleeves and a small logo on the chest.,Navy Blue,47,44.26,267.jpg,https://drive.google.com/file/d/1UI8SQIP-ZXm1XbWb8_t5bNNTXB0WBl9w/view?usp=drivesdk
268,Three-Quarter Pants,Clothing,L,Navy blue three-quarter length athletic pants with white side stripes and an elastic waistband.,Navy Blue,43,16.02,268.jpg,https://drive.google.com/file/d/1YrZRPV1O23INeEapznpdQy-q0rlp_YLg/view?usp=drivesdk
269,Hooded Windbreaker,Clothing,XL,Black hooded windbreaker jacket with white stripes on the sleeves and an Adidas logo on the chest.,Black,31,15.11,269.jpg,https://drive.google.com/file/d/1LOpyoY4WG-AoA_fnm9DN5kKsn-pikvVl/view?usp=drivesdk
270,Wedge Sandal,Clothing,XL,A brown wedge sandal with decorative cutouts and stitching details.,Brown,9,10.27,270.jpg,https://drive.google.com/file/d/1I5pX8bj9V9oOvCfUWZhLe_4wCqxIU4xJ/view?usp=drivesdk
271,Strappy Sandal,Clothing,L,A brown flat sandal with braided straps and a buckle closure.,Brown,27,31.18,271.jpg,https://drive.google.com/file/d/1GYbWctqS3ErOhg3vvSLHojOmjHGH6rqf/view?usp=drivesdk
272,Striped Shirt,Clothing,M,A long-sleeve button-up shirt with vertical stripes in light blue and white.,Light Blue,23,37.94,272.jpg,https://drive.google.com/file/d/1_AIXtcZlbO1rOBHN-reOGvn2jrynu1jX/view?usp=drivesdk
273,Brown Hoodie,Clothing,L,A brown hooded sweatshirt with front pockets and ribbed cuffs and hem.,Brown,38,12.53,273.jpg,https://drive.google.com/file/d/1CwcHA7mb7jOikc5n99JXo6JjQzhsUaIg/view?usp=drivesdk
274,Striped Hoodie,Clothing,L,A black and white striped zip-up hoodie with front pockets and drawstrings.,Black,40,10.13,274.jpg,https://drive.google.com/file/d/10Cei-SxJDgXeoSF-ahYyhbi-8_gzktTw/view?usp=drivesdk
275,Plaid Mini Skirt,Clothing,M,A brown plaid mini skirt with pleats and buckle details on the side.,Brown,21,45.75,275.jpg,https://drive.google.com/file/d/1Z3Pw7DisgVWJvheoGuQwMGM4j6n5gqeg/view?usp=drivesdk
276,casual pants,Clothing,L,A pair of casual straight-fit pants in a light beige color.,Beige,5,49.26,276.jpg,https://drive.google.com/file/d/17y90k_R17h_L0PUENQ_Ksk8WN0UpZmQu/view?usp=drivesdk
277,casual trousers,Clothing,XL,Light beige casual trousers with a straight fit.,Beige,8,16.09,277.jpg,https://drive.google.com/file/d/1xvDNg8f56yZ0Zp8jLsldFn9tsVCwPQKL/view?usp=drivesdk
278,casual chinos,Clothing,M,A pair of beige casual chinos with a straight fit and button closure.,Beige,34,23.97,278.jpg,https://drive.google.com/file/d/1W7PeXjKqTdPKYzClL6rcHUG-EOv0yais/view?usp=drivesdk
279,casual trousers,Clothing,M,A pair of casual straight-fit trousers in a solid color.,Olive,21,13.85,279.jpg,https://drive.google.com/file/d/1xwJuiEnMkqqQWmU2XS2Yv1IO3Lof0DDI/view?usp=drivesdk
280,Cargo Pants,Clothing,XL,Men's casual cargo pants with side pockets and a relaxed fit.,Olive,31,39.33,280.jpg,https://drive.google.com/file/d/1YjGmVa8R2M2_wFOPrC6xynvWbsqTKBpP/view?usp=drivesdk
281,Zip Jacket,Clothing,XL,A black zip-up jacket with a grey horizontal panel and red embroidered text on the chest.,Black,25,27.71,281.jpg,https://drive.google.com/file/d/1hF3N292cXSwgUjdrbxTX8wXGQx6jtHJc/view?usp=drivesdk
282,Formal Trousers,Clothing,L,A pair of black formal trousers worn with a black belt and black shoes.,Black,5,38.9,282.jpg,https://drive.google.com/file/d/1GDAo1thMEClcqPP75zl5qEHZUpTupq44/view?usp=drivesdk
283,Printed Polo Shirt,Clothing,XL,A maroon and orange short-sleeve polo shirt with printed text on the chest and striped sleeve cuffs.,Maroon,19,42.19,283.jpg,https://drive.google.com/file/d/11XiY5BZpBb5dPY8ytqu1_CmWekp3S4bR/view?usp=drivesdk
284,Colorblock Polo,Clothing,S,"A short-sleeve polo shirt featuring a colorblock design with purple, white, and beige stripes, and a graphic emblem on the chest.",White,26,33.83,284.jpg,https://drive.google.com/file/d/1e-9KnURx9oZDaaPln30zHOTjg8ti1nY8/view?usp=drivesdk
285,Striped Dress Shirt,Clothing,XL,A neatly folded men's dress shirt with vertical black and blue stripes and a classic collar.,Black,2,31.52,285.jpg,https://drive.google.com/file/d/1rBlgyKrr244R1K3TphCO5IZgCKaO-HBv/view?usp=drivesdk
286,Striped Dress Shirt,Clothing,L,A neatly folded long-sleeve dress shirt with fine vertical stripes and a classic collar.,Blue,4,32.15,286.jpg,https://drive.google.com/file/d/159RizeF4gYpgpRSvgkvWTiXn6JAOKwIH/view?usp=drivesdk
287,Checked Dress Shirt,Clothing,M,A neatly folded long-sleeve dress shirt with a small checkered pattern and buttoned cuffs.,Light Purple,31,15.07,287.jpg,https://drive.google.com/file/d/1mKZGJtyjTeIcT-izu-Mh5OWKlXh2GKjf/view?usp=drivesdk
288,Patterned Handbag,Clothing,XL,A handbag featuring a black and white geometric pattern with black leather handles and accents.,Black,20,39.02,288.jpg,https://drive.google.com/file/d/1XMFbnruGCrORD_uxUfn8fV0fUVvu9nRb/view?usp=drivesdk
289,Leather Handbag,Clothing,L,"A soft, coral-colored leather handbag with rounded handles and a simple design.",Coral,33,11.49,289.jpg,https://drive.google.com/file/d/103GbgOheDfYgcol1su4dbX3Ese8T6NHP/view?usp=drivesdk
290,Leather Wallet,Clothing,XL,A brown leather wallet with a metal clip on the side.,Brown,46,30.78,290.jpg,https://drive.google.com/file/d/1dWoQ9fVflMxeQ8GIDevhJui2tXkyO3__/view?usp=drivesdk
291,Leather Wallet,Clothing,XL,A black leather bi-fold wallet with a subtle embossed logo on the front.,Black,15,25.61,291.jpg,https://drive.google.com/file/d/1PwG9Lz2JjmkCZXhGs6WS8REKdu9ghotA/view?usp=drivesdk
292,Quilted Wallet,Clothing,XL,A red quilted wallet with a zipper closure and a branded patch on the front.,Red,11,29.86,292.jpg,https://drive.google.com/file/d/1tgdqu8SWMmvZsSp7OttfMbNvQaEzfzpp/view?usp=drivesdk
293,Quilted Wallet,Clothing,XL,A red quilted wallet with a flap closure and a United Colors of Benetton logo patch on the front.,Red,10,42.52,293.jpg,https://drive.google.com/file/d/1FBWgHnZfDIuWgH13iZzNPpVuBYODR5Wx/view?usp=drivesdk
294,Plaid Shorts,Clothing,L,Men's knee-length shorts with a multicolor plaid pattern.,White,48,33.04,294.jpg,https://drive.google.com/file/d/1rqFRa4sEas4AOizauyqVixB89GWuvKhB/view?usp=drivesdk
295,Plaid Cargo Shorts,Clothing,L,Men's knee-length cargo shorts with a plaid pattern and multiple pockets.,White,47,38.26,295.jpg,https://drive.google.com/file/d/17mp6en1IRuF1gPbt-py6DvI8tU4nPvtd/view?usp=drivesdk
296,Casual Shorts,Clothing,XL,Lightweight beige casual shorts with a button and zipper closure.,Beige,10,43.06,296.jpg,https://drive.google.com/file/d/1-xYFAdXh0AlxuqtmQfL2pcET4_-O1wdY/view?usp=drivesdk
297,Cargo Shorts,Clothing,L,Beige cargo shorts with multiple pockets and a button closure.,Beige,2,47.72,297.jpg,https://drive.google.com/file/d/15WoKkhqoYwo2-gHUIv758zXVsNjZHh2Y/view?usp=drivesdk
298,Zip Hoodie,Clothing,S,A light grey zip-up hoodie with a front pocket and a small emblem on the chest.,Grey,45,12,298.jpg,https://drive.google.com/file/d/18M787Up1yFDkATQ6_vki1ZQ3ezoauNDF/view?usp=drivesdk
299,Layered Hoodie,Clothing,S,A blue zip-up hoodie layered over a grey zip-up hoodie with printed text on the front.,Blue,27,39,299.jpg,https://drive.google.com/file/d/1GakksrxpC6nG_60qwEZu4e1zE5qr9Ma9/view?usp=drivesdk
300,Layered Hoodie,Clothing,S,A maroon zip-up hoodie with white printed text layered over a grey zip-up inner hoodie.,Maroon,7,26.61,300.jpg,https://drive.google.com/file/d/11W49Vs8_Ij0BWRzP7svDoQwz6RnY1nLT/view?usp=drivesdk
301,Basketball Hoodie,Clothing,L,A light blue hooded sweatshirt with a front pocket and printed basketball-themed text and graphics.,Blue,16,21.31,301.jpg,https://drive.google.com/file/d/1qFK2N_HVh8ylDGEAkVoRuZe1VOUXqMiO/view?usp=drivesdk
302,Adidas Sweatshirt,Clothing,L,Black Adidas sweatshirt with white stripes on the sleeves and a small logo on the chest.,Black,37,46.93,302.jpg,https://drive.google.com/file/d/1rDZBMpVW2pQynp2eNltSDM7aUvUET-Tc/view?usp=drivesdk
303,Striped Hoodie Sweater,Clothing,S,A navy blue knitted hoodie sweater with light blue stripes running down the sleeves.,Navy Blue,0,37.05,303.jpg,https://drive.google.com/file/d/1LitYyIcMTBKgYEeUYrWR0KTYL0GV8m32/view?usp=drivesdk
304,Striped Sweater,Clothing,XL,A black V-neck sweater with horizontal neon green stripes and long sleeves.,Black,13,48.74,304.jpg,https://drive.google.com/file/d/1QuC8dfCiYauta1uXd0T2LIc8ko_vOZ3p/view?usp=drivesdk
305,Hooded Sweatshirt,Clothing,S,A grey zip-up hooded sweatshirt with black drawstrings and black stripes on the sleeves.,Grey,4,38.67,305.jpg,https://drive.google.com/file/d/174c8ol15GIaa-bM3HXSFUWTYU-XBmEzo/view?usp=drivesdk
306,AC Milan Jacket,Clothing,L,White zip-up jacket with red and black stripes and AC Milan logo on the chest.,White,20,42.31,306.jpg,https://drive.google.com/file/d/1yjrp0LjvH7hFkHo4SfyRn0rbRQTSWuQd/view?usp=drivesdk
307,Striped Track Jacket,Clothing,S,A black zip-up track jacket with blue stripes across the chest and blue collar detailing.,Black,8,41.23,307.jpg,https://drive.google.com/file/d/1AxGKgTapnR11DcFzfhPh6O6yx6PhobXT/view?usp=drivesdk
308,Blue Track Jacket,Clothing,L,A blue full-zip track jacket with white and red stripes on the sleeves and a high collar.,Blue,12,36.91,308.jpg,https://drive.google.com/file/d/1OasCvcYFFWPIZMewTEP8zDNKmhMt2Jsd/view?usp=drivesdk
309,Convertible Cargo Pants,Clothing,M,Black convertible cargo pants with a belt and zip-off legs for versatility.,Black,33,29.41,309.jpg,https://drive.google.com/file/d/15xj5rOpIftwOkT9vr6ifra2JoNSCA3HH/view?usp=drivesdk
310,Puffer Jacket,Clothing,S,"A blue padded puffer jacket with a zip and snap button closure, featuring a chest zip pocket and elastic cuffs.",Blue,7,28.85,310.jpg,https://drive.google.com/file/d/1YKRLb4Fi1P-FrOfl_VaNgdAtb96caMvo/view?usp=drivesdk
311,Puffer Jacket,Clothing,M,Black padded puffer jacket with a front zipper and white stripe detailing on the sleeves.,Black,28,19.19,311.jpg,https://drive.google.com/file/d/1LX09gpAIGieSI78rWX2_1qZrH5W7bLWs/view?usp=drivesdk
312,Hooded Jacket,Clothing,XL,A black hooded jacket with blue stripes on the sleeves and blue inner lining.,Black,20,10.94,312.jpg,https://drive.google.com/file/d/1ZAZjRMCmhDGHHvFFAcEpZhJzptBvWzE9/view?usp=drivesdk
313,Magic Hoodie,Clothing,L,Black hoodie with blue inner lining and 'MAGIC' text on the front.,Black,47,44.41,313.jpg,https://drive.google.com/file/d/1RsK7S9PjRoYR4nLDOPQnqi4dHkh8sC_K/view?usp=drivesdk
314,Crewneck Sweatshirt,Clothing,S,A light grey crewneck sweatshirt with neon yellow stripes on the sleeve and a small chest pocket detail.,Grey,40,24.71,314.jpg,https://drive.google.com/file/d/1OJYD-cqHKFlhC9rt91PUl_pYKEshzC7a/view?usp=drivesdk
315,Colorblock Hoodie,Clothing,S,"A zip-up hoodie featuring a colorblock design with maroon, navy, and white panels and a white hood.",Maroon,18,49.59,315.jpg,https://drive.google.com/file/d/1vWzskcMMLiKzkDmr-tkDsSq5lB7MplaJ/view?usp=drivesdk
316,Adidas Track Jacket,Clothing,S,Black full-zip Adidas track jacket with white stripes on sleeves and logo on chest.,Black,10,17.47,316.jpg,https://drive.google.com/file/d/1Z6o9ZaHFgDUDMvw3nenLtidOrcRCnkbm/view?usp=drivesdk
317,Adidas Hoodie,Clothing,XL,A purple hooded sweatshirt with a front pocket and Adidas logo on the chest.,Purple,47,43.66,317.jpg,https://drive.google.com/file/d/1_vNsNUOvxTyhTVPrIZuSyrYJafLXKGR-/view?usp=drivesdk
318,Pink Hoodie,Clothing,L,A bright pink hooded sweatshirt with a front pocket and Adidas logo on the chest.,Pink,22,30.2,318.jpg,https://drive.google.com/file/d/1B5CmpIBL6CAD2iAHroBU_5o_QcleTbC5/view?usp=drivesdk
319,Striped Sweater,Clothing,L,"A long-sleeve V-neck sweater with horizontal pastel stripes in pink, purple, blue, and white.",Multicolor,33,40.79,319.jpg,https://drive.google.com/file/d/1tEXvtSbnfeZ7gSi22pph0kafugswpCRB/view?usp=drivesdk
320,Striped Sweater,Clothing,L,A long-sleeve knitted sweater featuring horizontal stripes in multiple colors.,Brown,9,24.09,320.jpg,https://drive.google.com/file/d/1d89FJnLAiUK1I9M-WaGlHyPGjWxbgRHj/view?usp=drivesdk
321,Striped Sweater,Clothing,L,A black and white striped V-neck sweater with long sleeves and ribbed cuffs and hem.,Black,13,42.34,321.jpg,https://drive.google.com/file/d/15jXHlYRzIyeSn-4dTsAPlc_iiVKCFjM7/view?usp=drivesdk
322,Colorblock Sweater,Clothing,M,"A long-sleeve knit sweater featuring a colorblock pattern in shades of green, blue, and gray.",Green,25,14.67,322.jpg,https://drive.google.com/file/d/1PNuKR1cYW1ySiFs5aM3UgymzFApw8QqW/view?usp=drivesdk
323,Colorblock Jacket,Clothing,L,"A sporty zip-up jacket featuring a colorblock design with purple, pink, and light pink panels.",Purple,43,31.66,323.jpg,https://drive.google.com/file/d/1S0eXhXEvOwZMdTkwFzZtcsxzqqkCDKHm/view?usp=drivesdk
324,Bulls Hoodie,Clothing,M,A dark gray hooded sweatshirt featuring a Bulls basketball logo and front pockets.,Gray,0,30.05,324.jpg,https://drive.google.com/file/d/1CbL9E0wS08pYggj0eqDCvdr6YA0Jh1RE/view?usp=drivesdk
325,Puffer Jacket,Clothing,L,A navy blue padded puffer jacket with a hood and light blue zipper and lining details.,Navy Blue,46,18.47,325.jpg,https://drive.google.com/file/d/15DKCxurOywSEPmIG6_9Tks_AN4lOXFvD/view?usp=drivesdk
326,Black Loafer,Clothing,XL,A sleek black leather loafer with a slip-on design and subtle stitching details.,Black,32,25.39,326.jpg,https://drive.google.com/file/d/1NHNESvIknBpigPOBK90wzwV0ct0NqTfE/view?usp=drivesdk
327,Textured Dress Shoe,Clothing,XL,A black textured formal lace-up dress shoe with a pointed toe and low heel.,Black,1,41.73,327.jpg,https://drive.google.com/file/d/1kG82L31aRgN0qSIeYWZYtTZd0nt2A901/view?usp=drivesdk
328,Leather Slide,Clothing,XL,A brown leather slide sandal with a black sole and a buckle detail.,Brown,5,46.21,328.jpg,https://drive.google.com/file/d/1w6QdoOIlAOlsnz06KrkMZsU3rIZdt4ZW/view?usp=drivesdk
329,Plaid Shirt,Clothing,L,A light blue and white plaid button-up shirt with rolled-up sleeves.,Light Blue,0,47.29,329.jpg,https://drive.google.com/file/d/1q6aKxx2l2PzZSi6LqYD8OTahACxIZLKZ/view?usp=drivesdk
330,Dress Pants,Clothing,S,Men's formal dress pants in a straight fit style.,Gray,34,48.91,330.jpg,https://drive.google.com/file/d/1HEr6Rm2oS75jhjfLPfNP3jIpObrEkdWK/view?usp=drivesdk
331,Formal Trousers,Clothing,XL,A pair of grey formal trousers worn with a black belt.,Grey,10,16.96,331.jpg,https://drive.google.com/file/d/1l0R1PcH8X2Oqw6J2vkfjgn43Oo8bqJaG/view?usp=drivesdk
332,Formal Trousers,Clothing,M,A pair of dark gray formal trousers worn with a black belt and black shoes.,Gray,12,26.08,332.jpg,https://drive.google.com/file/d/1853GC85rTVHuZrS2z6U4DwIvM6TVzab9/view?usp=drivesdk
333,Formal Trousers,Clothing,L,"A pair of brown formal trousers with a straight fit, worn with a black belt.",Brown,32,15.9,333.jpg,https://drive.google.com/file/d/1X0lH-TJuzzEG6-NmRmngRYK--2XdPoEQ/view?usp=drivesdk
334,Formal Trousers,Clothing,M,A pair of gray formal trousers worn with a black belt and black shoes.,Gray,39,10.47,334.jpg,https://drive.google.com/file/d/1xgZYi3ZfSIGv3Ie-dhOhCf-gL-sGIkbS/view?usp=drivesdk
335,Dress Pants,Clothing,L,A pair of formal gray dress pants worn with a black belt.,Gray,18,44.21,335.jpg,https://drive.google.com/file/d/1owpWuS8lmheqL2jWpOhznKEafMJXKh36/view?usp=drivesdk
336,zip-up sweater,Clothing,S,A navy blue zip-up sweater with a high collar and a white letter 'A' on the chest.,Navy Blue,14,44.93,336.jpg,https://drive.google.com/file/d/1UVVnGCooS9Gl-mDrK24-tuKnYhZpP8T7/view?usp=drivesdk
337,Buttoned Sweater Vest,Clothing,L,A dark gray buttoned sweater vest worn over a light blue shirt.,Gray,35,15.27,337.jpg,https://drive.google.com/file/d/1vEd4BVUGnRyQJuFbDQSM_66t0tw6qHG6/view?usp=drivesdk
338,Graphic T-shirt,Clothing,XL,A purple short-sleeve T-shirt featuring a graphic print of various guns and text on the front.,Purple,33,30.7,338.jpg,https://drive.google.com/file/d/1p-RE6wbARXudP26nQQY6rR0FeBMvb_dQ/view?usp=drivesdk
339,zip-up sweater,Clothing,S,A black zip-up sweater with a high collar and a white letter 'A' on the chest.,Black,34,43.53,339.jpg,https://drive.google.com/file/d/1L6seu3A3bvkNAZrmr_Y73xozT_T0f0Rf/view?usp=drivesdk
340,Leather Sneaker,Clothing,M,"Black leather sneaker with red, white, and green stripes and a white sole.",Black,22,32.66,340.jpg,https://drive.google.com/file/d/1D_89OR65jigdLfNPtujTLw_FHZ-6CHh5/view?usp=drivesdk
341,Blue Sneakers,Clothing,L,A pair of blue athletic sneakers with suede and fabric detailing and lace-up closure.,Blue,47,11.23,341.jpg,https://drive.google.com/file/d/1TpO1FySmWoFCGaN8tnqtZvmAT4SGnTBc/view?usp=drivesdk
342,zip-up jacket,Clothing,M,"A black zip-up jacket with a small chest pocket featuring a red emblem and green, white, and red striped accents on the collar and hem.",Black,7,24.51,342.jpg,https://drive.google.com/file/d/1NCw7OqB0UxPo95yopBZGCELT3EDbPzFr/view?usp=drivesdk
343,Red Track Jacket,Clothing,S,A red zip-up track jacket with white piping along the sleeves and a Ferrari logo on the chest.,Red,27,31.98,343.jpg,https://drive.google.com/file/d/1K-R5DsNRl6NQWX9kZGH_cDGdJFP0ivRq/view?usp=drivesdk
344,Padded Hoodie,Clothing,L,A navy blue padded hoodie with a front zipper and a contrasting blue inner hood lining.,Navy Blue,18,13.88,344.jpg,https://drive.google.com/file/d/1-gS_6dCaVp6lVsp6VR37z2E-_21AtBna/view?usp=drivesdk
345,Nike Hoodie,Clothing,L,"A navy blue zip-up hoodie with a drawstring hood and front pockets, featuring a white Nike logo on the chest.",Navy Blue,32,30.68,345.jpg,https://drive.google.com/file/d/1RseqMqn49vwFBUdZgEArjOQJFjQ-qc1Y/view?usp=drivesdk
346,Hooded Jacket,Clothing,XL,A black hooded jacket with a front zipper and drawstring hood.,Black,35,33.82,346.jpg,https://drive.google.com/file/d/14xOQ43I7yqDdT55v4PmRrj8g7GoJicGK/view?usp=drivesdk
347,Colorblock Jacket,Clothing,M,A padded jacket featuring a black upper section and sleeves with a red lower body and front zipper closure.,Black,41,32.38,347.jpg,https://drive.google.com/file/d/1oaika2pNQ6euyzKeN9nI3r5wEOL3nuhJ/view?usp=drivesdk
348,Puffer Jacket,Clothing,M,A dark gray padded puffer jacket with a front zipper and a patterned hood lining.,Gray,40,19.09,348.jpg,https://drive.google.com/file/d/1hXBVwHELjeaeVc7yBrT9Q_ACBDaaH0kQ/view?usp=drivesdk
349,Cable Knit Sweater,Clothing,M,White cable knit sweater with a V-neck and black striped detailing on the collar and hem.,White,21,45.74,349.jpg,https://drive.google.com/file/d/11Jh2JuM5FxwRYgtbFPxaiGez22h9JFud/view?usp=drivesdk
350,Nike Shorts,Clothing,S,"Black casual shorts with an elastic waistband and drawstring, featuring a small white Nike logo.",Black,41,39.43,350.jpg,https://drive.google.com/file/d/1CfQYauXX_QMkf3ea5tA-w8gYd6FOLris/view?usp=drivesdk
351,White Track Pants,Clothing,M,A pair of white athletic track pants with an elastic waistband and a small black logo on the side.,White,40,43.36,351.jpg,https://drive.google.com/file/d/1EhilHqoj7jpH5KXfsIo9Bxg1c-ZHMnbk/view?usp=drivesdk
352,Nike Shorts,Clothing,M,Black athletic shorts with an elastic waistband and a white Nike logo on the left leg.,Black,35,23.67,352.jpg,https://drive.google.com/file/d/1Jx2IAx_FsUfF251QaULB_BQtKgsUda3B/view?usp=drivesdk
353,Running Shorts,Clothing,M,Lightweight pink running shorts with black side panels and an elastic waistband.,Pink,27,31.1,353.jpg,https://drive.google.com/file/d/1XDjdtW0kUEpNrxGl9zvnUOrGAeRaBViR/view?usp=drivesdk
354,Graphic T-shirt,Clothing,S,Black short-sleeve T-shirt with white and blue graphic text and symbols on the front.,Black,15,30.8,354.jpg,https://drive.google.com/file/d/19YpTvfWqvqyYQ3cRtEV1xDc_5Nj0DLhh/view?usp=drivesdk
355,Textured Handbag,Clothing,M,A maroon textured handbag with dual handles and silver ring accents.,Maroon,9,25.32,355.jpg,https://drive.google.com/file/d/14Gzo0CvU8aFyf7-4d3ZDE4ij_N_iSDc0/view?usp=drivesdk
356,Colorblock Windbreaker,Clothing,XL,A black and white colorblock windbreaker jacket with a hood and front zipper.,Black,47,26.93,356.jpg,https://drive.google.com/file/d/19zCrTwstvDghFmprN2Y8Fl_jwV0CB3ZE/view?usp=drivesdk
357,Blue Tracksuit,Clothing,M,A men's two-piece tracksuit with a blue zip-up jacket and matching pants.,Blue,27,13.52,357.jpg,https://drive.google.com/file/d/1X9fPSCjR_wTwJQbFNWBNRI2be0hhYg9d/view?usp=drivesdk
358,Puffer Vest,Clothing,S,A sleeveless green puffer vest with a front zipper and a high collar.,Green,49,34.65,358.jpg,https://drive.google.com/file/d/1_dieLsauGoRFCdSb7fF6kIqrafEtznxi/view?usp=drivesdk
359,Puffer Vest,Clothing,S,A blue sleeveless puffer vest with a front zipper and contrasting black and gray stripes across the chest.,Blue,50,30.39,359.jpg,https://drive.google.com/file/d/1A23PnGtYd2LNO9QZa6au26qeri3wSCuq/view?usp=drivesdk
360,Logo Shorts,Clothing,L,Black casual shorts with an elastic waistband and a white logo on the left leg.,Black,33,42.05,360.jpg,https://drive.google.com/file/d/1-gJ6ugyZIjiH6xAstKM3ta9bUDaMGdie/view?usp=drivesdk
361,Blue Sports T-shirt,Clothing,S,A short-sleeve blue sports T-shirt with a round neck and a small logo on the chest.,Blue,45,36.8,361.jpg,https://drive.google.com/file/d/1SpYK9TadAloJggV-5TcmyRGk5OyrwoP7/view?usp=drivesdk
362,Black Track Pants,Clothing,L,Loose-fitting black track pants with a drawstring waist and side pockets.,Black,49,40.79,362.jpg,https://drive.google.com/file/d/1YHUnnOeIBeCJr2k4VZLo3eeipIBXumSD/view?usp=drivesdk
363,Slingback Heel,Clothing,XL,A multi-colored leather slingback heel with cut-out details and a medium-height black heel.,Brown,39,47.85,363.jpg,https://drive.google.com/file/d/1B-E85oKQnZ4T3cFwsGGvEF_-O1Q2kqt4/view?usp=drivesdk
364,Proline Sports Sweatshirt,Clothing,M,"A blue sweatshirt with 'PROLINE SPORTS' printed on the front, featuring a contrasting dark collar.",Blue,5,40.58,364.jpg,https://drive.google.com/file/d/1C2R-3q-0XL01KmFYzwVG0adeJKHWkicC/view?usp=drivesdk
365,Black Hoodie,Clothing,L,"A black hoodie with a yellow inner hood lining, front pocket, and striped cuffs.",Black,0,40.34,365.jpg,https://drive.google.com/file/d/1xrL0-tsLz52UlMx6uGrsjI__psFymdzQ/view?usp=drivesdk
366,Nike Track Jacket,Clothing,L,A navy blue and royal blue zip-up track jacket with white piping and a Nike logo on the chest.,Navy Blue,18,39.88,366.jpg,https://drive.google.com/file/d/1cXY21LTL5SNOj94vRWN9JoBllhekYBrS/view?usp=drivesdk
367,Nike Track Jacket,Clothing,M,Black Nike track jacket with white piping and a front zipper.,Black,21,19.08,367.jpg,https://drive.google.com/file/d/1o6Bvr06yUUWHaFDTL3IAPkmSvXxsYysF/view?usp=drivesdk
368,Skull Graphic Tee,Clothing,XL,A grey short-sleeve t-shirt featuring a large black abstract skull graphic on the front.,Grey,6,26.28,368.jpg,https://drive.google.com/file/d/1gXOYpD-wa91s6NhXgbxXe-7gbYtdKlal/view?usp=drivesdk
369,Nike Track Pants,Clothing,M,"Black Nike track pants with orange side stripes and logo, featuring an elastic waistband.",Black,1,45.2,369.jpg,https://drive.google.com/file/d/1sAOoatYrl_DlMSztv7ZxeW1i223g81GP/view?usp=drivesdk
370,zip-up hoodie,Clothing,S,"A zip-up hoodie with a front zipper, drawstring hood, and kangaroo pockets.",Olive,14,11.04,370.jpg,https://drive.google.com/file/d/1cHgvYZ74B15p8reoRgXXplNrDgfBGVrG/view?usp=drivesdk
371,Nike Track Jacket,Clothing,XL,A dark gray full-zip Nike track jacket with white piping and logo detailing.,Gray,39,14,371.jpg,https://drive.google.com/file/d/1txgnX1EjX9bIzeGnSZptDCPhqqWEc0s5/view?usp=drivesdk
372,Nike Track Pants,Clothing,S,Black Nike track pants with an elastic waistband and a white logo on the left thigh.,Black,37,12.56,372.jpg,https://drive.google.com/file/d/1udbk5NoIiUx_ta50QuhHsOPOn0c8xFJv/view?usp=drivesdk
373,Zip Hoodie,Clothing,S,A purple zip-up hoodie with front pockets and drawstring hood.,Purple,46,40.42,373.jpg,https://drive.google.com/file/d/1sd4zgcT2SVL--5IN8ZN4PjiOHn6ytFv7/view?usp=drivesdk
374,Manchester Jacket,Clothing,M,Red zip-up jacket with black stripes on the sleeves and Manchester United logo on the chest.,Red,27,48.09,374.jpg,https://drive.google.com/file/d/1DGzaVgD5xuOIWAnmOt3YYwZhfe1b-ScI/view?usp=drivesdk
375,Zip Hoodie,Clothing,S,Black zip-up hoodie with a front pocket and drawstring hood.,Black,20,18.16,375.jpg,https://drive.google.com/file/d/1vps-svOZxaDdZfgJx9CrTcYrBHC698Zb/view?usp=drivesdk
376,Nike Jacket,Clothing,S,A black full-zip Nike jacket with a high collar and long sleeves.,Black,8,26.77,376.jpg,https://drive.google.com/file/d/1C6A-ERJlHbD5cGRqycf1B73fFoGFjB6b/view?usp=drivesdk
377,Nike Shorts,Clothing,S,A pair of navy blue Nike shorts with an elastic waistband and drawstring.,Blue,31,18.27,377.jpg,https://drive.google.com/file/d/1m0-KeIoLB9ekcPKJjBsR1tC1DRsBZ-D7/view?usp=drivesdk
378,Nike Shorts,Clothing,XL,"Black casual shorts with an elastic waistband and drawstring, featuring a small white Nike logo.",Black,18,14.1,378.jpg,https://drive.google.com/file/d/1Ad1kjfEbL4ZBKtGqhLgqh8moMCFdtQ6z/view?usp=drivesdk
379,Manchester United T-shirt,Clothing,XL,White short-sleeve T-shirt featuring Manchester United graphics and text.,White,43,23.77,379.jpg,https://drive.google.com/file/d/1U11HTAF4ST92zBVXkb45TFhS-cUqaIQb/view?usp=drivesdk
380,black briefcase,Clothing,M,A black briefcase with dual front pockets and blue zipper accents.,Black,10,10.13,380.jpg,https://drive.google.com/file/d/16PAtGodXE6Ekk-bu3ieUaxWAdsDEbWVH/view?usp=drivesdk
381,Elastic Waist Shorts,Clothing,L,A pair of black shorts with an elastic waistband designed for comfort and casual wear.,Black,47,41.36,381.jpg,https://drive.google.com/file/d/1MO3WN98nEM9aI9rXz9q8xXIKIWT4BiHA/view?usp=drivesdk
382,Men's Chinos,Clothing,S,A pair of beige casual men's chinos with a button and zip closure.,Beige,6,44.23,382.jpg,https://drive.google.com/file/d/1SAq6zIUUOP0IQyVq_J1WxaDJoXZZfcO0/view?usp=drivesdk
383,Casual Chinos,Clothing,S,A pair of beige casual chinos with a straight fit and belt loops.,Beige,48,35.31,383.jpg,https://drive.google.com/file/d/19rMZn4rTrgZAIAz2c-NwugsKkcuEa0b0/view?usp=drivesdk
384,Checked Shirt,Clothing,L,A light blue checked long-sleeve button-up shirt with a collar.,Blue,42,34.15,384.jpg,https://drive.google.com/file/d/1VEZr_mFXGMXW0B1MSqKGEWFqgnkVKbxD/view?usp=drivesdk
385,Elastic Waist Pants,Clothing,S,"Black pants with an elastic waistband and side pockets, designed for comfort and casual wear.",Black,50,47.31,385.jpg,https://drive.google.com/file/d/1hwiknDmJp44uakc7402o_loTPMVHCSKb/view?usp=drivesdk
386,casual pants,Clothing,S,A pair of straight-fit casual pants in a solid dark color.,Navy Blue,6,31.14,386.jpg,https://drive.google.com/file/d/1ISkPs_ZeQCM7msKPCS4m4y6PKhT5ySeA/view?usp=drivesdk
387,zip-up jacket,Clothing,XL,A casual zip-up jacket with a high collar and long sleeves.,Gray,34,27.92,387.jpg,https://drive.google.com/file/d/1lI2inNBPjWOoZEK5JS2iT-K1gfzH4_6U/view?usp=drivesdk
388,Sporty Romper,Clothing,XL,"A black sporty romper with white and light blue trim details, featuring a sleeveless design and shorts bottom.",Black,42,29.39,388.jpg,https://drive.google.com/file/d/1fMXeW765G1YdSU2kB8_G0pB0rWXP7hOi/view?usp=drivesdk
389,Swim Cap,Clothing,XL,"A black swim cap made of smooth, waterproof material.",Black,40,18.73,389.jpg,https://drive.google.com/file/d/1AOsgX_QZCOIjHH8e68bkpTe5WIOhS-iW/view?usp=drivesdk
390,Black Swimsuit,Clothing,XL,A black one-piece swimsuit with pink trim and a fitted design.,Black,34,40.2,390.jpg,https://drive.google.com/file/d/1yuFue69W84-1NubyIlq15JL1mt2eogHi/view?usp=drivesdk
391,Graphic Flip Flops,Clothing,M,Red flip flops with yellow straps and a graphic design on the sole.,Red,22,46.79,391.jpg,https://drive.google.com/file/d/1LJAr6vcKl3ipG9Hbr1xDLCI2FYWptHkF/view?usp=drivesdk
392,Athletic Shorts,Clothing,L,A pair of bright red athletic shorts with an elastic waistband.,Red,19,40.59,392.jpg,https://drive.google.com/file/d/1zNHYsmy2snUABUIjcXrUhh7Zug-uPfmX/view?usp=drivesdk
393,Blue Polo,Clothing,S,A short-sleeve blue polo shirt with a collar and button placket.,Blue,6,42.14,393.jpg,https://drive.google.com/file/d/1n4auQhwLKl4lfZT-7o0KktPuMRpw9yQD/view?usp=drivesdk
394,Checkered Tie,Clothing,XL,A black tie featuring a subtle checkered pattern with purple lines.,Black,45,15.51,394.jpg,https://drive.google.com/file/d/1-vFsX9O2_D7yScblI-WZdOxaI_ThSCRE/view?usp=drivesdk
395,zipper vest,Clothing,S,A beige sleeveless vest with a front zipper and zippered pockets.,Beige,50,10.65,395.jpg,https://drive.google.com/file/d/1U4FLQ5Ui0KigkLryLyBXyprBGFxceRdG/view?usp=drivesdk
396,casual jacket,Clothing,S,A dark brown casual jacket with multiple front pockets and button closure.,Brown,32,13.51,396.jpg,https://drive.google.com/file/d/1nnscMODzvAuM5NLneQH58kl3lCnIYkvQ/view?usp=drivesdk
397,zip-up jacket,Clothing,M,A beige zip-up jacket with a stand collar and zippered pockets.,Beige,38,34.56,397.jpg,https://drive.google.com/file/d/1Lvi4aCdldxPn4mi2uLhoi1T-m52KOMho/view?usp=drivesdk
398,Puffer Vest,Clothing,S,A sleeveless black puffer vest with a front zipper and zippered pockets.,Black,26,22.8,398.jpg,https://drive.google.com/file/d/1yDIErPexbZd1YxrILQFUa56j3tzpqYQ8/view?usp=drivesdk
399,Casual Jacket,Clothing,M,A casual zip-up jacket with flap pockets and a high collar.,Gray,37,48,399.jpg,https://drive.google.com/file/d/1gcc6Rrj_fox2NkljwtVET7sghYpVd4Yo/view?usp=drivesdk
400,Plaid Shirt,Clothing,M,A men's long-sleeve plaid shirt with a button-down front and a chest pocket.,Red,24,42.29,400.jpg,https://drive.google.com/file/d/11oX-K36XcFnyNj6ePHjPA6Nd0tul4LWr/view?usp=drivesdk
401,Plaid Shirt,Clothing,S,"A men's long-sleeve plaid shirt with rolled-up sleeves featuring a mix of red, navy blue, and white colors.",Red,14,24.58,401.jpg,https://drive.google.com/file/d/1Ng0wZjAngvv7VPKPoaDlfygnpSuY2486/view?usp=drivesdk
402,Striped Sweater,Clothing,L,A long-sleeve V-neck sweater with horizontal stripes in varying shades of blue and white.,Blue,0,16.95,402.jpg,https://drive.google.com/file/d/1Nd1DPyOf5Io31fXWgb37F19rzaNcZAfF/view?usp=drivesdk
403,Checked Shirt,Clothing,L,A men's button-up checked shirt with rolled-up sleeves featuring a blue and brown plaid pattern.,Brown,34,35.53,403.jpg,https://drive.google.com/file/d/17q2cFBcv7kQi__6xaxySUb0_Iihh1-Kx/view?usp=drivesdk
404,zip-up sweater,Clothing,L,A dark gray zip-up sweater with a high collar and front pockets.,Gray,7,38.11,404.jpg,https://drive.google.com/file/d/1fe8fItIN8XNFaaxMoCo70US_N4jdpwss/view?usp=drivesdk
405,Striped Sweater Vest,Clothing,M,A grey V-neck sleeveless sweater vest with thin horizontal stripes.,Grey,13,23.25,405.jpg,https://drive.google.com/file/d/1kPPQoFJwVLgKhKUKgNd4y7EkcywCUky7/view?usp=drivesdk
406,Corduroy Pants,Clothing,M,Men's beige corduroy pants with a straight fit and button closure.,Beige,8,15.18,406.jpg,https://drive.google.com/file/d/1ujTbweGmcfnMvNs51S3i4acuCP7FKF-S/view?usp=drivesdk
407,casual trousers,Clothing,L,A pair of dark-colored casual trousers with a straight fit.,Black,39,29.99,407.jpg,https://drive.google.com/file/d/1Gh-WxsW3ENDJHPIFRmo8-7JpwfA7gFCM/view?usp=drivesdk
408,Plaid Shirt,Clothing,S,Men's casual plaid shirt with rolled-up sleeves and button-down front.,Blue,39,11.07,408.jpg,https://drive.google.com/file/d/1EKs5-DNgHNfHMjiM0aKhqVRHcKdBCQtx/view?usp=drivesdk
409,Track Pants,Clothing,XL,Navy blue track pants with red side stripes and an elastic waistband.,Navy Blue,14,25.46,409.jpg,https://drive.google.com/file/d/1wSDmn-5diZdCOGEo7Dob1_sP72FGOOck/view?usp=drivesdk
410,Plaid Shirt,Clothing,M,A long-sleeve button-up shirt with a multicolor plaid pattern.,Pink,48,17.18,410.jpg,https://drive.google.com/file/d/1WMsNzcUbvmGk6cdgrvnvL8KbH5s8Ubu7/view?usp=drivesdk
411,Men's Chinos,Clothing,L,A pair of dark gray casual men's chinos with a straight fit.,Gray,6,42.62,411.jpg,https://drive.google.com/file/d/117x4oBzyMyIh7FOBo4Ww4dzx2Cd3mDSH/view?usp=drivesdk
412,casual pants,Clothing,S,A pair of straight-fit casual pants with a button and zip closure.,Brown,39,37.74,412.jpg,https://drive.google.com/file/d/19fy4RmR30ZDpg2FHvs6nUsMJqS43fNt9/view?usp=drivesdk
413,casual trousers,Clothing,S,A pair of casual straight-fit trousers with a button and zip closure.,Olive,39,10.21,413.jpg,https://drive.google.com/file/d/1NkVJULOn4qWwqet93qqj095_tNnmi0Xj/view?usp=drivesdk
414,casual pants,Clothing,S,A pair of straight-fit casual pants in a solid color.,Green,29,45.07,414.jpg,https://drive.google.com/file/d/1aJeOR59WSmk9OObjApv6gHuJHcf0Jxgr/view?usp=drivesdk
415,Men's Chinos,Clothing,L,A pair of black casual men's chinos with a button and zip closure.,Black,15,44.85,415.jpg,https://drive.google.com/file/d/1GInBMB83yMaQJXc9j9NUPkSRxU-K-Mtp/view?usp=drivesdk
416,casual pants,Clothing,L,A pair of straight-fit casual pants with a button and zipper closure.,Black,30,19.77,416.jpg,https://drive.google.com/file/d/1t1xdXEPqt5YzcjOV62VxzL_u7Z8-MxSl/view?usp=drivesdk
417,Track Pants,Clothing,M,Men's black track pants with light gray side panels and an elastic waistband.,Black,20,49.73,417.jpg,https://drive.google.com/file/d/1YbMsJd21bC7UBQOyAAlDILLrmsJZ-c3X/view?usp=drivesdk
418,casual chinos,Clothing,L,A pair of beige casual chinos with a straight fit and button closure.,Beige,41,34.66,418.jpg,https://drive.google.com/file/d/15kGksahNd6NwjpKV72xWSkoIoONg-31v/view?usp=drivesdk
419,White Sunglasses,Clothing,L,White frame sunglasses with dark gradient lenses and metallic accents.,White,24,26.39,419.jpg,https://drive.google.com/file/d/1czhs5Eu9rKz6beBzgRMq-2HNAXBphonk/view?usp=drivesdk
420,Cat Eye Sunglasses,Clothing,M,Black cat eye sunglasses with gradient lenses and beige arms.,Black,47,43.23,420.jpg,https://drive.google.com/file/d/1ocZ6KwBD19uX1Qz9uliFF7rqfFMZMtEj/view?usp=drivesdk
421,Red Sunglasses,Clothing,S,A pair of red-framed sunglasses with gradient brown lenses.,Red,27,10.98,421.jpg,https://drive.google.com/file/d/1yp6bEJ-fNyY2Yy7HAYS2x4EdGgnrvTOz/view?usp=drivesdk
422,Track Jacket,Clothing,XL,A navy blue track jacket with red stripes on the sleeves and red trim on the zipper and cuffs.,Navy Blue,16,47.1,422.jpg,https://drive.google.com/file/d/191wggXWZznwIIzJ84Gnt_R--QvyZRROc/view?usp=drivesdk
423,Track Jacket,Clothing,M,"Black track jacket with red stripes on sleeves, zipper front, and ribbed cuffs and hem.",Black,13,10.97,423.jpg,https://drive.google.com/file/d/1IBNstQr4EKSNTjgsIj8lHMXSSzLaWAgK/view?usp=drivesdk
424,Graphic Tee,Clothing,XL,A red short-sleeve t-shirt with a round neckline and a 'follow me' graphic design featuring bees.,Red,22,34.37,424.jpg,https://drive.google.com/file/d/1f7PRrWqPl0UwjtoZ6lu0Od3Thpo075uB/view?usp=drivesdk
425,Leather Loafer,Clothing,S,A brown leather slip-on loafer with a low heel and subtle stitching details.,Brown,18,22.14,425.jpg,https://drive.google.com/file/d/1SobUtGiEqmMXW9MYQymLDjjUwcC0VPew/view?usp=drivesdk
426,Leather Sneaker,Clothing,L,A black leather sneaker with lace-up closure and suede detailing on the sides and heel.,Black,40,30.88,426.jpg,https://drive.google.com/file/d/1I9opTOhCJDGGyL-QR5b1rPRLQv__K1kp/view?usp=drivesdk
427,Black Brogue Shoe,Clothing,L,A black leather brogue shoe with decorative perforations and lace-up closure.,Black,7,32.17,427.jpg,https://drive.google.com/file/d/1BInYtYHSXxqzVGRL2KcCaC4_6j8Pxj4z/view?usp=drivesdk
428,Leather Ankle Boot,Clothing,L,A sleek black leather ankle boot with lace-up closure and a low heel.,Black,36,28.52,428.jpg,https://drive.google.com/file/d/1hVuQhZ8UCcgFvQp2QGQt0WC7Fe-bJH9n/view?usp=drivesdk
429,Black Loafer,Clothing,XL,A sleek black leather loafer with a low heel and decorative strap detail.,Black,50,40.59,429.jpg,https://drive.google.com/file/d/1xYA78_KaMZSVXOK-nbGLq1zgbZaFCU8M/view?usp=drivesdk
430,Puma Track Jacket,Clothing,S,A navy blue track jacket with white stripes on the sleeves and a front zipper.,Blue,17,20.5,430.jpg,https://drive.google.com/file/d/1EfsYTXw3fDCdl_Y92kObn9ekPZBpo8f3/view?usp=drivesdk
431,Puma Track Jacket,Clothing,L,A red zip-up track jacket with white stripes on the sleeves and a Puma logo on the chest.,Red,32,35.24,431.jpg,https://drive.google.com/file/d/1hHJmJftGccUl9EDTrnkLbDNgoaOzXroY/view?usp=drivesdk
432,Puma Hoodie,Clothing,XL,Black hoodie with a front kangaroo pocket and Puma logo on the chest.,Black,50,20.98,432.jpg,https://drive.google.com/file/d/1datkntyOzn94f58lEQ_07mSGSTqJ4wjs/view?usp=drivesdk
433,Puma Hoodie,Clothing,M,Dark gray hoodie with a front kangaroo pocket and a diagonal Puma logo in green and white.,Gray,1,22.32,433.jpg,https://drive.google.com/file/d/1H7U0BpG9xCA6RrTBmB-K32EDomMecEXu/view?usp=drivesdk
434,Colorblock Jacket,Clothing,M,"A men's zip-up jacket featuring black, white, and gray color blocks with a stand collar.",Black,49,16.22,434.jpg,https://drive.google.com/file/d/1TmENWfEHa_6wJVgsWkuwjQdjayHHZBNq/view?usp=drivesdk
435,Graphic T-shirt,Clothing,S,Black short-sleeve T-shirt with a round neck and abstract graphic design on the front.,Black,6,34.2,435.jpg,https://drive.google.com/file/d/1K8-09JigKzJcVUaxO50f7RJ1UDYdolRN/view?usp=drivesdk
436,Athletic Sweatpants,Clothing,S,Gray sweatpants with an elastic waistband and white printed text on the leg.,Gray,48,11.03,436.jpg,https://drive.google.com/file/d/1y9yBeXV7opvZWHe62rWQNjWHLEyiU54r/view?usp=drivesdk
437,Graphic Sweatpants,Clothing,XL,Navy blue sweatpants with yellow graphic text on the left leg and an elastic waistband.,Navy Blue,49,44.96,437.jpg,https://drive.google.com/file/d/1odP4AnnF-uVNZjZYRacwlxeuRFbyCKtl/view?usp=drivesdk
438,V-neck Sweater Vest,Clothing,S,A black sleeveless V-neck sweater vest with a yellow Puma logo on the chest.,Black,37,45.9,438.jpg,https://drive.google.com/file/d/1T975PTRDxhe9l432aklu_Qr9b35_Obzv/view?usp=drivesdk
439,Track Jacket,Clothing,L,A navy blue track jacket with red stripes on the sleeves and red accents on the zipper and cuffs.,Navy Blue,15,13.02,439.jpg,https://drive.google.com/file/d/1RLsWE88GeQIGIpCvKHYNZtp9zE-gonJ8/view?usp=drivesdk
440,Puma Track Jacket,Clothing,L,"A black track jacket with white stripes on the sleeves and a front zipper, featuring the Puma logo on the chest.",Black,17,15.2,440.jpg,https://drive.google.com/file/d/1ar4f4gu0rv7BP0h4KjhnxDcViUUu2sVL/view?usp=drivesdk
441,Track Pants,Clothing,XL,Black track pants with white side stripes and a Puma logo on the thigh.,Black,50,35.05,441.jpg,https://drive.google.com/file/d/12VdKjQRePPBEeVymPckrtDh51AQnScFW/view?usp=drivesdk
442,Track Suit,Clothing,L,A navy blue full-sleeve track suit with white zipper and logo detailing.,Navy Blue,22,43.09,442.jpg,https://drive.google.com/file/d/1uZZsy5aObTNx-PuEeDsDMfAlLRcHdeFA/view?usp=drivesdk
443,Puma Sweatshirt,Clothing,S,A dark grey sweatshirt featuring the Puma logo and brand name in pink and white on the front.,Dark Grey,36,16.95,443.jpg,https://drive.google.com/file/d/12Ix94muUXcx3IAr3w6_3AoPyftZSEkCr/view?usp=drivesdk
444,Puma Sweatshirt,Clothing,S,Black sweatshirt with a blue and yellow Puma logo on the front.,Black,34,27.71,444.jpg,https://drive.google.com/file/d/17p7f2hdjLmWiV4VKLRztm4RFSdHSJCpl/view?usp=drivesdk
445,Track Suit,Clothing,S,A men's track suit with a grey and black zip-up jacket and black pants.,Black,38,40.39,445.jpg,https://drive.google.com/file/d/1WzqYSE_kBkzvxfgPGI3GFEx5vIXywalT/view?usp=drivesdk
446,Batman Sweatshirt,Clothing,XL,A navy blue sweatshirt featuring a Batman logo and Gotham City text on the front.,Blue,13,29.99,446.jpg,https://drive.google.com/file/d/1j-JEsOnSq9K6psWfv9b7ss10NKoLU0PY/view?usp=drivesdk
447,Beatles Sweatshirt,Clothing,L,Black sweatshirt featuring a large 'The Beatles' logo and a small guitar graphic on the chest.,Black,5,26.38,447.jpg,https://drive.google.com/file/d/1eThF8SxMbih51nUVaU-ln6_VFIFgRF5n/view?usp=drivesdk
448,Batman Hoodie,Clothing,XL,A dark gray hoodie featuring a Batman graphic and front pocket.,Gray,23,29.84,448.jpg,https://drive.google.com/file/d/1FuQhwgKZO_Of386JRtmbI4WecsmEizOv/view?usp=drivesdk
449,Formal Trousers,Clothing,M,"A pair of grey formal trousers with a crease down the front, worn with a black belt.",Grey,6,41.57,449.jpg,https://drive.google.com/file/d/1tgOu1grpYm3WJ1TQyQZDVXq5FECzlqwR/view?usp=drivesdk
450,Formal Trousers,Clothing,L,"A pair of black formal trousers with a straight fit, worn with a belt.",Black,5,17.32,450.jpg,https://drive.google.com/file/d/1h8lSr7HvNVIAqN9kkl92hFnDATm1Y1C9/view?usp=drivesdk
451,Formal Trousers,Clothing,M,"A pair of dark navy formal trousers with a straight fit, worn with a black belt.",Navy,10,22.91,451.jpg,https://drive.google.com/file/d/1L40qQcvwits4dIpgfEZLzT6sA7D1tpa0/view?usp=drivesdk
452,swimming goggles,Clothing,XL,Black swimming goggles with blue tinted lenses and a sleek design.,Black,38,10.75,452.jpg,https://drive.google.com/file/d/1bVQNVmFYNm2gOcQV4QRmfGG8SsH1SFu0/view?usp=drivesdk
453,Men's Dress Pants,Clothing,XL,A pair of formal men's dress pants with a straight fit.,Olive Green,4,20.28,453.jpg,https://drive.google.com/file/d/1hVIHK6sN7SkaHSnMjcSusbLTByMvabKR/view?usp=drivesdk
454,Formal Trousers,Clothing,S,"A pair of black formal trousers with a straight fit, worn with a belt.",Black,20,33.91,454.jpg,https://drive.google.com/file/d/1c1N6MWoHqApw47aC47Pk130e8N5-n7-7/view?usp=drivesdk
455,Levi's Hoodie,Clothing,S,Black hoodie with a front pocket and a red Levi's logo on the chest.,Black,10,40.78,455.jpg,https://drive.google.com/file/d/13Qbp7nkeu_DUitsUmIeooeH0OOEphqkg/view?usp=drivesdk
456,Printed Hoodie,Clothing,XL,A casual olive green hoodie with a front pocket and bold printed text on the chest.,Olive Green,44,32.59,456.jpg,https://drive.google.com/file/d/1Gcrlak8IOQX11Us-YvY1sggNaLv5IQe1/view?usp=drivesdk
457,Zip Hoodie,Clothing,L,A grey zip-up hoodie with a printed design on the chest and a patterned inner hood lining.,Grey,34,29.13,457.jpg,https://drive.google.com/file/d/1MB_TkxxpgJgQWTWBYcMNMkBogT3IYanD/view?usp=drivesdk
458,Henley T-shirt,Clothing,S,A dark green short-sleeve Henley T-shirt with buttoned placket and printed text on the chest.,Green,47,45.03,458.jpg,https://drive.google.com/file/d/16eMNRyl6LLMdAzfGeG1Fq3hQ0kxO8Ubw/view?usp=drivesdk
459,Faded Blue Jeans,Clothing,S,A pair of blue denim jeans with a faded wash and a straight fit.,Blue,46,33.46,459.jpg,https://drive.google.com/file/d/1ObVCVr-P2otKxnALjgtKgyaxiqgCtR93/view?usp=drivesdk
460,Men's Jeans,Clothing,S,A pair of dark blue denim jeans with a straight fit.,Blue,28,22.11,460.jpg,https://drive.google.com/file/d/1qGfBxicXNmPZvPL3-Unqzms1pFWWMJoW/view?usp=drivesdk
461,Plaid Shirt,Clothing,S,A long-sleeve black and white plaid button-up shirt with a chest pocket.,Black,13,10.29,461.jpg,https://drive.google.com/file/d/1Z0S84pgzQpBPb9HlJ5xrfDnJmhY4Wl6T/view?usp=drivesdk
462,Track Jacket,Clothing,L,Blue zip-up track jacket with orange stripes on the sleeves and an orange Nike logo on the chest.,Blue,40,21,462.jpg,https://drive.google.com/file/d/1cxp2x11frl7uMpoQ_Y5rI0BgqJYOeJ9n/view?usp=drivesdk
463,Pinstripe Trousers,Clothing,XL,Men's formal pinstripe trousers with a straight fit.,Brown,42,35.61,463.jpg,https://drive.google.com/file/d/1u-wa_mXnqP_2iUrOKJBQkcr6mVz0ymNS/view?usp=drivesdk
464,Formal Trousers,Clothing,L,A pair of black formal trousers worn with a belt and dress shoes.,Black,42,37.11,464.jpg,https://drive.google.com/file/d/1alVFc3nZVOI0-kOrwLCj3n3HIGD1foDD/view?usp=drivesdk
465,Hooded Windbreaker,Clothing,XL,A blue and black hooded windbreaker jacket with a front zipper and an orange logo on the chest.,Blue,33,27.87,465.jpg,https://drive.google.com/file/d/1hA_u-HoyabX993grZfrjwoiXEobhKKsF/view?usp=drivesdk
466,casual pants,Clothing,L,A pair of casual straight-fit pants in a solid color.,Brown,28,42.43,466.jpg,https://drive.google.com/file/d/1pnBVrZ3VWzCkU9EH5otvYdGk6Spo0Q7R/view?usp=drivesdk
467,Logo Hoodie,Clothing,M,Black hoodie with a red-lined hood and a large FILA logo on the chest.,Black,46,47.16,467.jpg,https://drive.google.com/file/d/1ByAlY4SY_icsEulL4VxgA_DDkIFyBIeL/view?usp=drivesdk
468,Red Sweater Vest,Clothing,XL,A red V-neck sweater vest with black horizontal stripes near the hem.,Red,20,23.25,468.jpg,https://drive.google.com/file/d/1VsygMOfK8PVq7ft1vSVFoinGXhkTXaK6/view?usp=drivesdk
469,zip-up jacket,Clothing,S,A black zip-up jacket with a stand collar and elastic cuffs.,Black,21,13.44,469.jpg,https://drive.google.com/file/d/1akQ8OaG8a2BPKEELMtRN0HHNay496OSb/view?usp=drivesdk
470,zip-up vest,Clothing,M,A black sleeveless zip-up vest with striped collar and hem.,Black,50,24.8,470.jpg,https://drive.google.com/file/d/1_ioYagyvRfEXHL-03XiTSJu71oZrLswc/view?usp=drivesdk
471,Embellished Clutch,Clothing,M,A gold clutch bag with a ruched design and a beaded top adorned with large crystal embellishments.,Gold,4,39.1,471.jpg,https://drive.google.com/file/d/1up-3YsEj8m05Yq-2RnJ5MvFiJoDco1TA/view?usp=drivesdk
472,Black Wristwatch,Clothing,M,"A black wristwatch with a square dial, date display, and metal strap.",Black,46,26.45,472.jpg,https://drive.google.com/file/d/1Adevgumu0OayTS8hJd3nOliHEOxetHFT/view?usp=drivesdk
473,Black Wristwatch,Clothing,XL,A black wristwatch with a round dial featuring multiple subdials and a date display.,Black,31,49.64,473.jpg,https://drive.google.com/file/d/1J_LNkViaCAonPpXiBlSnSUL7bcETx_6u/view?usp=drivesdk
474,Green Wristwatch,Clothing,M,"A green wristwatch with a square face, black dial, and date display.",Green,10,21.07,474.jpg,https://drive.google.com/file/d/1n3Rz-kMpfnSLRkDgKHp1G0zHYGqW8SrD/view?usp=drivesdk
475,casual pants,Clothing,XL,A pair of black casual pants with a straight fit.,Black,17,15.04,475.jpg,https://drive.google.com/file/d/1BuzfnOJ87bqZmkql4aT74YO6WP51Z4dF/view?usp=drivesdk
476,Animal Print Skirt,Clothing,S,A short skirt with a black and white animal print pattern and a solid black waistband.,Black,46,34.27,476.jpg,https://drive.google.com/file/d/1BBOB0ijWu0yaMJryYtxONrTf8cvCzRvi/view?usp=drivesdk
477,Faded Jeans,Clothing,S,A pair of blue faded denim jeans with a slim fit design.,Blue,43,14.48,477.jpg,https://drive.google.com/file/d/1OC9F-lHuNPmY0QUrjFANR_3KXz4rOUqq/view?usp=drivesdk
478,Oversized Sunglasses,Clothing,M,A pair of oversized sunglasses with dark gradient lenses and patterned arms.,Black,8,41.7,478.jpg,https://drive.google.com/file/d/1-xrtCgzDopiiKjwbXruBeg0vMl06dnGh/view?usp=drivesdk
479,Oversized Sunglasses,Clothing,XL,Black and clear oversized sunglasses with gradient dark lenses.,Black,47,16.34,479.jpg,https://drive.google.com/file/d/1tswj4g3UwZxaR-LsQAqJFMsEPXNv-6rl/view?usp=drivesdk
480,Oversized Sunglasses,Clothing,S,"Large, rounded sunglasses with a purple tortoiseshell frame and gradient lenses.",Purple,37,30.9,480.jpg,https://drive.google.com/file/d/1nbDkqIouMgjsFmG6jixeS_LHJ7nEnVln/view?usp=drivesdk
481,Aviator Sunglasses,Clothing,L,Metal frame aviator sunglasses with green tinted lenses.,Green,30,36.67,481.jpg,https://drive.google.com/file/d/1MLYRsA5Drllh9HEFwJENYQad2SmmUe27/view?usp=drivesdk
482,Aviator Sunglasses,Clothing,XL,Brown aviator-style sunglasses with gradient lenses and a sleek frame.,Brown,42,18.15,482.jpg,https://drive.google.com/file/d/11tYGEwVVmWPC_uKrLbKF3kX1RsCJQ-R7/view?usp=drivesdk
483,Aviator Sunglasses,Clothing,L,A pair of aviator-style sunglasses with brown gradient lenses and thin metal frames.,Brown,47,10.24,483.jpg,https://drive.google.com/file/d/1hhZ78AdmsqR5E3FuqO5z61cmfDW0S8i5/view?usp=drivesdk
484,zip-up hoodie,Clothing,XL,"A grey zip-up hoodie with a hood and front pockets, featuring a printed design on the chest.",Grey,39,49.34,484.jpg,https://drive.google.com/file/d/1dUr7hiWyBBreRDlyrYZVwnHSzUII4nxH/view?usp=drivesdk
485,Sleeveless Hoodie,Clothing,XL,A sleeveless zip-up hoodie with a maroon body and a striped inner hood lining.,Maroon,24,27.01,485.jpg,https://drive.google.com/file/d/1VZNRW4cXOpjj8mQpSHAv0FaYwEkdQKtR/view?usp=drivesdk
486,Slim Fit Jeans,Clothing,L,A pair of slim fit jeans with a slightly faded wash and classic five-pocket styling.,Blue,34,32.61,486.jpg,https://drive.google.com/file/d/1RxoU_7zXglg5Hv138Ey-422WcPZ04XMz/view?usp=drivesdk
487,V-neck Sweater,Clothing,L,A black long-sleeve V-neck sweater with a small printed logo on the chest.,Black,25,44.07,487.jpg,https://drive.google.com/file/d/1CxK5Sji4vNnss17piXRWe9NFvMmtjpUR/view?usp=drivesdk
488,Oversized Sunglasses,Clothing,M,A pair of oversized sunglasses with black frames and gradient dark lenses.,Black,24,41.11,488.jpg,https://drive.google.com/file/d/1b52W-gqNh4aXb75_n5XbY1JsskKfRJOK/view?usp=drivesdk
489,Patterned Sunglasses,Clothing,XL,Sunglasses with a patterned frame and dark tinted lenses.,Beige,9,21.11,489.jpg,https://drive.google.com/file/d/1yeQq_5pctHE5pFQ1skQOIiANS7VPqpI7/view?usp=drivesdk
490,Aviator Sunglasses,Clothing,S,Black aviator sunglasses with gradient dark lenses and thin metal frame.,Black,35,32.03,490.jpg,https://drive.google.com/file/d/1ovMM3LMvpDyci5mHcQ11HVAIqDKeCuuf/view?usp=drivesdk
491,Striped Flip Flop,Clothing,L,A black flip flop with a striped navy and white fabric strap and a cushioned sole.,Black,1,39.92,491.jpg,https://drive.google.com/file/d/1TboolFKqdi5QRjwgt4XGRyz7vYCKIjG8/view?usp=drivesdk
492,Strappy Heeled Sandal,Clothing,L,A women's open-toe heeled sandal with crossed metallic and black straps.,Black,1,20.04,492.jpg,https://drive.google.com/file/d/1xjlAhqoziCBIbaAgM1cbzWz5SAcysdGk/view?usp=drivesdk
493,Casual Sneakers,Clothing,S,A pair of casual sneakers featuring a combination of white and beige with perforated detailing and lace-up closure.,Beige,28,47.02,493.jpg,https://drive.google.com/file/d/1KB4o1c-fSQoxCoQ8QllBljgSeIN2Pc9U/view?usp=drivesdk
494,Quilted Denim Wallet,Clothing,M,A quilted wallet made from blue denim fabric with a button closure.,Blue,33,43.29,494.jpg,https://drive.google.com/file/d/1k-6uCRAHAvBpm2UsBbH5x8b2N4wCDE0F/view?usp=drivesdk
495,Floral Wallet,Clothing,M,A navy blue leather wallet featuring a stitched floral design on the front.,Blue,35,48.6,495.jpg,https://drive.google.com/file/d/1I9bPNdYCxMm0HNocuLU0dVZT3w8J09lK/view?usp=drivesdk
496,Textured Handbag,Clothing,M,A brown textured handbag with dual handles and buckle details.,Brown,10,41.57,496.jpg,https://drive.google.com/file/d/1opKkgM45fIuHz-nKtThrar_dnIw5AHTT/view?usp=drivesdk
497,Black Handbag,Clothing,XL,A black handbag with studded straps and a zip closure.,Black,30,17.41,497.jpg,https://drive.google.com/file/d/16teF0mA-f1HPH7TlP2haKk_LPzjrAV5h/view?usp=drivesdk
498,Puffer Vest,Clothing,S,"A sleeveless padded vest with button and zipper closure, featuring a logo on the chest.",Maroon,5,27.82,498.jpg,https://drive.google.com/file/d/1eG6I8g4cKfnUtZufgdpDZOOff98ylwn7/view?usp=drivesdk
499,Puffer Vest,Clothing,XL,A sleeveless navy blue puffer vest with button closure and a yellow embroidered logo on the chest.,Navy Blue,5,40.5,499.jpg,https://drive.google.com/file/d/1uHcx7RHAh0WI2mp_tXG1oclmIJpv6roO/view?usp=drivesdk
500,casual jacket,Clothing,L,A black casual jacket with a front zipper and buttoned collar.,Black,9,25.96,500.jpg,https://drive.google.com/file/d/19gWZgj2PQVFPnIJsCtT65cjhCB6Pclvn/view?usp=drivesdk
501,Navy Bomber Jacket,Clothing,L,"A navy blue bomber jacket with a zip front, stand collar, and striped cuffs.",Navy Blue,27,29.89,501.jpg,https://drive.google.com/file/d/1sWq8wGEa_LQQzoVHaWvBqSIyvBWmynrI/view?usp=drivesdk
502,Checkered Shirt,Clothing,M,A beige checkered long-sleeve shirt with a front pocket and rolled-up sleeves.,Beige,41,49.44,502.jpg,https://drive.google.com/file/d/1PnDNPJFhlPkHxVYvwlzrK1pbDHCzN3eg/view?usp=drivesdk
503,Plaid Shirt,Clothing,XL,"A long-sleeve, button-up plaid shirt with a chest pocket and rolled-up sleeves.",Red,42,43.18,503.jpg,https://drive.google.com/file/d/1RoxpbBQ2IF7lgdavFXr8gpejha0O9xDG/view?usp=drivesdk
504,Striped Shirt,Clothing,M,A long-sleeve button-up shirt with vertical navy blue and white stripes.,Blue,28,48.05,504.jpg,https://drive.google.com/file/d/1ZqA-1lbhbmuprh059hwjzwYTkcaIrfF6/view?usp=drivesdk
505,Striped Sweater,Clothing,L,"A men's V-neck sweater featuring horizontal stripes in black, white, yellow, and blue.",Black,33,13.09,505.jpg,https://drive.google.com/file/d/1Ql61E-T3orwlpvom8mLYA7tNe1kZTFXD/view?usp=drivesdk
506,V-neck Sweater Vest,Clothing,XL,A grey V-neck sweater vest with blue trim and an embroidered logo on the chest.,Grey,1,19.6,506.jpg,https://drive.google.com/file/d/1ZTiBM7WLRvmvu8rvJUN8lwikCx6v37Mq/view?usp=drivesdk
507,V-neck Sweater Vest,Clothing,L,A maroon V-neck sweater vest with white striped detailing and a USPA logo on the chest.,Maroon,28,22.1,507.jpg,https://drive.google.com/file/d/1-ZEarRVhCzaYDRS_xjufO3oVMd_3gzdc/view?usp=drivesdk
508,Aviator Sunglasses,Clothing,XL,Black aviator sunglasses with gradient grey lenses and a thin metal frame.,Black,19,42.28,508.jpg,https://drive.google.com/file/d/1yxGn3sI-7zGVCmGk94SN3ztStiPRs9mm/view?usp=drivesdk
509,Button Collar Sweater,Clothing,S,A grey knitted sweater with a buttoned collar and ribbed cuffs and hem.,Grey,19,18.07,509.jpg,https://drive.google.com/file/d/1TFRyc0dD-7oTB84AqtD1enn4BS9XWGy7/view?usp=drivesdk
510,Women's Sunglasses,Clothing,M,Stylish women's sunglasses with a dark red frame and gradient brown lenses.,Red,44,10.89,510.jpg,https://drive.google.com/file/d/1axPu4RI7PX9HvX9mjR71xEK6LCFOfenZ/view?usp=drivesdk
511,Silver Wristwatch,Clothing,XL,A silver metal wristwatch with a square face and multiple dials for date and time.,Silver,39,13.66,511.jpg,https://drive.google.com/file/d/1UIRwYOsLdj_Uh3EQKPRMgRQa-cKcyqkg/view?usp=drivesdk
512,Metal Wristwatch,Clothing,XL,A silver metal wristwatch with a black dial featuring multiple subdials and a stainless steel band.,Silver,9,15.95,512.jpg,https://drive.google.com/file/d/1WQQAgZThEFaNtDaMUjIRLZvNtyiygcoU/view?usp=drivesdk
513,G-Shock Watch,Clothing,L,A black and gold rugged digital-analog wristwatch with shock resistance and multiple function buttons.,Black,41,23.03,513.jpg,https://drive.google.com/file/d/1qa4XX03vj2D57Em1duSC6qllQembf5au/view?usp=drivesdk
514,Tie-front Cardigan,Clothing,L,A long-sleeve knitted cardigan with a tie-front detail in a textured pattern.,Magenta,28,26.21,514.jpg,https://drive.google.com/file/d/1LS2iniXbpi_pEITh4URmEOPeZRluYdbP/view?usp=drivesdk
515,Adidas Cap,Clothing,L,Black Adidas baseball cap with white logo and three white stripes on the brim.,Black,46,17.2,515.jpg,https://drive.google.com/file/d/1LqYkiC0wDz3AARpD1Y-ZHqtf4LiWjgzR/view?usp=drivesdk
516,Pink Shirt,Clothing,S,A light pink long-sleeve button-up shirt with a collar and a chest pocket.,Pink,10,48.73,516.jpg,https://drive.google.com/file/d/1bc9_m9dQJdYnHzxGYncJ8ZTyq2o5UHnE/view?usp=drivesdk
517,Formal Shirt,Clothing,S,A light blue long-sleeve formal shirt with a button-down front and a chest pocket.,Light Blue,48,12.34,517.jpg,https://drive.google.com/file/d/15wL-98BttAnZhpSVntVwU7YOO8hNwk5r/view?usp=drivesdk
518,Striped Collar Jacket,Clothing,XL,A white zip-up jacket featuring a striped collar and cuffs with an embroidered crest on the chest.,White,11,43.11,518.jpg,https://drive.google.com/file/d/1LGx81xcDS-e0HEhhPO7MjuI_YDbR-ioN/view?usp=drivesdk
519,Black Capris,Clothing,L,A pair of black capri pants with an elastic waistband and small bows at the hem.,Black,36,24.17,519.jpg,https://drive.google.com/file/d/1hT4u9nHsjO7xBHXnevnKEwCr9XXLgc-n/view?usp=drivesdk
520,White Capris,Clothing,XL,A pair of white capri leggings with an elastic waistband and small bows at the hem.,White,5,39.72,520.jpg,https://drive.google.com/file/d/178bUOX5CqrxuTj_P17Bhg0hrnePFJBQ7/view?usp=drivesdk
521,Pink Leggings,Clothing,L,Soft pink leggings with lace trim at the hem and a ruffled waistband.,Pink,14,17.8,521.jpg,https://drive.google.com/file/d/1K7abw9fl9voxck56vTaWAgivAy0cGl_t/view?usp=drivesdk
522,Track Pants,Clothing,XL,Black elastic waist track pants suitable for sports or casual wear.,Black,6,16.79,522.jpg,https://drive.google.com/file/d/1SeBg5VrjHAsECO3dXm3r6FumJoF8VlO1/view?usp=drivesdk
523,Track Jacket,Clothing,XL,A white zip-up track jacket with black side panels and a stand collar.,White,31,12,523.jpg,https://drive.google.com/file/d/1-H2s5fKlVNir__idMAtB71kN3Iz9n0tD/view?usp=drivesdk
524,Puffer Jacket,Clothing,S,A dark gray padded puffer jacket with a front zipper and high collar.,Gray,20,24.23,524.jpg,https://drive.google.com/file/d/1yqoiCybOlQcD52W6MPu5beVWjnmlfk83/view?usp=drivesdk
525,Puffer Jacket,Clothing,L,A blue zip-up puffer jacket with a high collar and elastic cuffs.,Blue,24,33.35,525.jpg,https://drive.google.com/file/d/1Ojc521HnV01aXJaQKUwW79RZlCNPVnNM/view?usp=drivesdk
526,Cropped Joggers,Clothing,L,Black cropped joggers with ribbed cuffs and subtle yellow stitching details.,Black,36,26.37,526.jpg,https://drive.google.com/file/d/1Bk7Fkh9mNZwmdl4rrXqAdi3rB6EcffXb/view?usp=drivesdk
527,Converse Flipflops,Clothing,S,Black flipflops with a textured strap and Converse branding on the sole.,Black,46,40.14,527.jpg,https://drive.google.com/file/d/1qwPXABdhlROs2EZw4T-HoSyUWSCe0LtY/view?usp=drivesdk
528,Mary Jane Heels,Clothing,S,Brown Mary Jane style heels with a buckle strap and plaid inner lining.,Brown,29,20.39,528.jpg,https://drive.google.com/file/d/1Gs2mUqMiwd6A8JBQFcSNkyypYXHQiWaP/view?usp=drivesdk
529,Mary Jane Shoe,Clothing,S,"A black Mary Jane shoe with a perforated design and a velcro strap, featuring a pink inner lining.",Black,32,10.15,529.jpg,https://drive.google.com/file/d/16tlxXClpw2RN3eFqRkBLiifu_BmJ_wPt/view?usp=drivesdk
530,Checked Shirt,Clothing,L,"A long-sleeve button-up shirt with a red, blue, and black checked pattern on a white background.",White,12,19.25,530.jpg,https://drive.google.com/file/d/1_Gl0ePZYJt4JEVK82I4UzDG1eQhvd2fN/view?usp=drivesdk
531,Mandarin Collar Shirt,Clothing,XL,A folded long-sleeve shirt with a mandarin collar in a solid maroon color.,Maroon,36,17.06,531.jpg,https://drive.google.com/file/d/1N5LSPUYdWdioYvSbxJO-wQzlnNBkT_Vt/view?usp=drivesdk
532,Running Shoe,Clothing,XL,White and blue Puma running shoe with mesh upper and cushioned sole.,White,49,48.28,532.jpg,https://drive.google.com/file/d/1ZdX55iOEZ7jSoqfFuZVhFwNndSVKWxu_/view?usp=drivesdk
533,Leather Oxford,Clothing,S,A brown leather oxford shoe with lace-up closure and detailed stitching.,Brown,5,16.87,533.jpg,https://drive.google.com/file/d/1zT7kQ4HuovKKHrBzAyleuyvLIbOamk38/view?usp=drivesdk
534,Graphic T-shirt,Clothing,M,A pink short-sleeve t-shirt featuring a cartoon character and the text 'ON THE MOVE'.,Pink,16,45.74,534.jpg,https://drive.google.com/file/d/1rlPNCWTGAm4baaNdiW9xZ0ItZ_LeZnO_/view?usp=drivesdk
535,Basic T-shirt,Clothing,XL,A plain light grey short-sleeve crew neck t-shirt.,Grey,19,18.04,535.jpg,https://drive.google.com/file/d/1-xDGvwgXIErndyKi-Zgjo_I6SgGruN_Z/view?usp=drivesdk
536,Puffer Jacket,Clothing,M,"Black puffer jacket with a red inner lining and hood, featuring a front zipper and logo details.",Black,2,39.54,536.jpg,https://drive.google.com/file/d/1Rwr2xQ5hOCdk2rbWv4u9LASUGw1jYEUI/view?usp=drivesdk
537,Quilted Jacket,Clothing,L,A black quilted jacket with a red inner lining and a front zipper closure.,Black,19,31.11,537.jpg,https://drive.google.com/file/d/15gHisG2C__WHcJqfCdtLggaYrlPWrUJJ/view?usp=drivesdk
538,Puffer Jacket,Clothing,M,Red and black puffer jacket with a front zipper and Manchester United logo on the chest.,Red,3,44.39,538.jpg,https://drive.google.com/file/d/1sYQajHq9M0-kJq5SLFRZ2Cix6UEHELu9/view?usp=drivesdk
539,Puffer Jacket,Clothing,S,"Black puffer jacket with a yellow inner lining and hood, featuring a logo and Nike swoosh on the chest.",Black,11,19.24,539.jpg,https://drive.google.com/file/d/1AIdoDsJuub_cNpO6Frj6LW2l6OwG9BT5/view?usp=drivesdk
540,Nike Hoodie,Clothing,S,Black Nike hoodie with a front pocket and drawstring hood.,Black,31,41.21,540.jpg,https://drive.google.com/file/d/1xZvbLGTaG-ug53wAD7JA7Xv-uo-cGkWU/view?usp=drivesdk
541,World Champions Sweatshirt,Clothing,XL,Black sweatshirt with blue and white graphic text and star designs on the front.,Black,24,16.89,541.jpg,https://drive.google.com/file/d/1fburOR9Jwst5_df6LFBiD-bG8kLmvYM0/view?usp=drivesdk
542,Victory Hoodie,Clothing,S,Black hoodie with a blue 'Victory World Champions' graphic print on the front.,Black,0,42.19,542.jpg,https://drive.google.com/file/d/1w2LSvH9aBIuv97DcHC9152J8S-lRwloC/view?usp=drivesdk
543,Victory Hoodie,Clothing,XL,A blue hooded sweatshirt with a front pocket and printed 'Victory World Champions' text.,Blue,36,31.07,543.jpg,https://drive.google.com/file/d/1AlThIk5Wdqi6OexjJsMNZFrwsyzqItda/view?usp=drivesdk
544,Nike Hoodie,Clothing,XL,"Black zip-up hoodie with a front pocket, blue number 10 print, and small blue Nike logo.",Black,25,16.08,544.jpg,https://drive.google.com/file/d/1XLP7deywW6OSW1o30xew7MjwDMB-IHct/view?usp=drivesdk
545,Puffer Jacket,Clothing,S,A light beige quilted puffer jacket with a front zipper and high collar.,Beige,38,31.48,545.jpg,https://drive.google.com/file/d/1o64sYZmOmGoPMcK2t-jVtc8JkHVpI-_J/view?usp=drivesdk
546,Quarter-Zip Pullover,Clothing,M,"A long-sleeve, quarter-zip pullover made from moisture-wicking fabric.",Purple,11,25.69,546.jpg,https://drive.google.com/file/d/1WrimzlgPjybxQfn3xCy0DVN-ojlSdTFS/view?usp=drivesdk
547,sports backpack,Clothing,S,A navy blue sports backpack with yellow accents and a zip closure.,Blue,33,26.21,547.jpg,https://drive.google.com/file/d/1KFjGx2KuDQDqPMlMZTq3L3gNLTgLaxo2/view?usp=drivesdk
548,Nike Track Pants,Clothing,M,Black Nike track pants with an elastic waistband and a small logo on the left thigh.,Black,21,46.84,548.jpg,https://drive.google.com/file/d/1tRwoW_Ge2t9wnTNwjfSyTI6EMucml2Fn/view?usp=drivesdk
549,White Capri Pants,Clothing,XL,Men's white capri pants with an elastic waistband and Puma logo near the hem.,White,45,26.82,549.jpg,https://drive.google.com/file/d/1cspqod5KukMQkVQcTEeCc2s0wf3YwK2M/view?usp=drivesdk
550,Puma Trackpants,Clothing,M,Men's blue Puma trackpants with elastic waistband and logo print.,Blue,44,15.88,550.jpg,https://drive.google.com/file/d/17m7XY4G0OpNEJTU_qcCytF62XDc2XOgN/view?usp=drivesdk
551,Track Pants,Clothing,L,Lightweight gray track pants with an elastic waistband.,Gray,47,33.98,551.jpg,https://drive.google.com/file/d/1czCrSKRSOYNTy6XlKoQqAhLkmbV-2zh5/view?usp=drivesdk
552,Nike Running Cap,Clothing,L,A blue Nike running cap with a curved brim and a reflective logo on the front.,Blue,6,23.88,552.jpg,https://drive.google.com/file/d/1NanQ4YDuJSF8nxRdypVsBKgwkEinx-gh/view?usp=drivesdk
553,Puma Sneakers,Clothing,S,White Puma sneakers with black detailing and lace-up closure.,White,22,28.72,553.jpg,https://drive.google.com/file/d/1XwxRMl_sB2cSorzKMYC8A4vz2kJVHC0F/view?usp=drivesdk
554,Leather Belt,Clothing,S,A dark brown leather belt with a silver rectangular buckle and multiple adjustment holes.,Brown,3,44.89,554.jpg,https://drive.google.com/file/d/1P9li1Uikgf-5B9wy_bk-4u_i21iSHXPq/view?usp=drivesdk
555,Flared Trackpants,Clothing,M,Gray flared trackpants with a comfortable waistband and a small logo on the side.,Gray,7,23.5,555.jpg,https://drive.google.com/file/d/1M5QarfUj0aEN1qUZunCC2HwFbHB-NOWn/view?usp=drivesdk
556,Yoga Pants,Clothing,XL,"Comfortable, fitted yoga pants with a wide waistband and flared legs.",Black,37,12.59,556.jpg,https://drive.google.com/file/d/1gGO6xLN1ezfaiR6kE-dZ6nKNR_xTrwsq/view?usp=drivesdk
557,Men's Sweatpants,Clothing,M,Comfortable grey sweatpants with black side accents and an elastic waistband.,Grey,25,29.14,557.jpg,https://drive.google.com/file/d/1Yw4KylIoX7Q9WAgf5HxaTRwY8I0g8mkW/view?usp=drivesdk
558,Black Sweatpants,Clothing,M,A pair of black casual sweatpants with an elastic waistband and side pockets.,Black,31,11.93,558.jpg,https://drive.google.com/file/d/1lZayvWfqLL1YthDaAzfsJDzVP9qV9HpJ/view?usp=drivesdk
559,Capri Pants,Clothing,L,Black capri pants with blue side panels and a fitted waistband.,Black,33,46.12,559.jpg,https://drive.google.com/file/d/1k0oyR_gZ55DC0Qai2F-ltCn3Zryi0Sxg/view?usp=drivesdk
560,Puma Shorts,Clothing,M,Black Puma shorts with a white drawstring and logo on the side.,Black,42,26.41,560.jpg,https://drive.google.com/file/d/1QdEWDDSXhR__y9D36IwAYMtw9oi0DSBz/view?usp=drivesdk
561,woven belt,Clothing,M,A braided woven belt with a silver buckle and blue leather accents.,Blue,21,33.02,561.jpg,https://drive.google.com/file/d/197JM83XvUcEfslNxdtp_Nva0YF-bSsKS/view?usp=drivesdk
562,Trail Running Shoe,Clothing,XL,A rugged trail running shoe with orange mesh and grey synthetic overlays for durability and breathability.,Orange,21,40.74,562.jpg,https://drive.google.com/file/d/1Y71X84xQ8dZ3OZ7zjYvzEapOsTmyPTXs/view?usp=drivesdk
563,Striped Belt,Clothing,L,A belt featuring vertical stripes in multiple colors with a silver buckle.,White,38,45.21,563.jpg,https://drive.google.com/file/d/1gBkNLNNU_3WzJ1TISYX4VXs5hPj3-7DD/view?usp=drivesdk
564,Braided Belt,Clothing,XL,A black braided belt with a gold rectangular buckle and gold rivet details.,Black,1,24.29,564.jpg,https://drive.google.com/file/d/1hjQ6HKGSy598oBVEm62EYjqonrG2vvSG/view?usp=drivesdk
565,Studded Clutch,Clothing,XL,A black studded clutch with a silver chain strap.,Black,17,30.41,565.jpg,https://drive.google.com/file/d/1B9AfsSx4UXaEa2c494tw2QCRYOZZXVZl/view?usp=drivesdk
566,Floral Wallet,Clothing,M,A wallet with a colorful floral pattern and pink trim featuring a snap button closure.,Pink,35,23.82,566.jpg,https://drive.google.com/file/d/1yyqw6o5VQV_RV1CxqUvma8ICle0ou2BW/view?usp=drivesdk
567,Card Holder,Clothing,S,A turquoise card holder with multiple card slots and a snap strap closure.,Turquoise,41,12.98,567.jpg,https://drive.google.com/file/d/1pxuBzEvwvtn9Y7xK1gTGGspUo-dQGcbZ/view?usp=drivesdk
568,woven wallet,Clothing,XL,A black woven leather wallet with a snap button closure and zipper.,Black,50,30.51,568.jpg,https://drive.google.com/file/d/1-ul4ZjsXnQJ21Jx4uAXVmdBaZhWCsGwG/view?usp=drivesdk
569,Leather Wallet,Clothing,XL,A purple leather wallet featuring a stitched floral design on the front.,Purple,36,40.16,569.jpg,https://drive.google.com/file/d/1B85CnnLjs7SP8EJtBc-978xF_1c62wXs/view?usp=drivesdk
570,Men's Shorts,Clothing,M,"Men's casual shorts with an elastic waistband and drawstring, featuring light gray accents on the sides.",Black,12,32.86,570.jpg,https://drive.google.com/file/d/1d8_K10BtsTnJSDMqOKwpL9CeI4xpa2Wq/view?usp=drivesdk
571,Green Hoodie,Clothing,S,A green hooded sweatshirt with a front pocket and 'BE BORN 02' text on the chest.,Green,33,30.07,571.jpg,https://drive.google.com/file/d/1d7TFeKmH1smQKiixknlBmmco1qXJgaL5/view?usp=drivesdk
572,Green Hoodie,Clothing,M,A green hooded sweatshirt with a front pocket and printed text 'FLAP DOODLE 02' on the chest.,Green,18,14.25,572.jpg,https://drive.google.com/file/d/1oSLriCLFG_wHeQBDfChuun5HsStFxrfv/view?usp=drivesdk
573,Striped Sweater,Clothing,XL,A long-sleeve V-neck sweater with horizontal stripes in shades of pink and red.,Pink,49,11.12,573.jpg,https://drive.google.com/file/d/1j3X9w0EqPeVAdBVmG_AzlNJh9xUwUuC5/view?usp=drivesdk
574,Colorblock Jacket,Clothing,S,"A padded jacket featuring a colorblock design with olive, khaki, and blue sections.",Blue,5,37.44,574.jpg,https://drive.google.com/file/d/1zW5BfCViq3T7lVwF4lOL6lxG0o29ZzMZ/view?usp=drivesdk
575,Camo Hoodie,Clothing,S,A men's full-zip hoodie with a camouflage pattern and drawstring hood.,Black,18,43.56,575.jpg,https://drive.google.com/file/d/1_JdZdPmm-D9G7Zr2ZMc_Shm33k1h9iLC/view?usp=drivesdk
576,Manchester Cap,Clothing,S,White baseball cap featuring the Manchester United logo and red embroidered text.,White,27,39.88,576.jpg,https://drive.google.com/file/d/1fAtP-oSc_hwqmJKRltEA_tTLoYLjwXxu/view?usp=drivesdk
577,Manchester Cap,Clothing,L,Black baseball cap featuring the Manchester United logo and text embroidery.,Black,46,12.92,577.jpg,https://drive.google.com/file/d/16yNEOZQLI6-NDM7zp6SPFxTFUkFW4azi/view?usp=drivesdk
578,Striped Shirt,Clothing,S,A long-sleeve button-up shirt with vertical black stripes on a pink background.,Pink,19,37.21,578.jpg,https://drive.google.com/file/d/1mXrssGIHtBwaL1chHfjtahk3zwns9Af8/view?usp=drivesdk
579,Striped Sweater,Clothing,M,A long-sleeve V-neck sweater with horizontal dark green and gray stripes.,Gray,3,17.17,579.jpg,https://drive.google.com/file/d/1isdzPqLhJyZIJT_9QnBUfyfVTEfvWM2I/view?usp=drivesdk
580,patterned backpack,Clothing,M,A pink backpack with a black geometric pattern and a front zippered pocket.,Pink,17,24.91,580.jpg,https://drive.google.com/file/d/1OzwIc3JWLpZiJ4WlLLkLn1tRxM81si95/view?usp=drivesdk
581,Wheeled Backpack,Clothing,XL,A wheeled backpack featuring a retractable handle and multiple zippered compartments.,Gray,35,40.89,581.jpg,https://drive.google.com/file/d/1K5125jMeSowlWfXzuVF-uaWCNGLNEzsg/view?usp=drivesdk
582,Graphic T-shirt,Clothing,XL,Black short-sleeve T-shirt featuring a large graphic of a snarling wolf's face.,Black,7,28.56,582.jpg,https://drive.google.com/file/d/1eZeli615G1w8bbHKSQX4tDKFjl5nezT2/view?usp=drivesdk
583,Slim Jeans,Clothing,XL,A pair of dark blue slim-fit denim jeans with contrast stitching.,Blue,30,34.75,583.jpg,https://drive.google.com/file/d/1XiIMYKRwyiLMV28WBBv0xGvq9y_fT5_S/view?usp=drivesdk
584,Nike Windbreaker Jacket,Clothing,S,Black Nike windbreaker jacket with white diagonal stripes and a front zipper.,Black,41,28.6,584.jpg,https://drive.google.com/file/d/1wu1UcYL0OoLP6ttM91kzb0n0X066vKGl/view?usp=drivesdk
585,Puffer Jacket,Clothing,XL,A black padded puffer jacket with a high collar and a front zipper.,Black,33,14.6,585.jpg,https://drive.google.com/file/d/14-QHdwgni8jZ2PxU7udbNPhO7-hPOX4y/view?usp=drivesdk
586,Red Jacket,Clothing,S,A shiny red checkered jacket with a zip-up front and high collar.,Red,14,36.26,586.jpg,https://drive.google.com/file/d/1C0UIZmCBxTSwUNeYzBikfbwgHZ38sunP/view?usp=drivesdk
587,Navy Jacket,Clothing,XL,A shiny navy blue zip-up jacket with a high collar and a small logo on the chest.,Blue,8,21.13,587.jpg,https://drive.google.com/file/d/1tXnJNiE3brat5unDrSb_wCkfiu-zRRy9/view?usp=drivesdk
588,zip-up jacket,Clothing,XL,A black zip-up jacket with pink stripes on the collar and a pink logo on the chest.,Black,12,16.9,588.jpg,https://drive.google.com/file/d/1yQwDEkXiKhRXNFrMacswLLUl3pAVx8qi/view?usp=drivesdk
589,Hooded Sweatshirt,Clothing,L,A black hooded sweatshirt with a pink inner lining and a small pink logo on the chest.,Black,14,28.42,589.jpg,https://drive.google.com/file/d/1kS6qAdl6gfqCvGqWaoV4Cx3ReS5VR_aQ/view?usp=drivesdk
590,Puffer Vest,Clothing,XL,A sleeveless black puffer vest with a green zipper and logo detail.,Black,44,25.94,590.jpg,https://drive.google.com/file/d/1jfkk78fnVFwTdTFkTbkc57vCuKp4DjH3/view?usp=drivesdk
591,Black Jacket,Clothing,M,A black zip-up jacket with a high collar and a small red logo on the chest.,Black,34,17.49,591.jpg,https://drive.google.com/file/d/14T-ggstR7Mv10OMVRNJHrYkg2bmSqp_A/view?usp=drivesdk
592,V-neck Sweater,Clothing,S,A long-sleeve V-neck sweater in a solid color with a small logo on the chest.,Rust,42,40.87,592.jpg,https://drive.google.com/file/d/1xEQ74RFNT09ZFcgbWIIUQqKq0Y8d-DAC/view?usp=drivesdk
593,Striped Sweater,Clothing,S,A blue full-sleeve sweater with horizontal black and green stripes and a front zipper.,Blue,24,31.61,593.jpg,https://drive.google.com/file/d/1XvyL5Oabi8FPBuTvA37bIuHdh6l6fmTd/view?usp=drivesdk
594,Leather Wallet,Clothing,S,A black leather bi-fold wallet with subtle embossed branding.,Black,48,33.63,594.jpg,https://drive.google.com/file/d/1X7iSRW1iJrrTSQQv-A-v_vIWNMtIfxfS/view?usp=drivesdk
595,Leather Belt,Clothing,M,A black leather belt with a silver rectangular buckle.,Black,8,23,595.jpg,https://drive.google.com/file/d/1WqF1cMPxtYwdjIJbR_0sMUTYjzHbiIkq/view?usp=drivesdk
596,V-neck Sweater,Clothing,L,"Brown V-neck sweater with orange stripes on the sleeves and hem, featuring an orange 'P' on the chest.",Brown,44,38.55,596.jpg,https://drive.google.com/file/d/1m1jhRP8ZgzjD6EPJQEOnYk92MaYoPAtM/view?usp=drivesdk
597,Pink Sweatpants,Clothing,S,Comfortable pink sweatpants with a relaxed fit and elastic waistband.,Pink,42,29.29,597.jpg,https://drive.google.com/file/d/1UnGgfXEXFttA_gFN-Dzdk2DpBDerdwwR/view?usp=drivesdk
598,Printed Skirt,Clothing,M,A knee-length skirt with an elastic waistband featuring a paisley print design.,Orange,45,24,598.jpg,https://drive.google.com/file/d/1-ajlp6AIYaQ-hgGOktWJluiK9MMHZhQX/view?usp=drivesdk
599,Printed Skirt,Clothing,M,A knee-length skirt with a paisley print and an elastic waistband.,Beige,7,13.04,599.jpg,https://drive.google.com/file/d/1r4ajoXqBgE3sGhi7lJlosGm9rBU_caGk/view?usp=drivesdk
600,Pencil Skirt,Clothing,XL,A fitted black pencil skirt that falls just below the knee.,Black,31,19.17,600.jpg,https://drive.google.com/file/d/1fT3CbZA69pc8WeJ57wb9HuOT0WIem3QH/view?usp=drivesdk
601,Pencil Skirt,Clothing,S,"A knee-length, fitted pencil skirt with a high waist.",Black,32,29.63,601.jpg,https://drive.google.com/file/d/1C-6YLDemCrfy--NJB0MCK6s6TGnu-wqV/view?usp=drivesdk
602,Button Cardigan,Clothing,S,A black long-sleeve button-up cardigan with a V-neck.,Black,41,45.89,602.jpg,https://drive.google.com/file/d/1t03jKbIn4bhdQuOrH4h5Da8Omdc2l9Nc/view?usp=drivesdk
603,Striped Sweater Vest,Clothing,XL,A sleeveless V-neck sweater vest with horizontal purple and dark purple stripes.,Purple,29,13.21,603.jpg,https://drive.google.com/file/d/1TdSbPQSP_dZbdE3JUpEcEbafsxSn7JZt/view?usp=drivesdk
604,Buttoned Cardigan,Clothing,L,A navy blue knitted cardigan with a wide collar and two decorative button closures.,Navy Blue,17,17.78,604.jpg,https://drive.google.com/file/d/1nDM8FhPXBkDa4_VhtT-S-iDBgE2n4Ogc/view?usp=drivesdk
605,Knit Sweater Dress,Clothing,S,A loose-fitting grey knit sweater dress with a textured yoke and three-quarter sleeves.,Grey,5,35.94,605.jpg,https://drive.google.com/file/d/1WAh8NE1v7rKBa1nmm1xaPY5rs-fk16tS/view?usp=drivesdk
606,Knit Sweater,Clothing,M,A long-sleeve knit sweater with a textured yoke and sequin embellishments in a loose fit.,Purple,35,35.36,606.jpg,https://drive.google.com/file/d/1kvCQv_EtMMWutItGqy1zz4HoIkqLsWPu/view?usp=drivesdk
607,Floral Wrap Dress,Clothing,XL,A knee-length wrap dress with a floral pattern and three-quarter sleeves.,Purple,50,36,607.jpg,https://drive.google.com/file/d/13YpyEdoi0YT7B4Zlt9Iyp-7TG7l3-Mra/view?usp=drivesdk
608,Checked Shirt,Clothing,L,A casual button-down checked shirt with rolled-up sleeves.,Red,14,47.77,608.jpg,https://drive.google.com/file/d/18dbVh0m9dJjVPa2mhDKLkKkO6NQ8wW79/view?usp=drivesdk
609,Polka Dot Tie,Clothing,S,A white necktie with small black polka dots.,White,9,43.32,609.jpg,https://drive.google.com/file/d/1yS05e1nWjep6Zjn2RQ_nVUP4MVzPVewC/view?usp=drivesdk
610,Leather Wallet,Clothing,XL,A black leather wallet with a horizontal brown accent strip.,Black,31,12.79,610.jpg,https://drive.google.com/file/d/1JlR-QYV0he8baK1ZhLLhsn0O6OXcWrOi/view?usp=drivesdk
611,Graphic Polo,Clothing,L,A navy blue polo shirt featuring a large graphic print and a plaid pattern.,Navy Blue,34,21.49,611.jpg,https://drive.google.com/file/d/1VdW5u5XHZbC4DJrIvrwlZej7cvuuLC1q/view?usp=drivesdk
612,Puma Sweatshirt,Clothing,M,A red long-sleeve sweatshirt with a crew neck and Puma branding on the front.,Red,43,18.47,612.jpg,https://drive.google.com/file/d/1EJVaUjqfUl0BB6OldnXhIaLtaR2EM1tz/view?usp=drivesdk
613,Button Shirt,Clothing,XL,A light blue long-sleeve button-up shirt with a collar.,Blue,22,11.02,613.jpg,https://drive.google.com/file/d/1RvoJC7y7SDEliC_XVhfvioJiQzf2RqU_/view?usp=drivesdk
614,Belted Shirt Dress,Clothing,L,A beige button-down shirt dress with rolled-up sleeves and a waist belt.,Beige,47,10,614.jpg,https://drive.google.com/file/d/1HgqFwXmeAWb8bll5_wJ_g7zF_D0n81eh/view?usp=drivesdk
615,Belted Shirt Dress,Clothing,M,A green button-down shirt dress with rolled-up sleeves and a waist belt.,Green,27,15.31,615.jpg,https://drive.google.com/file/d/1VNlojGu5zaP_B_59wMHVt3laCHEbI2YL/view?usp=drivesdk
616,Adidas Cap,Clothing,L,Black Adidas cap featuring a Stormtrooper helmet design on the front.,Black,7,11.28,616.jpg,https://drive.google.com/file/d/1Kbys6U6mGKntBjBtWqYKeJDJEAqtoVWg/view?usp=drivesdk
617,FIFA Hoodie,Clothing,L,A blue hoodie with a front pocket and white FIFA logo on the chest.,Blue,34,27.78,617.jpg,https://drive.google.com/file/d/1udwNp-Z1Zj59N_Hwdpt7xVLl-JSQAwK_/view?usp=drivesdk
618,Buttoned Cardigan,Clothing,M,A grey buttoned cardigan with a herringbone pattern and front pockets.,Grey,36,25.11,618.jpg,https://drive.google.com/file/d/1dZu8KFj-aFsbzEqmWJ_4n1i-rYW_BhmI/view?usp=drivesdk
619,Striped Zip Sweater,Clothing,XL,A men's full-zip sweater featuring wide horizontal stripes in blue and black.,Blue,19,18.65,619.jpg,https://drive.google.com/file/d/1flNmye5m_22D8FGhpfb6k-QFQn7c5unv/view?usp=drivesdk
620,Ruffled Hoodie,Clothing,L,A dark gray zip-up hoodie with ruffled edges and a tie at the waist.,Gray,24,28.87,620.jpg,https://drive.google.com/file/d/1QYiCeijdjC93vfuk3uqOdgyORqkNK-en/view?usp=drivesdk
621,Velvet Hoodie,Clothing,S,A soft velvet zip-up hoodie with a hood and front pockets.,Black,2,41.18,621.jpg,https://drive.google.com/file/d/1kbaUumrjO-45aFzTTs65Ukeqk3Ra-ZFP/view?usp=drivesdk
622,V-neck Sweater,Clothing,M,A black long-sleeve V-neck sweater made of a fine knit material.,Black,17,28.16,622.jpg,https://drive.google.com/file/d/17czGgUbEaPXLWu6XPOQri1lheAzJF7Ic/view?usp=drivesdk
623,V-neck Sweater,Clothing,S,A plain long-sleeve V-neck sweater made of a soft fabric.,Blue,5,49.8,623.jpg,https://drive.google.com/file/d/16Ngt0ZHHMIFOdururKda16V_oo3RuJij/view?usp=drivesdk
624,Striped Shirt,Clothing,S,A long-sleeve button-up shirt with vertical stripes in blue and white.,Blue,46,42.75,624.jpg,https://drive.google.com/file/d/1UNe8kKCGL8NopjXUiLF68Psi7TYSp1XX/view?usp=drivesdk
625,Red Track Pants,Clothing,L,Red track pants with white side stripes and an elastic waistband.,Red,20,46.1,625.jpg,https://drive.google.com/file/d/1M9SOBknMNR65rkvgPMJkhT0NKgkub_pI/view?usp=drivesdk
626,Striped Hoodie Jacket,Clothing,XL,A blue and white striped hooded jacket with a front zipper and Adidas logo on the chest.,Blue,11,27.84,626.jpg,https://drive.google.com/file/d/1UdtgKFoiNxhnTepF2ctLjqOhTqCPWQKt/view?usp=drivesdk
627,Printed Jacket,Clothing,L,A white zip-up jacket featuring an all-over colorful sneaker print design.,White,32,26.5,627.jpg,https://drive.google.com/file/d/1VFQ_KiOrq5mTSS9IJA9XsSA_zVtAXE3l/view?usp=drivesdk
628,Red Track Jacket,Clothing,XL,A red zip-up track jacket with black stripes on the sleeves and a small logo on the chest.,Red,50,42.18,628.jpg,https://drive.google.com/file/d/1TIS17dC9QaMda65ww_b8d80n1zigmwKy/view?usp=drivesdk
629,White Jacket,Clothing,S,A white zip-up jacket with long sleeves and a subtle logo on the chest.,White,43,31.54,629.jpg,https://drive.google.com/file/d/10bPkzx94BTRVjzQledKD4baWPRnfxR0C/view?usp=drivesdk
630,Purple Trackpants,Clothing,S,Purple trackpants with white side stripes and a ribbed waistband.,Purple,30,24.42,630.jpg,https://drive.google.com/file/d/1lKyNBWSsoXehRDIzBm8KBeRGWDyqRydi/view?usp=drivesdk
631,Pink Track Jacket,Clothing,XL,"A pink zip-up track jacket with ribbed cuffs and hem, featuring light pink stripes on the sleeves and a small logo on the chest.",Pink,4,18.18,631.jpg,https://drive.google.com/file/d/1iM1MTriSN8cOiR_l03eknml3PKMrDZzM/view?usp=drivesdk
632,Graphic T-shirt,Clothing,XL,Black short-sleeve T-shirt featuring a colorful comic-style graphic and the Adidas logo.,Black,25,34.41,632.jpg,https://drive.google.com/file/d/1yvBBj1gw1zmNtDC8aCJyo33SaQlBNtTk/view?usp=drivesdk
633,Checked Shirt,Clothing,M,A long-sleeve checked shirt with a button-down front and a collar.,Black,6,21.36,633.jpg,https://drive.google.com/file/d/1LFOd-wCl0UKaoth-ivKrXt_GtNwZmK97/view?usp=drivesdk
634,Plaid Shirt,Clothing,S,A long-sleeve button-up shirt with a green and white plaid pattern and chest pockets.,Green,47,15.65,634.jpg,https://drive.google.com/file/d/1QPJoLGtFt8yn0K6RPV55U3g9gQsq3zuf/view?usp=drivesdk
635,Leather Belt,Clothing,M,A brown leather belt with a large oval metal buckle featuring the brand name.,Brown,41,44.86,635.jpg,https://drive.google.com/file/d/1PjbLybN4OyNJQ53wZTmZhBan0tA__ntl/view?usp=drivesdk
636,Patterned Tie,Clothing,L,A navy blue tie with a small white diamond pattern throughout.,Blue,36,32.39,636.jpg,https://drive.google.com/file/d/1rVNJnj0Q-veuCTxUVGNU_61YWs6SUoko/view?usp=drivesdk
637,Blue Shorts,Clothing,XL,Men's blue athletic shorts with light blue side panels and an elastic waistband.,Blue,32,10.85,637.jpg,https://drive.google.com/file/d/1knIhvco_5IDNunuOyVxcb5DVnEJWTsmF/view?usp=drivesdk
638,Graphic Track Jacket,Clothing,S,A vibrant track jacket featuring a full zip front and bold graphic prints with a sporty design.,Navy,40,44.28,638.jpg,https://drive.google.com/file/d/199AvnI1PW2LdHIL1Kt9L_q-QLn6AUd68/view?usp=drivesdk
639,Colorblock Puffer Vest,Clothing,M,"Sleeveless puffer vest with a hood, featuring red, white, and black color blocks and zippered pockets.",Red,21,24.68,639.jpg,https://drive.google.com/file/d/1dQbKxsGTpiA_Ue4qPvHtkS0qwoZz_LrW/view?usp=drivesdk
640,Hooded Jacket,Clothing,L,A blue zip-up hooded jacket with drawstrings and long sleeves.,Blue,33,47.97,640.jpg,https://drive.google.com/file/d/1g05RAkWHoWOZvs6VAJXMZyUCAVQspkKy/view?usp=drivesdk
641,Puffer Jacket,Clothing,M,A blue padded puffer jacket with a front zipper and high collar.,Blue,16,44.54,641.jpg,https://drive.google.com/file/d/1H8MNlOPPsJqhmCgQxrOAB-LK7l5a5mUU/view?usp=drivesdk
642,Leather Strap Watch,Clothing,M,"A men's wristwatch with a rectangular gold-tone case, black dial, and black leather strap.",Black,3,21.73,642.jpg,https://drive.google.com/file/d/19uoQnC1zJauo18ROxaGs3l3ppWdjZYbT/view?usp=drivesdk
643,Crystal Logo Watch,Clothing,S,A silver-tone wristwatch adorned with crystal embellishments and a bold logo design on the strap.,Silver,3,18.73,643.jpg,https://drive.google.com/file/d/1yHuLv6-fWsQ7ACx6eEwgsEunC8hIOixU/view?usp=drivesdk
644,Guess Watch Set,Clothing,M,"A Guess watch set featuring a gold-tone watch with interchangeable beige, white, and leopard print straps.",Gold,29,45.87,644.jpg,https://drive.google.com/file/d/1qpSqGFmigo-ucKAe8QndIHnsIC19KVTK/view?usp=drivesdk
645,Nike Backpack,Clothing,S,A pink Nike backpack with a large logo and a side mesh pocket.,Pink,15,15.32,645.jpg,https://drive.google.com/file/d/1loIGuazUjjUR5U1zEsR5wyhV75GQwDIC/view?usp=drivesdk
646,Blue Hoodie,Clothing,L,"A blue zip-up hoodie with an orange inner hood and drawstrings, featuring a small emblem and number 07 on the chest.",Blue,19,15.05,646.jpg,https://drive.google.com/file/d/1hUHKXiAYzdgnLScJhZOsEtxPoOTZjNed/view?usp=drivesdk
647,Zip Hoodie,Clothing,S,"A navy blue zip-up hoodie with an orange inner hood lining and drawstrings, featuring a small emblem and number 07 on the chest.",Navy Blue,34,14.93,647.jpg,https://drive.google.com/file/d/1MmlFVmvxacLnbT8oEmyMfoTr_80gT9ge/view?usp=drivesdk
648,Crewneck Sweatshirt,Clothing,L,A maroon crewneck sweatshirt with long sleeves and a small emblem on the chest.,Maroon,23,16.83,648.jpg,https://drive.google.com/file/d/1WyZyYyPqIohnHgTtDaHSvJ7k59Wiy4t1/view?usp=drivesdk
649,Puffer Jacket,Clothing,S,A black quilted puffer jacket with a high collar and front zipper closure.,Black,9,33.44,649.jpg,https://drive.google.com/file/d/1vM1vVKHZ5RGtJnnPRwWiiCd1oqXd0uGs/view?usp=drivesdk
650,Puffer Jacket,Clothing,S,A navy blue quilted puffer jacket with a front zipper and high collar.,Navy Blue,0,11.47,650.jpg,https://drive.google.com/file/d/1lwnStNNBR4OGErZQw8NkWVKJj4PS5-8U/view?usp=drivesdk
651,puffer vest,Clothing,L,A sleeveless black puffer vest with a front zipper and pockets.,Black,13,34.64,651.jpg,https://drive.google.com/file/d/1c9HHZ8_ShRQWi_8icH1M7_4CKZGGSAux/view?usp=drivesdk
652,Puffer Vest,Clothing,L,Sleeveless navy blue puffer vest with a front zipper and high collar.,Navy Blue,35,38.42,652.jpg,https://drive.google.com/file/d/1a5VlZj2iesLMp83Wi1d3-rv68tGcBw1W/view?usp=drivesdk
653,Plaid Vest,Clothing,S,A sleeveless plaid vest with a zipper front and a high collar.,Maroon,38,10.96,653.jpg,https://drive.google.com/file/d/1nBV6wquTYG8XDiLE3KktqNqaBAAqDZyX/view?usp=drivesdk
654,White Bomber Jacket,Clothing,M,"A white bomber jacket with black and white striped ribbed cuffs, collar, and hem, featuring a front zipper and a logo on the chest.",White,33,30.19,654.jpg,https://drive.google.com/file/d/1yi7JxSfPZP9Kg_geLH9advgowMRtJgi6/view?usp=drivesdk
655,Varsity Jacket,Clothing,S,"A men's varsity jacket with a grey body, white sleeves, and striped ribbed cuffs and collar.",Grey,23,48.92,655.jpg,https://drive.google.com/file/d/11OnKLGkGpNVqsZ9mbQPbBY_91CWjbkHX/view?usp=drivesdk
656,Quilted Vest,Clothing,M,A black sleeveless quilted vest with a front zipper and ribbed hem.,Black,18,37.25,656.jpg,https://drive.google.com/file/d/11X7DpfdluHMZpMi8Bo1lqMpMkD970B_e/view?usp=drivesdk
657,Casual Jacket,Clothing,M,A black casual jacket with a front zipper and flap pockets on the chest.,Black,38,48.53,657.jpg,https://drive.google.com/file/d/1IuoJ2-jBh6fjUMbodvg8x-FFG5iu4jky/view?usp=drivesdk
658,Leather Jacket,Clothing,XL,A black shiny leather jacket with zippered pockets and ribbed cuffs and hem.,Black,23,12,658.jpg,https://drive.google.com/file/d/1V9S3kTFqOHMi4-o7fIg47DHjP0i51Pti/view?usp=drivesdk
659,Casual Blazer,Clothing,XL,A grey casual blazer with contrast stitching and button closure.,Grey,28,27.11,659.jpg,https://drive.google.com/file/d/1b9ugVxt_ZkwfZ8mULZztGdgYYgymnziI/view?usp=drivesdk
660,Black Blazer,Clothing,S,A fitted black blazer with two buttons and front pockets.,Black,48,43.97,660.jpg,https://drive.google.com/file/d/1kBLssMQxpbt0823Rl_DZnbj7xD5AkAtZ/view?usp=drivesdk
661,Black Dress Shoe,Clothing,XL,A black formal dress shoe with a pointed toe and subtle textured pattern.,Black,32,36.82,661.jpg,https://drive.google.com/file/d/1_nAW-SjFcjrECoXLiGPFYxYYdxa_rf8V/view?usp=drivesdk
662,Zip Sweater,Clothing,L,A blue full-sleeve zip-up sweater with a ribbed collar and cuffs.,Blue,21,42.41,662.jpg,https://drive.google.com/file/d/16tvTjEeUJQqV3FC_u51QSW5jqBDim0Y7/view?usp=drivesdk
663,Adidas Polo Shirt,Clothing,M,A white Adidas polo shirt featuring a bold red diagonal stripe and black stripes on the sleeve.,White,43,40.41,663.jpg,https://drive.google.com/file/d/1JxyzHTdyYYhEygurwZStunLsqsOe5Ov3/view?usp=drivesdk
664,Graphic Shorts,Clothing,XL,"Men's shorts featuring a bold, abstract graphic print in pink, black, and white.",Pink,40,43.46,664.jpg,https://drive.google.com/file/d/1gu0n9ALcgh6maPlk7KqYhRB8wwakrfmD/view?usp=drivesdk
665,Striped Cargo Shorts,Clothing,S,Men's knee-length cargo shorts with vertical stripes and side pockets.,Gray,12,15.7,665.jpg,https://drive.google.com/file/d/19no1VNeKzXIXhH_9cdYCKuOOu1Oi6wv8/view?usp=drivesdk
666,Plaid Cargo Shorts,Clothing,L,Men's knee-length cargo shorts with a plaid pattern and buttoned side pockets.,Gray,8,37.08,666.jpg,https://drive.google.com/file/d/1hQk-gm_k-A6wahBoR8Ztvmu-oN88v8kz/view?usp=drivesdk
667,Graphic T-shirt,Clothing,L,A grey short-sleeve t-shirt with a round neck and a printed graphic design on the front.,Grey,7,47.46,667.jpg,https://drive.google.com/file/d/1wgSrAI6yYCCme10EHRE43HQWVDxenSSq/view?usp=drivesdk
668,Leather Belt,Clothing,M,A brown leather belt with a brass buckle and stitched detailing.,Brown,37,16.44,668.jpg,https://drive.google.com/file/d/1Fh3o_kgHCY3NYALEfQr5MDAXxBSbxJy4/view?usp=drivesdk
669,Leather Wallet,Clothing,S,A brown leather wallet with a textured pattern and a stitched design.,Brown,32,29.1,669.jpg,https://drive.google.com/file/d/1vRdO9ZgZ0ifk0b_iLSEt4QYzIYEFNwH0/view?usp=drivesdk
670,V-neck Sweater Vest,Clothing,M,A black V-neck sweater vest worn over a red checkered shirt.,Black,15,35.18,670.jpg,https://drive.google.com/file/d/1xnVfbGinzaFBHxb-N6SC9_t3fE3_5OtI/view?usp=drivesdk
671,V-neck Sweater Vest,Clothing,M,A grey V-neck sweater vest worn over a dark grey shirt.,Grey,41,13.47,671.jpg,https://drive.google.com/file/d/1e0tCMw0xWG_rT3wlohDa-AuKjwz0ofAv/view?usp=drivesdk
672,Argyle Sweater,Clothing,S,A long-sleeve V-neck sweater featuring a blue and gray argyle pattern on the front.,Blue,5,31.41,672.jpg,https://drive.google.com/file/d/1GBv-Srnk6eqMy9UrSYk350Usm3vMZ9-r/view?usp=drivesdk
673,knitted vest,Clothing,M,A light grey knitted vest with a patterned design on the upper chest area.,Grey,37,17.57,673.jpg,https://drive.google.com/file/d/19kiwzKUNdbLqWdnFAmcBfrCj-HYgzKgo/view?usp=drivesdk
674,Houndstooth Cardigan,Clothing,M,A grey button-up cardigan featuring a houndstooth pattern on the front and solid sleeves.,Grey,5,44,674.jpg,https://drive.google.com/file/d/1Sj25u83sNqaFkhtvxBdHWUslp-3BSwUR/view?usp=drivesdk
675,V-neck T-shirt,Clothing,M,"A short-sleeve V-neck T-shirt in solid maroon with white trim on the sleeves, neckline, and hem.",Maroon,1,31.67,675.jpg,https://drive.google.com/file/d/1Hp3aGBlb8H5jVHkR7Hd3JQxk84LcRuU3/view?usp=drivesdk
676,Buttoned Sweater Vest,Clothing,XL,A black sleeveless buttoned sweater vest with a diamond pattern worn over a light blue shirt.,Black,40,27.08,676.jpg,https://drive.google.com/file/d/1Z_JEsa88ym5P0ukKXvpFOzdI2iktDcTp/view?usp=drivesdk
677,Logo Sweatshirt,Clothing,S,A blue sweatshirt with a round neck and 'United Colors of Benetton' printed on the front.,Blue,42,39.73,677.jpg,https://drive.google.com/file/d/1EwxFStnO1MXyhP6gpuc81qDqDEe1JX2j/view?usp=drivesdk
678,Logo Sweatshirt,Clothing,S,A black long-sleeve sweatshirt with a round neck and white text logo on the chest.,Black,37,36.72,678.jpg,https://drive.google.com/file/d/1ZO7CjGKegql302b-Wng4PmvLj3OaebAo/view?usp=drivesdk
679,Drawstring Sweatpants,Clothing,L,Light grey sweatpants with a drawstring waist and a relaxed fit.,Grey,8,35.02,679.jpg,https://drive.google.com/file/d/1tVxw4S7F-Og6XJsm_vEjJVz8Po4CwB8U/view?usp=drivesdk
680,Printed T-shirt,Clothing,M,A white short-sleeve T-shirt with black printed text on the front.,White,7,36.87,680.jpg,https://drive.google.com/file/d/1DKGp2VsJhSq_0cT4Nemkh880yD_2KLG0/view?usp=drivesdk
681,zip-up hoodie,Clothing,M,A green zip-up hoodie with a front zipper and a hood.,Green,17,41.39,681.jpg,https://drive.google.com/file/d/1LMnrhh1HxHMj2NZVwuMi5QnsTkug35Gm/view?usp=drivesdk
682,zip-up hoodie,Clothing,L,A casual zip-up hoodie with a front zipper and a small logo on the chest.,Dark Purple,23,39.64,682.jpg,https://drive.google.com/file/d/1FZZrDfWft1HSurx-CPuEwbH5AWYdY77T/view?usp=drivesdk
683,Black Sweatshirt,Clothing,L,A black long-sleeve sweatshirt with a shawl collar and a small emblem on the chest.,Black,33,11.4,683.jpg,https://drive.google.com/file/d/103h4fbCVr5N_0gbo2ZtNULpHyJ82JJYi/view?usp=drivesdk
684,Graphic Hoodie,Clothing,L,A blue hooded sweatshirt featuring a colorful graphic print on the front and drawstrings.,Blue,42,44.24,684.jpg,https://drive.google.com/file/d/1tCMdYDjHGfsOajm6zVich7ZMIP7tKqta/view?usp=drivesdk
685,Plaid Shorts,Clothing,L,Men's casual plaid shorts with side pockets and button closure.,Gray,39,48.77,685.jpg,https://drive.google.com/file/d/1o-dzbkQMGHufpxddqGb-IGit1ut2ncV6/view?usp=drivesdk
686,Casual Shirt,Clothing,M,A short-sleeve button-up casual shirt with a chest pocket and a dark color.,Black,26,30.98,686.jpg,https://drive.google.com/file/d/1XM4v_EZrGyznxihliHjbW_l3JC5wmYaU/view?usp=drivesdk
687,Casual Shirt,Clothing,M,A men's casual button-up shirt with rolled-up sleeves and a contrasting chest pocket.,Gray,36,36.08,687.jpg,https://drive.google.com/file/d/18JUgKLfh9au8MFsFyKNvDGoWsb1IyvmK/view?usp=drivesdk
688,Striped Umbrella,Clothing,L,"A compact umbrella with a blue, black, and white striped pattern.",Blue,41,46.21,688.jpg,https://drive.google.com/file/d/1H1F7EbURu-Cj2PAchz68MpO5o5GemsOa/view?usp=drivesdk
689,Green Track Jacket,Clothing,M,A green zip-up track jacket with white stripes on the sleeves and a logo on the chest.,Green,4,27.92,689.jpg,https://drive.google.com/file/d/1eT29qduR7BX9VOTbDcltxDkd-67OTQB8/view?usp=drivesdk
690,Polo Shirt,Clothing,M,A light grey short-sleeve polo shirt with a contrasting blue inner placket.,Grey,35,35.88,690.jpg,https://drive.google.com/file/d/1zYFaVPAJOs5ih9KYanAY3kkdwk5V0dP7/view?usp=drivesdk
691,Navy Polo Shirt,Clothing,XL,A short-sleeved navy blue polo shirt with a collar and button placket.,Navy Blue,4,30.64,691.jpg,https://drive.google.com/file/d/1PJyYVv-CFH72kR_iwo-oqc1_-NOiajnu/view?usp=drivesdk
692,Black Wristwatch,Clothing,M,"A black wristwatch with a textured dial, white hour markers, and an orange second hand.",Black,32,38,692.jpg,https://drive.google.com/file/d/1YhyNoKtdQ1NRn4ZsmdYcExm6XbXkVXb4/view?usp=drivesdk
693,Plaid Cargo Shorts,Clothing,L,Men's knee-length cargo shorts with a plaid pattern and side pockets.,Gray,17,14.06,693.jpg,https://drive.google.com/file/d/1zclNFM_Dg-wkDTGoYTMVnCNSUGbPE2PW/view?usp=drivesdk
694,Plaid Shorts,Clothing,S,Lightweight plaid shorts with a button closure and belt loops.,Green,41,19.56,694.jpg,https://drive.google.com/file/d/1qdsKwT5gauKlN3-QRsCYEFT-u5WrFqrI/view?usp=drivesdk
695,Striped Jacket,Clothing,M,A purple and black striped zip-up jacket with a patch emblem on the chest.,Purple,36,37.39,695.jpg,https://drive.google.com/file/d/1j1YRo4j9hvSplfUpX0lDkq_BC0sIR5yQ/view?usp=drivesdk
696,Polo Hoodie,Clothing,L,"A navy blue hoodie with a front pocket, drawstrings, and a USPA logo on the chest.",Navy Blue,39,42.33,696.jpg,https://drive.google.com/file/d/1OjA80Mtzad7aCELzuQfeM6J1UtMS1W5S/view?usp=drivesdk
697,USPA Sweatshirt,Clothing,S,Green sweatshirt with USPA logo and 1890 print on the front.,Green,26,21.33,697.jpg,https://drive.google.com/file/d/1Uhby3lm26LBoRF72byV-7hLgyz1RkNH4/view?usp=drivesdk
698,Striped Sweater,Clothing,L,"A grey V-neck sweater with blue, white, and yellow horizontal stripes across the chest and sleeves.",Grey,38,29.89,698.jpg,https://drive.google.com/file/d/1deo8H_ooGC5V4E4ISI3MFKKApHXZFTqH/view?usp=drivesdk
699,Checked Shirt,Clothing,L,A men's long-sleeve checked shirt with a front pocket and button closure.,Black,4,47.1,699.jpg,https://drive.google.com/file/d/13Va2XBVb6MAbPWKoX0TEqY8JZrlVmkYD/view?usp=drivesdk
700,Men's Bomber Jacket,Clothing,XL,"A men's bomber jacket with a zip-up front and ribbed cuffs, worn over a color-blocked t-shirt.",Black,7,46.18,700.jpg,https://drive.google.com/file/d/154-_Raf28JM9PXafgPe1WRqTGNMll7DV/view?usp=drivesdk
701,Puffer Jacket,Clothing,XL,A dark olive green quilted puffer jacket with a high collar and button closure.,Olive,16,47.12,701.jpg,https://drive.google.com/file/d/1LxgIg1Bw6TdDGlxJarJ9fRvHoic8f2yO/view?usp=drivesdk
702,Black Bomber Jacket,Clothing,L,"A black bomber jacket with a zip front, striped cuffs, and a small emblem on the chest.",Black,19,18.61,702.jpg,https://drive.google.com/file/d/1J2bxXbAj4mjBQzbKcyXdFVEMQalhI_ya/view?usp=drivesdk
703,casual bomber,Clothing,XL,A casual bomber jacket with a zip front and ribbed cuffs in a solid color.,Olive,4,46.87,703.jpg,https://drive.google.com/file/d/1_Gnn9t0z8BTnDbGIZIaJr81lnAKaGcwu/view?usp=drivesdk
704,Quilted Vest,Clothing,S,A sleeveless quilted vest with a front pocket and snap button closure.,Olive,10,11.73,704.jpg,https://drive.google.com/file/d/1UiIjYJ0WREED_VfE3xJj3IONxMd2Rdrj/view?usp=drivesdk
705,Canvas Belt,Clothing,S,A sturdy canvas belt with a black metal buckle and rivet details.,Brown,39,33.47,705.jpg,https://drive.google.com/file/d/1T93S8FFgOzblfaQJcefIJ3w6m9IWFHjU/view?usp=drivesdk
706,Red Sport Sandal,Clothing,M,A red sport sandal with adjustable straps and a black textured sole.,Red,49,10.89,706.jpg,https://drive.google.com/file/d/134aSEiehkIiRtktPvM61ecc_CSq35NIi/view?usp=drivesdk
707,Graphic Backpack,Clothing,XL,A black and grey backpack featuring a graphic print and front pocket with elastic cord detailing.,Black,3,31.45,707.jpg,https://drive.google.com/file/d/1kVCPkYjk_SPhB4per667T3xWU4xI-OH2/view?usp=drivesdk
708,Canvas Sneakers,Clothing,L,Black canvas sneakers with white laces and white rubber toe caps featuring three white stripes on the side.,Black,41,15.06,708.jpg,https://drive.google.com/file/d/1A40Fn9sjlks2w4fMenTKSKjLJnc_n1bt/view?usp=drivesdk
709,Crewneck Sweater,Clothing,M,"A plain, long-sleeve crewneck sweater made of knit fabric.",Red,30,42.62,709.jpg,https://drive.google.com/file/d/1tZ53QzXo14FIJ9Q08OQTFE8fzCVUWdCj/view?usp=drivesdk
710,Crew Neck Sweater,Clothing,XL,A plain grey crew neck sweater with long sleeves and ribbed cuffs and hem.,Grey,49,12.54,710.jpg,https://drive.google.com/file/d/1Nq57iqftQHoCzVhqVezT0_7hKkZr-fwr/view?usp=drivesdk
711,V-neck Sweater Vest,Clothing,L,"A sleeveless V-neck sweater vest in a solid color, worn over a collared shirt.",Red,8,21.32,711.jpg,https://drive.google.com/file/d/1ndnLrOydP8NrBsX5VQkd_iDHR1gv9Lr7/view?usp=drivesdk
712,Graphic T-shirt,Clothing,XL,A white short-sleeve T-shirt with 'UNITED COLORS OF GOA' printed on the front.,White,35,27.2,712.jpg,https://drive.google.com/file/d/19dPygSWyfP9zXjF9fSHDFOWoBWWtmObI/view?usp=drivesdk
713,Checked Shirt,Clothing,XL,"A long-sleeve, button-up checked shirt with a contrasting inner collar detail.",Pink,19,46.91,713.jpg,https://drive.google.com/file/d/1mjy49Q-JJLD7BhcgLyrmNX2N2lGVoTTQ/view?usp=drivesdk
714,Purple Backpack,Clothing,XL,A lightweight purple backpack with a front zippered pocket and white zipper detail.,Purple,35,10.12,714.jpg,https://drive.google.com/file/d/15ojdVg9cCPV4ItrtCGQU28ERrHR-EX5W/view?usp=drivesdk
715,knit beanie,Clothing,S,A blue knit beanie featuring a decorative knitted flower on the side.,Blue,7,39.69,715.jpg,https://drive.google.com/file/d/1qbaZ91qa2Yf6xzEFfHj2YEu2W3H1qcdc/view?usp=drivesdk
716,Graphic T-shirt,Clothing,L,A white short-sleeve t-shirt featuring a colorful graphic design on the front.,White,32,44.12,716.jpg,https://drive.google.com/file/d/1auABHXrXsolQERkLBwtiADFBBuIXyrsI/view?usp=drivesdk
717,Checked Shirt,Clothing,S,A light pink checked button-up shirt with rolled-up sleeves and chest pockets.,Pink,37,45.21,717.jpg,https://drive.google.com/file/d/1J6q4N4g_KC3AJW-euhbMbCPI-gcpn_Wy/view?usp=drivesdk
718,Plaid Shirt,Clothing,XL,A men's button-up plaid shirt with rolled-up sleeves and a front pocket.,Purple,24,43.03,718.jpg,https://drive.google.com/file/d/1sE9vAMQnUZgdbGfGxdYGPfd-L-Zwg1O3/view?usp=drivesdk
719,Plaid Shirt,Clothing,L,A men's long-sleeve plaid shirt with buttoned chest pockets and rolled-up sleeves.,Blue,48,26.26,719.jpg,https://drive.google.com/file/d/1A47oqzBdoYUUHWpB4lUrrlr1x607RSLP/view?usp=drivesdk
720,Seattle Sweatshirt,Clothing,S,A white sweatshirt featuring the word 'SEATTLE' and the number '47' in beige embroidery on the front.,White,12,23.19,720.jpg,https://drive.google.com/file/d/1rFdsYEjqGDHl1QzdaEAkjrmhq8YTB5Xw/view?usp=drivesdk
721,Striped Polo Shirt,Clothing,M,"A long-sleeve polo shirt with horizontal black and white stripes and a pink stripe across the chest, featuring embroidered logos.",Black,14,38.53,721.jpg,https://drive.google.com/file/d/1LgeTW-k7Z_2aDahSUSGDleQzc7rgxb2r/view?usp=drivesdk
722,Graphic Sweatshirt,Clothing,M,A grey sweatshirt with printed text 'North Carolina wrangler USA' on the front.,Grey,3,10.48,722.jpg,https://drive.google.com/file/d/1xmIDyOglQU_Mca8MAnA_cZkW3HBqxTUp/view?usp=drivesdk
723,Seattle Hoodie,Clothing,L,A beige hoodie featuring a black and white Seattle cityscape print with the text 'Seattle 1947'.,Beige,31,45.41,723.jpg,https://drive.google.com/file/d/15Qfp6yR6PoRM1jlQ3sMKePI05GjepqPe/view?usp=drivesdk
724,Graphic Sweatshirt,Clothing,L,A light grey sweatshirt featuring a printed graphic design on the front.,Grey,3,15.08,724.jpg,https://drive.google.com/file/d/16ixFZO1ZFcubAHBLghHCKY-28ouYj0tv/view?usp=drivesdk
725,Purple Hoodie,Clothing,M,A purple short-sleeve zip-up hoodie with front pockets.,Purple,44,11.5,725.jpg,https://drive.google.com/file/d/1l9B2lm-bWokcPiGzh_8B6yo-rJDbV2L_/view?usp=drivesdk
726,Striped Hoodie,Clothing,XL,A black hoodie with thin horizontal blue stripes and a front pocket.,Black,34,34.06,726.jpg,https://drive.google.com/file/d/1ix6jRQws56jANWMGHcZEUlHFDqo7dkt2/view?usp=drivesdk
727,Graphic Hoodie,Clothing,XL,A maroon hooded sweatshirt with front pockets and a green graphic print on the chest.,Maroon,40,10.98,727.jpg,https://drive.google.com/file/d/1Ngdj2ynKpDNJd6vntls5q8rcLC73wirr/view?usp=drivesdk
728,V-neck Sweater Vest,Clothing,L,A red V-neck sweater vest worn over a plaid shirt.,Red,23,41.43,728.jpg,https://drive.google.com/file/d/15TQguKmrwLm5EnoFR0U3Yhz1hNgFBcGo/view?usp=drivesdk
729,V-neck Sweater Vest,Clothing,L,A navy blue V-neck sweater vest worn over a green and blue plaid shirt.,Navy Blue,24,26.85,729.jpg,https://drive.google.com/file/d/1CFCVqb-kY7IeNEQvbD4vbrj4JnoCSLoM/view?usp=drivesdk
730,V-neck Sweater,Clothing,S,A plain red V-neck sweater with long sleeves and ribbed cuffs and hem.,Red,11,33.3,730.jpg,https://drive.google.com/file/d/1owz0yE3SNgBw7hfoSJiAyr6cUHLnyOMA/view?usp=drivesdk
731,V-neck Sweater,Clothing,M,A grey V-neck sweater with long sleeves and a subtle yellow trim at the neckline.,Grey,47,22.19,731.jpg,https://drive.google.com/file/d/1Iq1t8_7hmcV4nP4fSIpFjzqWinXHOu-W/view?usp=drivesdk
732,Striped Vest,Clothing,M,A sleeveless striped vest with button closure worn over a navy blue long sleeve sweater.,Gray,50,22.53,732.jpg,https://drive.google.com/file/d/1zUjJVAMEPAOmKbqeLeIgKKn4wq4X9ZQ_/view?usp=drivesdk
733,V-neck Sweater,Clothing,XL,"A long-sleeve, purple V-neck sweater with a fitted silhouette.",Purple,40,10.63,733.jpg,https://drive.google.com/file/d/1CkgQbqYWc7OYE1m011NinelbUZEzXeYZ/view?usp=drivesdk
734,Purple Sweater,Clothing,M,A purple long-sleeve sweater with a unique folded collar design.,Purple,16,14.6,734.jpg,https://drive.google.com/file/d/1ZR1RbEHBgKvS64aXovHVH9h_otQsiocm/view?usp=drivesdk
735,V-neck Sweater,Clothing,L,"A long-sleeve, cable-knit V-neck sweater.",Maroon,0,29.58,735.jpg,https://drive.google.com/file/d/1Bp38T9fDtAHgesUVOYkyU0Z9hd0QGKZE/view?usp=drivesdk
736,Henley T-shirt,Clothing,XL,A dark green long-sleeve Henley T-shirt with a buttoned collar and a printed emblem on the chest.,Green,30,19.72,736.jpg,https://drive.google.com/file/d/1abl-Ocw0nUSAKjnXU2gqUomC8Uajxbtg/view?usp=drivesdk
737,Striped Polo Shirt,Clothing,XL,A navy blue polo shirt with white and light blue horizontal stripes and a collar.,Navy Blue,38,44.16,737.jpg,https://drive.google.com/file/d/1r7nBraDktx_uYzz6LBysBwx8Aq24ww53/view?usp=drivesdk
738,Embroidered Sandal,Clothing,M,A flat sandal featuring colorful embroidered straps and a toe loop design.,Brown,16,25.41,738.jpg,https://drive.google.com/file/d/1VgP6hIzQVbXH5Geq2I5Nhxa7-nE31qsb/view?usp=drivesdk
739,cowl neck sweater,Clothing,S,A white knitted cowl neck sweater with three-quarter sleeves and textured patterns.,White,32,39.16,739.jpg,https://drive.google.com/file/d/1Vjm7oOmK7jYnAF2gBgg9PEx9UuaF4wrF/view?usp=drivesdk
740,Grey Shrug,Clothing,XL,A fitted grey shrug with ruched sleeves worn over a white top.,Grey,11,40.06,740.jpg,https://drive.google.com/file/d/1kq7BK4px_TOnAvaRfMwQa4l5g-nfBgsx/view?usp=drivesdk
741,zip-up jacket,Clothing,M,A dark green zip-up jacket with a high collar and long sleeves.,Green,37,13.52,741.jpg,https://drive.google.com/file/d/1eFDE5mUWRlqomzPZgA-ro8VuuYUUsaOO/view?usp=drivesdk
742,Cable Knit Sweater,Clothing,XL,Black cable knit sweater with a shawl collar and long sleeves.,Black,14,24.6,742.jpg,https://drive.google.com/file/d/1-bvT_snMHcZXNu_PlVGLMmy6eNTx8uEP/view?usp=drivesdk
743,Faded Jeans,Clothing,L,A pair of light blue faded denim jeans with a casual fit.,Blue,26,21.66,743.jpg,https://drive.google.com/file/d/1qO_yTiv4hiSNp_0g2BZCdqwO_yeEwiJ3/view?usp=drivesdk
744,Velvet Hoodie,Clothing,S,A soft velvet zip-up hoodie with long sleeves and a hood.,Purple,16,22.82,744.jpg,https://drive.google.com/file/d/1DvbnqVRuw_kNXr_GMIXjKVJsQRTMbOvb/view?usp=drivesdk
745,Velvet Hoodie,Clothing,L,A bright pink velvet zip-up hoodie with long sleeves and a hood.,Pink,16,34.64,745.jpg,https://drive.google.com/file/d/1vuwQn3IVkc-X5ukcbHXMREc70WbgHBAv/view?usp=drivesdk
746,Graphic Sweatshirt,Clothing,M,A black long-sleeve sweatshirt featuring a pink graphic design on the front.,Black,17,21.79,746.jpg,https://drive.google.com/file/d/16Zg6YOQBjm1D58TN4WmUYhX0QO1Z_H8j/view?usp=drivesdk
747,Bow Accent Purse,Clothing,S,A small black purse featuring a bow accent on the front flap.,Black,14,34.81,747.jpg,https://drive.google.com/file/d/1aUtEt0t350bBlU3ELdGQrEmhXh5Bi6JM/view?usp=drivesdk
748,Knitted Clutch,Clothing,M,A purple knitted clutch with black leather accents and silver button details.,Purple,7,41.25,748.jpg,https://drive.google.com/file/d/1GENwJOf7dUlV7QbUKpmqn18OrF145uVh/view?usp=drivesdk
749,Leather Shoulder Bag,Clothing,S,A black leather shoulder bag with a textured purple flap and dual handles.,Black,20,42.4,749.jpg,https://drive.google.com/file/d/1xZMJsVxQt_AEAr4Bh5hNyodPylKIhRX7/view?usp=drivesdk
750,Black Shirt,Clothing,XL,A short-sleeve black button-up shirt with a front pocket.,Black,25,40.09,750.jpg,https://drive.google.com/file/d/1zh-Sdu21Bw1w2ecXivuqSBLjl_2tsxMC/view?usp=drivesdk
751,Black Handbag,Clothing,M,A black handbag with shiny black handles and a zip closure.,Black,40,29.29,751.jpg,https://drive.google.com/file/d/19K5p5g9NUM5-g-x6uCFAxJmOS3PAKAtA/view?usp=drivesdk
752,Leather Handbag,Clothing,S,A dark brown leather handbag with dual handles and a front zip pocket.,Brown,44,24.92,752.jpg,https://drive.google.com/file/d/1-yMBPO06np5v4Zg9MZI4XRpslE0sA4Gg/view?usp=drivesdk
753,Leather Belt,Clothing,L,A slim black leather belt with a silver buckle and metal studs.,Black,23,41.76,753.jpg,https://drive.google.com/file/d/1gUBYjyDv_e2p2qh1YD7dzYvTstQGW0Zl/view?usp=drivesdk
754,Foldover Clutch,Clothing,L,A green foldover clutch bag featuring a combination of leather and suede materials with a zipper and decorative strap.,Green,48,46.79,754.jpg,https://drive.google.com/file/d/1765k0Q7KrAjeKX2o3CnNroyszg16b_iR/view?usp=drivesdk
755,knit flap wallet,Clothing,L,A purple wallet featuring a knit flap with a metal ring detail and a zip closure.,Purple,45,18.84,755.jpg,https://drive.google.com/file/d/16pZDPPP_thpqDPDGfjaKttrmrxXcWttq/view?usp=drivesdk
756,Graphic T-shirt,Clothing,XL,A navy blue short-sleeve t-shirt with a colorful printed graphic and text on the front.,Blue,16,23.66,756.jpg,https://drive.google.com/file/d/1cDBuGks1Gx-Q4soaIYB5Hr6RsuKlwI-v/view?usp=drivesdk
757,Plaid Shoulder Bag,Clothing,M,A red plaid patterned shoulder bag with a single strap and gathered fabric design.,Red,42,11.43,757.jpg,https://drive.google.com/file/d/1-wVwnkNGNsTly6sGSWrp2yrmqVMDJw-6/view?usp=drivesdk
758,Leather Clutch,Clothing,M,A sleek brown leather clutch with a front zipper pocket.,Brown,2,23.09,758.jpg,https://drive.google.com/file/d/17Rmmgd4BLq8hkDfa0b77FeLrhGFNtrfN/view?usp=drivesdk
759,Casual Leather Shoe,Clothing,S,A brown casual leather shoe with lace-up design and black sole.,Brown,5,19.2,759.jpg,https://drive.google.com/file/d/1OSv-rniHurGs61U8z43qymsusWd7W3pV/view?usp=drivesdk
760,Striped Cardigan,Clothing,M,A navy blue button-up cardigan with white and gray striped trim along the neckline and button line.,Blue,8,15.48,760.jpg,https://drive.google.com/file/d/12McRPy0uHMqgwaYSjXRLkcDavuoF7anS/view?usp=drivesdk
761,Denim Vest,Clothing,L,A sleeveless light blue denim vest with button closure and front pockets.,Blue,3,23.43,761.jpg,https://drive.google.com/file/d/1hQT7U3X0yKU0nVUO8kYS4SvTGTlhtD4H/view?usp=drivesdk
762,Casual Blazer,Clothing,M,A men's casual blazer with a single-button closure and flap pockets.,Black,30,35.99,762.jpg,https://drive.google.com/file/d/1RSiJWeDortLD4_HaedjoLIkpZH9hkrJ-/view?usp=drivesdk
763,Beige Jacket,Clothing,L,A beige casual jacket with front pockets and a zip closure.,Beige,27,41.34,763.jpg,https://drive.google.com/file/d/1YrcLxfKl1yIC2AVHc4BkQ0aJd0XBs75X/view?usp=drivesdk
764,Leather Oxford,Clothing,XL,A black leather Oxford shoe with brogue detailing and lace-up closure.,Black,37,26.6,764.jpg,https://drive.google.com/file/d/1GXVF9WuhoerDRUCJ9d2P6058HbPPnPNk/view?usp=drivesdk
765,Men's Sneaker,Clothing,XL,A black and gray casual men's sneaker with lace-up closure and a sporty design.,Black,1,14.77,765.jpg,https://drive.google.com/file/d/1jCfqH60qHFxN3fzCzE59xKphQQ_vjNWL/view?usp=drivesdk
766,Men's Jeans,Clothing,M,A pair of blue denim jeans with a faded wash and a slim fit.,Blue,27,42.39,766.jpg,https://drive.google.com/file/d/1jGwDWIgClfiXbwaOn7AHPMfgFh6fbap_/view?usp=drivesdk
767,Plaid Cargo Shorts,Clothing,M,Men's knee-length cargo shorts with a blue and white plaid pattern and multiple pockets.,Blue,35,16.81,767.jpg,https://drive.google.com/file/d/1nmKC7E871xLseDzM2nhHQVNmEQl5nXqD/view?usp=drivesdk
768,Fastrack Backpack,Clothing,XL,A durable Fastrack backpack featuring multiple compartments and adjustable straps in a grey and maroon color combination.,Grey,28,47.53,768.jpg,https://drive.google.com/file/d/1EhQD-dUvIByvw1dtZbLeNCyUleIT2-Tx/view?usp=drivesdk
769,Fastrack Backpack,Clothing,S,A navy blue and grey Fastrack backpack with multiple compartments and a front zipper pocket.,Blue,0,16.45,769.jpg,https://drive.google.com/file/d/1WtChXbCvYq3GlCdnFJWLfFqWJdTo94wX/view?usp=drivesdk
770,Studded Belt,Clothing,XL,A grey leather belt featuring metal studs and a silver buckle.,Grey,48,38.11,770.jpg,https://drive.google.com/file/d/1UBRGouMEDgAZ23ZCXTp9iq5awF58iqBf/view?usp=drivesdk
771,Track Pants,Clothing,S,Black casual track pants with an elastic waistband and side pockets.,Black,39,10.18,771.jpg,https://drive.google.com/file/d/1j0dn1ZCvjpgVdcRGMOwh-XgsAth8i7Tf/view?usp=drivesdk
772,Athletic Shorts,Clothing,L,Black athletic shorts with an elastic waistband and a small logo on the lower left leg.,Black,29,19.59,772.jpg,https://drive.google.com/file/d/1ti1ZDM2ODyOEFeorirTaZzoGcDZB9iL9/view?usp=drivesdk
773,Adidas Shorts,Clothing,XL,Black Adidas athletic shorts with an elastic waistband and logo on the left leg.,Black,22,27.49,773.jpg,https://drive.google.com/file/d/1A7at-LVmp_SneRQfQ3THMDoojhvebTYY/view?usp=drivesdk
774,Striped Trackpants,Clothing,L,Black trackpants with orange side stripes and an Adidas logo.,Black,13,10.23,774.jpg,https://drive.google.com/file/d/1MF0dAVgS4m1j8O6psB9GlOHobjMKJG58/view?usp=drivesdk
775,Turtleneck Sweater,Clothing,S,"A long-sleeve, dark gray turtleneck sweater made of knit fabric.",Gray,38,49.63,775.jpg,https://drive.google.com/file/d/1mMjw-YK8FcR8UfuDiM8JaeeDtOvfD0HK/view?usp=drivesdk
776,Plaid Shirt,Clothing,XL,"A long-sleeve button-up shirt with a plaid pattern in shades of brown, white, and yellow.",Brown,45,17.94,776.jpg,https://drive.google.com/file/d/11cmVOEeFnsLKouixFbEMSg_MLGSNBHE-/view?usp=drivesdk
777,Argyle Sweater,Clothing,L,A purple V-neck sweater featuring a black argyle pattern on the front.,Purple,2,14.08,777.jpg,https://drive.google.com/file/d/1fu48aRvJrw5_Nh8l-hMoBYLhE9zLxTOh/view?usp=drivesdk
778,Buttoned Cardigan,Clothing,L,A black buttoned cardigan worn over a collared shirt.,Black,18,10.16,778.jpg,https://drive.google.com/file/d/1zWrLu-3RK0vP_k9o-tHnqcg0J-7pbz6y/view?usp=drivesdk
779,Striped Cardigan,Clothing,XL,A navy blue and grey striped button-up cardigan with front pockets.,Navy Blue,33,40.9,779.jpg,https://drive.google.com/file/d/1zct6ih_A8GPdvxfk2qQ1Rao2wXWxQegS/view?usp=drivesdk
780,Striped Cardigan,Clothing,M,A long-sleeve button-up cardigan with horizontal grey and dark grey stripes and front pockets.,Grey,4,34.17,780.jpg,https://drive.google.com/file/d/1diMJaLPxIAuNVjTeAAeUbBMSQ7a1Jb0X/view?usp=drivesdk
781,Black Track Pants,Clothing,S,Black track pants with a slim fit and a pink accent on the waistband.,Black,9,43.73,781.jpg,https://drive.google.com/file/d/1IkTRo2LBgV9TgcV5onNEYCQ4ahm3xFDg/view?usp=drivesdk
782,zip-up hoodie,Clothing,XL,A casual zip-up hoodie with a front pocket and drawstring hood.,Gray,15,26.85,782.jpg,https://drive.google.com/file/d/11IneAhK0chWW7ZT9A6oGF3yRR3DQmdu4/view?usp=drivesdk
783,Graphic Hoodie,Clothing,S,A grey hooded sweatshirt with blue drawstrings and a colorful graphic print on the front.,Grey,48,28.49,783.jpg,https://drive.google.com/file/d/1iq6Fruf_C_Wvrity-IVgBou-hbQ2eU5h/view?usp=drivesdk
784,Track Pants,Clothing,XL,Black track pants with white side stripes and an elastic waistband.,Black,48,22.94,784.jpg,https://drive.google.com/file/d/1yOtS8v8nIuE44AxL004pBdn38MflZiOh/view?usp=drivesdk
785,Button Cardigan,Clothing,XL,"A long-sleeve, button-up cardigan with a scoop neckline.",Pink,46,23.75,785.jpg,https://drive.google.com/file/d/1OE2h8CQpAEHOPivMSBek0opEMGkqqh6R/view?usp=drivesdk
786,Track Pants,Clothing,L,Black track pants with white stripes on the sides and an elastic waistband.,Black,38,47.37,786.jpg,https://drive.google.com/file/d/15UGqnxbNIRzl6IorxLNGPffla2_MOS6n/view?usp=drivesdk
787,Sports Duffle,Clothing,XL,A navy blue and blue sports duffle bag with black straps and a shoulder strap.,Navy Blue,48,20.36,787.jpg,https://drive.google.com/file/d/1X-Qy0A9MhlFx_w-H_fy2XzM1f-ynxWKV/view?usp=drivesdk
788,Circuit Backpack,Clothing,L,A navy blue backpack featuring a front pocket with a blue circuit board pattern design.,Navy Blue,2,17.83,788.jpg,https://drive.google.com/file/d/1EB9dnwVitKp7zGijS7ntuVZA0cGaVt7X/view?usp=drivesdk
789,Black Sunglasses,Clothing,L,Black frame sunglasses with dark tinted lenses.,Black,6,10.77,789.jpg,https://drive.google.com/file/d/1zPXmA18H4eMdqAk10V9F4F7JcLoICchJ/view?usp=drivesdk
790,Black Sunglasses,Clothing,S,Black frame sunglasses with gradient dark lenses and a circular decorative element on the temples.,Black,25,13.93,790.jpg,https://drive.google.com/file/d/1xNtNp_VNnx2r08CRT_NNT_8GTqu6pFut/view?usp=drivesdk
791,Rectangular Sunglasses,Clothing,L,A pair of rectangular sunglasses with a maroon frame and gradient lenses.,Maroon,19,40.69,791.jpg,https://drive.google.com/file/d/1QWRj50v7a9XuKVlNG4hUQ0TBjmFaMfYN/view?usp=drivesdk
792,Manchester Sweatpants,Clothing,XL,Black sweatpants with white side stripes and Manchester United logo on the front.,Black,22,45.69,792.jpg,https://drive.google.com/file/d/19GJoHdZm_r30XSDfGEl_Qz1gJsApoj7f/view?usp=drivesdk
793,Drawstring Sweatpants,Clothing,S,Navy blue sweatpants with a drawstring waist and side pockets.,Blue,4,22.97,793.jpg,https://drive.google.com/file/d/1NsXQ_8AwWCWyk5VILzFmZVuFvDz4uYul/view?usp=drivesdk
794,knit beanie,Clothing,L,"A ribbed knit beanie made of thick yarn, designed to keep the head warm.",Teal,37,37.93,794.jpg,https://drive.google.com/file/d/1P0mRx8na1bfrCbIgJHHigfGTR3Ojs07c/view?usp=drivesdk
795,Blue Belt,Clothing,XL,A blue belt with a silver rectangular buckle and subtle embossed pattern.,Blue,44,43.68,795.jpg,https://drive.google.com/file/d/1EK85l6-2GjT0gp4USsJolJCw0AEQFGRj/view?usp=drivesdk
796,Striped Sweater,Clothing,M,A long-sleeve V-neck sweater with horizontal blue stripes and a small white logo on the chest.,Blue,6,31.78,796.jpg,https://drive.google.com/file/d/1GaCPIa0hjFbiK97v2AOIXbRP_E09tn2M/view?usp=drivesdk
797,White Wristwatch,Clothing,XL,A white wristwatch with a gold-tone bezel and white strap.,White,37,12.14,797.jpg,https://drive.google.com/file/d/1Crd3wE6OfW__f3EoKmK81OQ8i_1SWKzO/view?usp=drivesdk
798,Plaid Handbag,Clothing,S,"A stylish handbag featuring a black, white, and gray plaid pattern with dual handles and a detachable shoulder strap.",Black,15,43.4,798.jpg,https://drive.google.com/file/d/15FUUoY4-8agej7SlzUCKEcHeWlAgHDc2/view?usp=drivesdk
799,Studded Shoulder Bag,Clothing,S,A black shoulder bag featuring a studded flap with a decorative pattern and an adjustable strap.,Black,46,47.96,799.jpg,https://drive.google.com/file/d/1g8OaShd6wycvA0Wibc1SaOn4qdTCuSo0/view?usp=drivesdk
800,Metallic Handbag,Clothing,S,"A metallic handbag featuring dual handles, front zipper pockets, and decorative yellow beads with a silver chain.",Bronze,50,40.42,800.jpg,https://drive.google.com/file/d/1cw1rRPtlnlYaoSlp2VrALLfk2feyYp6G/view?usp=drivesdk
801,Shoulder Bag,Clothing,M,A light gray shoulder bag with handles and an adjustable strap.,Gray,49,29.69,801.jpg,https://drive.google.com/file/d/1eJuYWltv4yvTxIhJi897x4eo3oJPgNQE/view?usp=drivesdk
802,Quilted Handbag,Clothing,XL,"A burgundy quilted handbag with braided detailing, dual handles, and a detachable shoulder strap.",Burgundy,48,16.65,802.jpg,https://drive.google.com/file/d/1Qsy5HwWTOHEfxW-XGhSy8aW--fBSmw2X/view?usp=drivesdk
803,Quilted Handbag,Clothing,M,"A turquoise quilted handbag with braided handles, multiple pockets, and a detachable shoulder strap.",Turquoise,26,23.68,803.jpg,https://drive.google.com/file/d/1hiXMig0Gyb-wnE2VpBm9ExnCkJ5SVhT-/view?usp=drivesdk
804,Quilted Handbag,Clothing,XL,"A black quilted handbag with multiple zippered and snap pockets, featuring dual handles and an adjustable shoulder strap.",Black,13,15.99,804.jpg,https://drive.google.com/file/d/1KXvXBYfQzPRdJUwS-Ac3X1AUsBOHIf6l/view?usp=drivesdk
805,Faded Jeans,Clothing,XL,A pair of blue faded denim jeans with a slim fit and classic five-pocket design.,Blue,19,18.33,805.jpg,https://drive.google.com/file/d/12ZSV0Ygoy0OhaYUjberH4M8MR4tAYQHJ/view?usp=drivesdk
806,Sporty Swimsuit,Clothing,M,A black sporty one-piece swimsuit with white and blue accents and double shoulder straps.,Black,26,32.89,806.jpg,https://drive.google.com/file/d/1y9IkfpDzm_MicKIht1EYYBPU3ZjfsKZ2/view?usp=drivesdk
807,Drawstring Shorts,Clothing,L,Casual shorts with an elastic waistband and neon green drawstring.,Brown,35,45.77,807.jpg,https://drive.google.com/file/d/1RdpWaydK7FFTg3jDVb2AfI5cDYz4IRdK/view?usp=drivesdk
808,Leather Strap Watch,Clothing,L,A wristwatch with a black dial and brown leather strap featuring multiple subdials and a date display.,Brown,43,25.14,808.jpg,https://drive.google.com/file/d/1q-OGEyFSTUJqXy5HggtHu1swR1cI5U1r/view?usp=drivesdk
809,Adidas Hoodie,Clothing,M,A navy blue Adidas hoodie with a front kangaroo pocket and logo print.,Navy Blue,6,43.78,809.jpg,https://drive.google.com/file/d/1NZ43w4rCZ_gqCPeORzBXd6DQuK8PTfGD/view?usp=drivesdk
810,Plaid Slip-On,Clothing,M,A casual slip-on shoe featuring a black and pink plaid pattern with a white rubber sole.,Black,32,44.42,810.jpg,https://drive.google.com/file/d/17VF1Few8E4zUiEzrBBm2aYjmS4NYFQxd/view?usp=drivesdk
811,Leather Belt,Clothing,M,A brown leather belt with a black inner lining and a metal buckle.,Brown,49,23.09,811.jpg,https://drive.google.com/file/d/10ganvh8D_qFqAnEvfZXl2hXmYm7BJcns/view?usp=drivesdk
812,Braided Belt,Clothing,XL,A black braided leather belt with a silver buckle.,Black,41,23.07,812.jpg,https://drive.google.com/file/d/1Q4P40cNwnaOYlEYM38GM5GxkkZYvc_ai/view?usp=drivesdk
813,Striped Polo,Clothing,XL,"A short-sleeve polo shirt with horizontal navy blue, orange, and white stripes.",Navy Blue,34,18.95,813.jpg,https://drive.google.com/file/d/1O4pEvkeCcRbk3aKXLhB64x8Fv94YqOTC/view?usp=drivesdk
814,Adidas Swim Cap,Clothing,L,A black swim cap with white Adidas logo and stripes on the sides.,Black,12,36.32,814.jpg,https://drive.google.com/file/d/1vLuS4I7YkM4sr8TGzzfAs0GWOlnWTXZ_/view?usp=drivesdk
815,Grey Sweatpants,Clothing,XL,Comfortable grey sweatpants with an elastic waistband.,Grey,50,27.55,815.jpg,https://drive.google.com/file/d/1Mu7wNaRGwJIxVpS_n7QViaTx-_E31hNl/view?usp=drivesdk
816,Athletic Shorts,Clothing,L,Gray athletic shorts with an elastic waistband and white side stripes.,Gray,42,48.9,816.jpg,https://drive.google.com/file/d/1hShWDoanVqwpsPTXtKUxXmZ1oczOxxxO/view?usp=drivesdk
817,Leather Tote,Clothing,L,A purple leather tote bag with double handles and buckle strap details.,Purple,50,28.41,817.jpg,https://drive.google.com/file/d/1fk4m8NkXGPwgHmNON4bnmlyag9q8YT7T/view?usp=drivesdk
818,White Handbag,Clothing,L,A white handbag with a textured floral pattern and metal clasp detail.,White,3,31.51,818.jpg,https://drive.google.com/file/d/1sOBqZiUQFpqYB3rFnmlYb_LOiYG3Mz5S/view?usp=drivesdk
819,Snake Print Clutch,Clothing,L,A rectangular clutch bag with a snake print pattern and a black teardrop-shaped handle cutout.,Brown,3,23.8,819.jpg,https://drive.google.com/file/d/1ViWDubXsOSy3k-4bCwrjueFEzLZK0a1N/view?usp=drivesdk
820,Crocodile Tote,Clothing,L,A stylish tote bag with a crocodile skin pattern and sturdy handles.,Gray,27,33.99,820.jpg,https://drive.google.com/file/d/1Y5NAhmVT-V6Z4w_5z98JgwGkm3aeLNjt/view?usp=drivesdk
821,Adidas Polo,Clothing,M,White short-sleeve polo shirt with black stripes on the shoulders and Adidas logo on the chest.,White,45,10.94,821.jpg,https://drive.google.com/file/d/19ZYHFKT_pxtTQ-d15RBMSvALBZZFGblN/view?usp=drivesdk
822,Casual Sneaker,Clothing,L,A black casual sneaker with white sole and olive green stripe detailing.,Black,4,33.02,822.jpg,https://drive.google.com/file/d/17Rwlbuq8aRIMHYWRXnGUSqqjCqypysan/view?usp=drivesdk
823,Running Shoe,Clothing,S,A white and navy running shoe with yellow accents and a cushioned sole.,White,31,32.02,823.jpg,https://drive.google.com/file/d/1eNyb533uTCppcV9Xlv4bO-XfYD-berDr/view?usp=drivesdk
824,Buckle Dress Shoe,Clothing,L,A brown leather dress shoe with a buckle strap and perforated detailing on the toe.,Brown,37,28.22,824.jpg,https://drive.google.com/file/d/1UZtbgyW8hmTPLLuWP7sBLC-bbs6BmSJ0/view?usp=drivesdk
825,Black Formal Shoe,Clothing,S,A sleek black leather slip-on formal shoe with a pointed toe and low heel.,Black,45,29.16,825.jpg,https://drive.google.com/file/d/1E3lnXuHNyt28cKJxOJsskAHx_QZVCbJQ/view?usp=drivesdk
826,Brown Loafer,Clothing,L,A brown suede loafer with leather accents and a white sole.,Brown,33,10.51,826.jpg,https://drive.google.com/file/d/10VWonNbtpF9CE-QIQB3vRlyr1TbNlxta/view?usp=drivesdk
827,Leather Boot,Clothing,M,A tan leather lace-up boot with a padded collar and rugged sole.,Tan,49,30.94,827.jpg,https://drive.google.com/file/d/1gA1VDaHN8P80KH0Mh6SIcmW5uBY2Xrzs/view?usp=drivesdk
828,Suede Boat Shoe,Clothing,L,A brown suede boat shoe with lace-up front and rugged sole.,Brown,9,32.28,828.jpg,https://drive.google.com/file/d/1VwoGo3qLnxRQWPB_HeDFAajCLcAj6E7s/view?usp=drivesdk
829,Fleece Jacket,Clothing,S,A men's full-zip fleece jacket with zippered pockets and a stand collar.,Dark Gray,25,12.41,829.jpg,https://drive.google.com/file/d/1F0hp11R_Qmx5GH44YPHpEeajERXQ8m-b/view?usp=drivesdk
830,Graphic T-shirt,Clothing,XL,"A short-sleeved, round-neck T-shirt featuring a colorful cartoon graphic design on the front.",Red,31,15.55,830.jpg,https://drive.google.com/file/d/1RktTtMcIgVyGAGmUkjmz2rh3jCuRHF7H/view?usp=drivesdk
831,casual flip flop,Clothing,M,A casual flip flop sandal with a brown strap featuring text and a black footbed with a blue sole.,Brown,2,40.23,831.jpg,https://drive.google.com/file/d/1NVowxiEvsfTJusDF_qQ273_-eaVQEYUY/view?usp=drivesdk
832,Black Tracksuit,Clothing,L,A black short-sleeve zip-up hoodie paired with black cropped track pants featuring white stripes on the sides.,Black,29,20.48,832.jpg,https://drive.google.com/file/d/1hBCzQcM6Bae1bBjPASYF5PTV-20SRy0f/view?usp=drivesdk
833,Embellished Sandal,Clothing,L,A flat sandal with a thong design featuring rhinestone embellishments on the straps.,Beige,19,10.45,833.jpg,https://drive.google.com/file/d/1SJGdQAsuUz_M0iEtMzL6Pg-U0dF_cqUd/view?usp=drivesdk
834,Black Fleece Jacket,Clothing,S,A black full-zip fleece jacket with a high collar and zippered chest pocket.,Black,11,18.66,834.jpg,https://drive.google.com/file/d/1n59HPZ9Lyl30Zjn2FMM6yItohql66NDC/view?usp=drivesdk
835,Fleece Vest,Clothing,M,A black sleeveless fleece vest with a front zipper and a high collar.,Black,8,43.73,835.jpg,https://drive.google.com/file/d/1ZTkm32z3pRSwArBUf79bwr05B6a5SsYb/view?usp=drivesdk
836,Black Fleece Jacket,Clothing,XL,A black full-zip fleece jacket with a stand collar and side pockets.,Black,40,14.16,836.jpg,https://drive.google.com/file/d/1J2S7q3XdgDJrU2u-O_fV_i1FxO3c13GH/view?usp=drivesdk
837,Black Jacket,Clothing,M,A black zip-up jacket with a high collar and side pockets.,Black,45,49.67,837.jpg,https://drive.google.com/file/d/1IBypGho1MmaawMdEqJsToUBCYvfyc3Ne/view?usp=drivesdk
838,Men's Jacket,Clothing,L,A grey zip-up men's jacket with a high collar and side pockets.,Grey,42,48,838.jpg,https://drive.google.com/file/d/1cUhzlPnDggEWQpASHHZduXjJT6HBokSV/view?usp=drivesdk
839,Men's Jacket,Clothing,S,A beige zip-up men's jacket with a high collar and side pockets.,Beige,26,41.64,839.jpg,https://drive.google.com/file/d/135-5pdJiJ68QQp8D7RjqJCKRwYH_JvYD/view?usp=drivesdk
840,Hooded Jacket,Clothing,M,A lightweight hooded jacket with a front zipper and elastic cuffs.,Red,29,11.06,840.jpg,https://drive.google.com/file/d/14vAjKS2nXHFZEukeOFooz5MODR3sn9cr/view?usp=drivesdk
841,Striped Polo Shirt,Clothing,L,A short-sleeve polo shirt with wide horizontal orange and blue stripes.,Orange,18,12.96,841.jpg,https://drive.google.com/file/d/1l7DGYQN7NY3JoxqhosRGGYmVmC4iKqRk/view?usp=drivesdk
842,Graphic T-shirt,Clothing,L,A green short-sleeve t-shirt featuring a bold yellow and black geometric pattern with white text print.,Green,48,17.53,842.jpg,https://drive.google.com/file/d/1sRvy7PddKdhgHziZUwKepLdFlEPw2tfp/view?usp=drivesdk
843,Half-Zip Sweatshirt,Clothing,S,A light grey half-zip sweatshirt with a logo patch on the chest.,Light Grey,17,34.4,843.jpg,https://drive.google.com/file/d/1o6p-t36Nz5WeFtyLYv1rxSCQExQ6x-Jg/view?usp=drivesdk
844,Striped Shirt,Clothing,L,A long-sleeve button-up shirt with vertical stripes in blue and gray tones.,Gray,27,17.69,844.jpg,https://drive.google.com/file/d/1n5jiJSWo1Tw72gtQTcriYg5C2fgfCTLE/view?usp=drivesdk
845,White Shirt,Clothing,S,A white long-sleeve button-up shirt with two chest pockets and rolled-up sleeves.,White,45,12.09,845.jpg,https://drive.google.com/file/d/161W-QNqrSsZBq0KSBtVI9EHc7dnCsA9g/view?usp=drivesdk
846,Adidas Windbreaker,Clothing,S,A navy blue Adidas windbreaker jacket with white stripes on the sleeves and a front zipper.,Navy Blue,10,40.46,846.jpg,https://drive.google.com/file/d/1UIltKtrCdr1rczhp_Hb0LMfNuUKNz7E3/view?usp=drivesdk
847,Lakers Hoodie,Clothing,M,A purple hooded sweatshirt featuring Lakers basketball association graphics and front pockets.,Purple,0,37.03,847.jpg,https://drive.google.com/file/d/16WGRs8zVeZWaEdXIl-nQtOal8zfei718/view?usp=drivesdk
848,Striped Dress Shirt,Clothing,M,A long-sleeve dress shirt with thin vertical stripes and a front pocket.,Light Blue,4,11.54,848.jpg,https://drive.google.com/file/d/1kv4Dqu_ADIQtJAY0VzgOaZu29R26rnUI/view?usp=drivesdk
849,casual trousers,Clothing,M,A pair of navy blue casual trousers with a button and zip closure.,Blue,7,12.02,849.jpg,https://drive.google.com/file/d/1WdybtdBYnTjEt18neLglol2NRqCtS0sy/view?usp=drivesdk
850,White Leggings,Clothing,XL,A pair of plain white fitted leggings.,White,29,34.31,850.jpg,https://drive.google.com/file/d/1yBBd6W9C8-WRuuD6MzXIehOK33CqY1my/view?usp=drivesdk
851,Pink Leggings,Clothing,L,A pair of fitted pink leggings with ruched detailing at the ankles.,Pink,12,28.31,851.jpg,https://drive.google.com/file/d/1-4A9TSixyC9EeAX2QfW6l8mj1dBsKVIg/view?usp=drivesdk
852,Adidas Backpack,Clothing,S,Black Adidas backpack with orange accents and a front graphic design.,Black,23,29.27,852.jpg,https://drive.google.com/file/d/1sfaMmIgEQcNc1n21MqcVJl8N5fi94PY9/view?usp=drivesdk
853,Pink Leggings,Clothing,L,A pair of fitted pink leggings worn with a white top.,Pink,20,17.15,853.jpg,https://drive.google.com/file/d/1OYkzbupkb64tIn4DjwHr9B40BoNY9VV1/view?usp=drivesdk
854,Black Dhoti Pants,Clothing,XL,Loose-fitting black dhoti-style pants with a draped design.,Black,19,11.76,854.jpg,https://drive.google.com/file/d/1hEl-UQyT3ulo9OpxmqQJMdUdXD0YgllS/view?usp=drivesdk
855,swim cap,Clothing,M,A purple silicone swim cap with the Adidas logo printed on the side.,Purple,37,33.7,855.jpg,https://drive.google.com/file/d/1yFmK63mnih2ua5x8QI_SpSX0FQTx6qMB/view?usp=drivesdk
856,Track Pants,Clothing,L,Black track pants with white side stripes and an elastic waistband.,Black,30,25.01,856.jpg,https://drive.google.com/file/d/1eINCFymKeaC7ZQuBlncuNGsFFwvBm9wa/view?usp=drivesdk
857,Plaid Shirt,Clothing,S,A long-sleeve button-up shirt with a purple and white plaid pattern.,Purple,40,38.85,857.jpg,https://drive.google.com/file/d/1aM7OwPmBUCdzkLH5FFJPcXeBbTdLx3po/view?usp=drivesdk
858,Nike Shorts,Clothing,M,Lightweight gray Nike shorts with an elastic waistband and a small logo on the side.,Gray,42,36.37,858.jpg,https://drive.google.com/file/d/1Wqu1840mYwNPidAxZc8IzbrpX6PbsGCH/view?usp=drivesdk
859,Track Pants,Clothing,XL,"Lightweight, loose-fitting track pants with an elastic waistband and side pockets.",Gray,16,38.46,859.jpg,https://drive.google.com/file/d/19FbYCxkjcRAJzo2ffYIUz7bYXMJR4wLt/view?usp=drivesdk
860,Athletic Shorts,Clothing,L,Navy blue athletic shorts with an elastic waistband and side stripes.,Blue,46,33.47,860.jpg,https://drive.google.com/file/d/1A_6P8sQIXuRItfzNFFFCBLY21dU-4HTW/view?usp=drivesdk
861,Nike Track Jacket,Clothing,S,A navy blue full-zip track jacket with orange side panels and a white Nike logo on the chest.,Blue,5,37.06,861.jpg,https://drive.google.com/file/d/1evbrRS3matysavJwfKpuM8iLw0QmpWuk/view?usp=drivesdk
862,Pink Sweatshirt,Clothing,S,A bright pink long-sleeve sweatshirt with a crew neckline and ribbed cuffs and hem.,Pink,24,44.12,862.jpg,https://drive.google.com/file/d/13r68QipilmMkt_PgWVshKG70LauH6OnK/view?usp=drivesdk
863,Nike Hoodie,Clothing,L,Black zip-up hoodie with a front pocket and Nike logo on the chest.,Black,34,40.13,863.jpg,https://drive.google.com/file/d/1jGIEdtHDxbeLvTIUKpCXGyzuT6lFMZSA/view?usp=drivesdk
864,Running T-shirt,Clothing,M,"A short-sleeve, dark gray running T-shirt with neon yellow accents and a small white logo on the chest.",Gray,16,21.94,864.jpg,https://drive.google.com/file/d/18oPYl6_Iq24qpNqubWi4YZWUKIycUKFc/view?usp=drivesdk
865,V-neck Sweater,Clothing,S,A dark gray V-neck sweater with long sleeves and a white Nike logo on the chest.,Gray,20,35.48,865.jpg,https://drive.google.com/file/d/1-tCpJ5X816QGmVyQNAI_xf_WgCJH0YMl/view?usp=drivesdk
866,White T-shirt,Clothing,XL,A plain white short-sleeve athletic T-shirt with a round neckline.,White,22,47.8,866.jpg,https://drive.google.com/file/d/1I8xA-GVk68SBEwBJXegr1xGohoQ1Bo0Z/view?usp=drivesdk
867,Graphic Backpack,Clothing,XL,A grey and black backpack featuring a graphic print and multiple zippered compartments.,Grey,14,23.19,867.jpg,https://drive.google.com/file/d/1XAr_hfQFGGMHyjrnWIw9ePUdTzFJuve6/view?usp=drivesdk
868,Crewneck Sweatshirt,Clothing,M,"A grey long-sleeve crewneck sweatshirt with ribbed cuffs and hem, featuring a small white Nike logo on the chest.",Grey,1,18.18,868.jpg,https://drive.google.com/file/d/1YLKp55F0YIBuRbQBvxidmAqJPTx7wPPM/view?usp=drivesdk
869,Slim Fit Jeans,Clothing,L,A pair of slim fit jeans with a faded wash and yellow button detailing.,Blue,5,35.87,869.jpg,https://drive.google.com/file/d/1I2B3hYlL3JY5JEy2bq5PUYbkcxO5qtnj/view?usp=drivesdk
870,Plaid Shirt,Clothing,M,A short-sleeve blue and white plaid button-up shirt with chest pockets and rolled sleeves.,Blue,41,26.2,870.jpg,https://drive.google.com/file/d/1QsVhMS18NRXgxa719tpmrelQ2skksZOy/view?usp=drivesdk
871,Casual Sneaker,Clothing,S,A brown casual sneaker with black accents and lace-up closure.,Brown,50,11.89,871.jpg,https://drive.google.com/file/d/1kp7LD6oeNY-fFlLnnbkW6As5X36UdmDj/view?usp=drivesdk
872,Casual Loafer,Clothing,M,A tan casual loafer shoe with lace-up design and stitched detailing.,Tan,32,40.98,872.jpg,https://drive.google.com/file/d/1xneAl8DlU8vbDPGszih3c1Rke3cpRW7y/view?usp=drivesdk
873,Nike Sweatshirt,Clothing,L,A black long-sleeve Nike sweatshirt with a crew neck and a small logo on the chest.,Black,14,12.96,873.jpg,https://drive.google.com/file/d/1TwSxPn6WsGk0aW6lFmYClPgIeGNm6MTN/view?usp=drivesdk
874,Striped Polo,Clothing,L,A white short-sleeve polo shirt with yellow and dark blue horizontal stripes.,White,50,48.79,874.jpg,https://drive.google.com/file/d/1tlxtFhFCssJs5ZDkaLXw8UKUJRpMU8Kd/view?usp=drivesdk
875,Graphic Wristwatch,Clothing,XL,A white wristwatch with a black dial featuring large grey graphic text and a white strap with matching text.,White,15,21.81,875.jpg,https://drive.google.com/file/d/15VfVdwdFczTozSJ592Hdhadd6e1aKvPv/view?usp=drivesdk
876,Graphic Wristwatch,Clothing,S,A wristwatch with a purple strap and a face displaying bold white and orange graphic text.,Purple,1,34.43,876.jpg,https://drive.google.com/file/d/1t0SC6WLmbCt06AoaKQEgH4cUrHMFCkQ5/view?usp=drivesdk
877,Black Shorts,Clothing,S,A pair of black casual shorts with an elastic waistband and side panels.,Black,1,25.34,877.jpg,https://drive.google.com/file/d/1p3BwvcLBweUI69dZ-i-NeCgUEE8Iy5P3/view?usp=drivesdk
878,Colorblock Shorts,Clothing,XL,Light grey shorts with black colorblock panels on the sides.,Grey,33,27.86,878.jpg,https://drive.google.com/file/d/1FTDGcraP6iLcxkkQF_lYSpamSvcujc3d/view?usp=drivesdk
879,Men's Track Pants,Clothing,M,Black men's track pants with an elastic waistband and a relaxed fit.,Black,42,44.42,879.jpg,https://drive.google.com/file/d/1fHJLHleqJjvFSbcL8a_2RtxJ0og6Kjzc/view?usp=drivesdk
880,Striped Dress Shirt,Clothing,L,A black dress shirt with white vertical stripes and buttoned cuffs.,Black,37,33.49,880.jpg,https://drive.google.com/file/d/1mC8WGlVSwbVbdSi77NJ9plvfpU8NuptO/view?usp=drivesdk
881,Pleated Trousers,Clothing,L,Men's formal pleated trousers in a straight fit.,Dark Gray,10,48.23,881.jpg,https://drive.google.com/file/d/1X0DldtMd0Q6fEVDUsgjGngDyz9ztipf1/view?usp=drivesdk
882,Textured Leggings,Clothing,L,"A pair of fitted leggings with a textured, mottled pattern.",Brown,5,17.84,882.jpg,https://drive.google.com/file/d/1URr2Rc9Lo8_5UcfdrW1zcfQs0GIAJeg_/view?usp=drivesdk
883,Leopard Print Leggings,Clothing,L,Slim-fit leggings featuring an all-over leopard print pattern.,Dark Green,12,36.52,883.jpg,https://drive.google.com/file/d/1AlHwmQPajIKt7FcsAII_CrB7ArRrSPdE/view?usp=drivesdk
884,Cable Knit Sweater,Clothing,L,A black long-sleeve cable knit sweater with a round neckline.,Black,39,44.71,884.jpg,https://drive.google.com/file/d/1xmP_piKZwnwA3v2jU64LWwhg2LM94uNs/view?usp=drivesdk
885,Striped Sweater,Clothing,M,A brown V-neck sweater with yellow horizontal stripes.,Brown,34,15.58,885.jpg,https://drive.google.com/file/d/1IRJkWclRMgRHr80nD63V4dxO8tXk2ckf/view?usp=drivesdk
886,Striped Flip Flop,Clothing,L,"A casual flip flop with black straps and a striped sole featuring green, red, and black colors.",Black,34,12.15,886.jpg,https://drive.google.com/file/d/1Zrxv5nw1BY_pyuYXnqcFZl7Ykjepn1YH/view?usp=drivesdk
887,Tie and Cufflinks Set,Clothing,XL,"A burgundy patterned tie paired with matching cufflinks, presented in a black gift box.",Burgundy,35,36.08,887.jpg,https://drive.google.com/file/d/1lhifOC7S--sp1_FqKWCX51XvM9cxCzFO/view?usp=drivesdk
888,Half-Zip Fleece,Clothing,L,"A long-sleeve, half-zip fleece pullover designed for warmth and comfort.",Gray,11,47.57,888.jpg,https://drive.google.com/file/d/1WH-qIHOQuCfcO_yn4WXjiN0FzjR5SJGa/view?usp=drivesdk
889,Moody Polo Shirt,Clothing,L,"A long-sleeve polo shirt with green sleeves and collar, yellow body, and multiple cartoon faces with the text 'I am moody!' printed on the front.",Yellow,13,37,889.jpg,https://drive.google.com/file/d/1y8BTujgRZNXUGD1g7M8ryF2ZiWvLBSFP/view?usp=drivesdk
890,Half-Zip Fleece,Clothing,XL,A light beige long-sleeve fleece pullover with a half-zip collar.,Beige,7,34.93,890.jpg,https://drive.google.com/file/d/1aGjtPIOGs8GdYXMJ35doODeU369HkM9e/view?usp=drivesdk
891,Half-Zip Fleece,Clothing,L,"A long-sleeve, half-zip fleece pullover designed for warmth and comfort.",Gray,33,49.03,891.jpg,https://drive.google.com/file/d/13y2FPesB8oD5Gsr5GM8aXPzAw1n0K22C/view?usp=drivesdk
892,Red Fleece Pullover,Clothing,S,A red fleece pullover with a quarter zip and long sleeves.,Red,21,22.24,892.jpg,https://drive.google.com/file/d/1bl7x5KhJtlvZOcXWL6kcG_jDiR627skx/view?usp=drivesdk
893,Fleece Pullover,Clothing,M,A long-sleeve fleece pullover with a quarter zip and a stand collar.,Purple,24,35.74,893.jpg,https://drive.google.com/file/d/1TDGEdIfePtv4V7IOzhUpDL_MitS7bGMG/view?usp=drivesdk
894,Half-Zip Fleece,Clothing,M,A brown long-sleeve half-zip fleece pullover.,Brown,32,26.74,894.jpg,https://drive.google.com/file/d/1y0kbip01R4EhhlIDXFQ_1jf-d7OTyHiO/view?usp=drivesdk
895,Half-Zip Fleece,Clothing,XL,A light green long-sleeve half-zip fleece top.,Green,19,32.92,895.jpg,https://drive.google.com/file/d/1kqRs-_wbKmRwhlVQJgD5xkkucqxhZgJ5/view?usp=drivesdk
896,Half-Zip Fleece,Clothing,S,A black long-sleeve half-zip fleece pullover.,Black,34,46.77,896.jpg,https://drive.google.com/file/d/1Qgyv1HfisdkrDULYVqJGWGAZ-raArIxL/view?usp=drivesdk
897,Graphic T-shirt,Clothing,XL,A bright pink short-sleeve T-shirt featuring a bold graphic design on the front.,Pink,14,40.06,897.jpg,https://drive.google.com/file/d/1V0fhrUbGKJtAvZXLNIh6p9nzo2l5Q9uy/view?usp=drivesdk
898,Purple Fleece Pullover,Clothing,L,A long-sleeve purple fleece pullover with a quarter zip and a high collar.,Purple,29,28.62,898.jpg,https://drive.google.com/file/d/1aXA7LAQymWK8HK84-K37gTdN7NQawF1p/view?usp=drivesdk
899,Bugged T-shirt,Clothing,L,Black short-sleeve T-shirt with the word 'BUGGED' printed on the front.,Black,5,26.12,899.jpg,https://drive.google.com/file/d/1y9F3PdOlZKswdb_StE1rah4GLBNXXDsP/view?usp=drivesdk
900,Green Check Shirt,Clothing,L,A long-sleeve green checkered shirt with a button-down front and collar.,Green,14,42.98,900.jpg,https://drive.google.com/file/d/1zD3tcNQQ7l1jCac-1-sOgECI045gpR9G/view?usp=drivesdk
901,Checked Shirt,Clothing,XL,A long-sleeve checked shirt with a front pocket and button closure.,Light Blue,42,31.32,901.jpg,https://drive.google.com/file/d/1XI7lXeqZ_bSBGUzLLyrEN2pdOe7m8Itm/view?usp=drivesdk
902,Leather Oxford,Clothing,S,A classic black leather Oxford shoe with brogue detailing and lace-up closure.,Black,41,49.64,902.jpg,https://drive.google.com/file/d/17EnE4XfOo9oUAmf6EOzLRibGpXML_2Ih/view?usp=drivesdk
903,Leather Dress Shoe,Clothing,S,A sleek black leather dress shoe with lace-up closure and a pointed toe.,Black,40,44.32,903.jpg,https://drive.google.com/file/d/19KjwuvLHyRKfzCDJ9q7hERHZxcXhonO4/view?usp=drivesdk
904,Silver Wristwatch,Clothing,M,A silver metallic wristwatch with a round dial and a metal strap.,Silver,16,43.69,904.jpg,https://drive.google.com/file/d/1rmnHSH_M0FWSh_gYS-7kvtKWuT7uKBzQ/view?usp=drivesdk
905,Silver Wristwatch,Clothing,S,A silver wristwatch with a rectangular face and Roman numeral markers.,Silver,26,42.69,905.jpg,https://drive.google.com/file/d/1dX6_fY6MfkZ1fcHxA4o73Lk4ixjVj0FP/view?usp=drivesdk
906,Leather Strap Watch,Clothing,M,"A wristwatch with a square silver case, white dial, orange numerals, and a black leather strap with orange stitching.",Black,43,27.79,906.jpg,https://drive.google.com/file/d/1yR0--nnzypiDv2yvhBe1y9hYrR2FFoWT/view?usp=drivesdk
907,Black Dial Watch,Clothing,L,A wristwatch featuring a black dial with a silver metal case and black leather strap.,Black,38,33.84,907.jpg,https://drive.google.com/file/d/18UUb0owp9yX0zYVoTgBymviaEiv2YiBw/view?usp=drivesdk
908,Churidar Pants,Clothing,XL,A pair of beige churidar pants with a fitted and ruched design at the ankles.,Beige,34,31.87,908.jpg,https://drive.google.com/file/d/1JzMIhT4eQdEBrieHZ0JZvOIgCSk_fh_B/view?usp=drivesdk
909,Basic Leggings,Clothing,XL,"A pair of plain, fitted leggings in a solid color.",Black,31,24.38,909.jpg,https://drive.google.com/file/d/1S5qQeT1jPLCuvL7Dz9iD2kcqzAq2b8mC/view?usp=drivesdk
910,Plaid Scarf,Clothing,S,A grey plaid scarf with red and black checkered patterns and fringed ends.,Grey,49,46.93,910.jpg,https://drive.google.com/file/d/1zhySzgCY-qNzGh-3lm2bdOV3wBYqHMw8/view?usp=drivesdk
911,Adidas digital watch,Clothing,L,A black digital sports watch with blue accents and a rubber strap.,Black,30,19.04,911.jpg,https://drive.google.com/file/d/1dCNWNl-qtBaMyVI3GyTwok9ruWDdW8K8/view?usp=drivesdk
912,Distressed Jeans,Clothing,S,Men's blue distressed denim jeans with a faded wash and casual fit.,Blue,12,18.91,912.jpg,https://drive.google.com/file/d/1TwRpl_NU0_YY-hJeJycH5xgyXcqN3PHr/view?usp=drivesdk
913,Black Sunglasses,Clothing,S,Black frame sunglasses with dark tinted lenses.,Black,42,29.6,913.jpg,https://drive.google.com/file/d/1JJI2gvvDu5BLd7TUoQfxNzKwX-jNqUHi/view?usp=drivesdk
914,Aviator Sunglasses,Clothing,L,Classic aviator sunglasses with a thin gold frame and brown tinted lenses.,Gold,19,30.22,914.jpg,https://drive.google.com/file/d/1np1XJyXvabZUF09eo349J9obwXKesbQD/view?usp=drivesdk
915,Pointed Dress Shoe,Clothing,S,A sleek black leather pointed dress shoe with lace-up closure.,Black,22,43.51,915.jpg,https://drive.google.com/file/d/1i6cx_0NAbtYucG9heZMUJeLQQ5zEniHc/view?usp=drivesdk
916,Clear Frame Sunglasses,Clothing,XL,Sunglasses with clear plastic frames and dark tinted lenses.,Clear,38,18.45,916.jpg,https://drive.google.com/file/d/1vr4DKzxn_adprumWGhBJLaxtFKpwNeIf/view?usp=drivesdk
917,sports sunglasses,Clothing,XL,White and black frame sports sunglasses with dark lenses.,White,30,10.87,917.jpg,https://drive.google.com/file/d/1HjeAyaojpKNLqn8aK7-VyKDmfcmDB9yY/view?usp=drivesdk
918,Oversized Sunglasses,Clothing,S,Large square-shaped sunglasses with a teal frame and gradient dark lenses.,Teal,50,14.04,918.jpg,https://drive.google.com/file/d/1z7a6O6Xs561LiGC2Wvmf31vyaPBlD1Mi/view?usp=drivesdk
919,Leather Loafer,Clothing,M,A black leather loafer shoe with a perforated design and a low heel.,Black,20,21.75,919.jpg,https://drive.google.com/file/d/1CFqJUxUS3lApSD31cHOjThp2ipQ9Y6s3/view?usp=drivesdk
920,Leather Dress Shoe,Clothing,M,A brown leather lace-up dress shoe with a black sole.,Brown,46,35,920.jpg,https://drive.google.com/file/d/1bsck3EVDyCVRsFxQRl0frnigk6PaY-yl/view?usp=drivesdk
921,Leather Loafer,Clothing,S,A brown leather loafer shoe with detailed stitching and a low heel.,Brown,15,47,921.jpg,https://drive.google.com/file/d/1HMTC_v8WcbmfdXNY4lfUcfDOIIdmyebR/view?usp=drivesdk
922,Canvas Sneaker,Clothing,L,A yellow canvas sneaker with white laces and a white rubber toe cap.,Yellow,5,38.37,922.jpg,https://drive.google.com/file/d/1pUTDXsF8HDI-uUbJeLy1PyMmoY6eA0Ss/view?usp=drivesdk
923,Track Pants,Clothing,M,Black track pants with green side stripes and an elastic waistband.,Black,17,12.28,923.jpg,https://drive.google.com/file/d/1JZunQz220ODzt_tA3P593DiasVGJi-Cx/view?usp=drivesdk
924,Crew Neck Sweater,Clothing,XL,A black crew neck sweater with blue trim detailing around the neckline and shoulders.,Black,9,28.59,924.jpg,https://drive.google.com/file/d/18MGLt8wkOINd7dJLzEP0yw9_pLd7Ky50/view?usp=drivesdk
925,Colorblock Sweater,Clothing,M,A long-sleeve sweater featuring a blue front with black and purple colorblock sleeves.,Blue,28,35.13,925.jpg,https://drive.google.com/file/d/1agtmFsWRPFzDLIBnJgXB_9qJD5k6AB5p/view?usp=drivesdk
926,Hooded Puffer Vest,Clothing,L,A sleeveless padded vest with a hood and front zipper closure.,Gray,49,32.31,926.jpg,https://drive.google.com/file/d/1QrlEtyi_q5zdb_H3JNW1L2_cq5bci2Hr/view?usp=drivesdk
927,Black Slip-On,Clothing,XL,A black slip-on shoe with a pointed toe and subtle zigzag pattern on the front.,Black,25,44.71,927.jpg,https://drive.google.com/file/d/1Yika5yQNTNUWatyFimlVzy_tvFs5FGNb/view?usp=drivesdk
928,Puma Polo,Clothing,XL,A navy blue short-sleeve polo shirt with a white collar detail and Puma logo on the chest.,Blue,47,13,928.jpg,https://drive.google.com/file/d/14IQJHjNlkV3l7v4J-jIfXUROOaclKG8t/view?usp=drivesdk
929,High Top Sneaker,Clothing,S,"A high-top sneaker with light blue laces, pink stitching, and a distressed side panel.",Beige,3,24.27,929.jpg,https://drive.google.com/file/d/124sFnz0ilPan1H422I7G43X7psA0KDnm/view?usp=drivesdk
930,Basketball Jacket,Clothing,L,Black zip-up jacket with white stripes on the sleeves and a pixelated basketball player graphic on the chest.,Black,36,45.23,930.jpg,https://drive.google.com/file/d/144UIoa6VqSFAyY26ngrs4eBb-1DzLdkU/view?usp=drivesdk
931,Black Bomber Jacket,Clothing,S,A black bomber jacket with a front zipper and striped cuffs and hem.,Black,42,47.12,931.jpg,https://drive.google.com/file/d/1q5HvVKVCbI4jHY-1P3oQvmr0Q3rXUz-7/view?usp=drivesdk
932,Striped Cuffs Jacket,Clothing,S,A navy blue zip-up jacket with striped cuffs and waistband.,Navy Blue,47,16.97,932.jpg,https://drive.google.com/file/d/1unyy-sQZmDNHkMFOfg8N9vz_nZz1dadg/view?usp=drivesdk
933,Slim Fit Jeans,Clothing,L,A pair of slim fit blue denim jeans with a slightly faded wash.,Blue,38,42.76,933.jpg,https://drive.google.com/file/d/1MCTaULm3fvzn01bhrJHUuNnkApV2gb0n/view?usp=drivesdk
934,Green Shorts,Clothing,XL,A pair of bright green knee-length shorts with a buttoned waistband.,Green,27,21.22,934.jpg,https://drive.google.com/file/d/1N5QCvph5_TOD5kClMne9Lcpn1VuE6x_D/view?usp=drivesdk
935,Casual Shirt,Clothing,M,A long-sleeve casual shirt with a subtle checkered pattern and a front pocket.,Olive Green,27,26.66,935.jpg,https://drive.google.com/file/d/1gpleS9jvwK0KdyVH7CnAtsVs_4BFjFda/view?usp=drivesdk
936,Zip Hoodie,Clothing,S,A light grey zip-up hoodie with a front pocket and printed text on the chest.,Grey,18,25.16,936.jpg,https://drive.google.com/file/d/1wUkx2ng4o0Hr6SH5o24tjT89ImsJh2Ys/view?usp=drivesdk
937,Zip Hoodie,Clothing,XL,A light grey zip-up hoodie with a front pocket and black logo on the chest.,Grey,13,42.33,937.jpg,https://drive.google.com/file/d/1AbXjBnu-NflvFwApDDpF3ihwm-kbct7F/view?usp=drivesdk
938,Track Suit,Clothing,XL,A men's track suit with a white zip-up jacket featuring light blue stripes on the sleeves and black pants with matching light blue stripes.,White,48,41.66,938.jpg,https://drive.google.com/file/d/1EIeVV9BP0qwWWdQv9L5yDmQdXYo9trFi/view?usp=drivesdk
939,Adidas Shorts,Clothing,S,White Adidas athletic shorts with black side stripes and an elastic waistband.,White,10,22.83,939.jpg,https://drive.google.com/file/d/1ZHTp0RNZSf3hT4SOKtqFznhCiqJ1lE6p/view?usp=drivesdk
940,Men's Sports Shorts,Clothing,L,Gray athletic shorts with an elastic waistband and Adidas logo on the left leg.,Gray,43,38.37,940.jpg,https://drive.google.com/file/d/1xHZ52E3uMmZ85q9aXSrQyc1IlUY21-Ag/view?usp=drivesdk
941,Athletic Shorts,Clothing,S,Black athletic shorts with white side stripes and an elastic waistband.,Black,9,12.29,941.jpg,https://drive.google.com/file/d/1IQJ-r3lTrZ0qnm3LEpdDTr9etEYNJc8D/view?usp=drivesdk
942,Black Tracksuit,Clothing,XL,"A black full-zip tracksuit with white stripes on the sleeves and pants, featuring a high collar and elastic cuffs.",Black,21,24.68,942.jpg,https://drive.google.com/file/d/1287e77kU8krQx76Tm4vvWIJgPgRHo7GB/view?usp=drivesdk
943,Black Wristwatch,Clothing,L,A black wristwatch with a textured strap and a silver case featuring a date display.,Black,40,38.53,943.jpg,https://drive.google.com/file/d/1sRuJxETtougJRll0lOwv5q8BfNx4jvT7/view?usp=drivesdk
944,Black Shirt,Clothing,L,A short-sleeve black button-up shirt with a front pocket.,Black,29,10.67,944.jpg,https://drive.google.com/file/d/1LIMxkc4VCC42AsR1EXwqCRJiCY8D_bDl/view?usp=drivesdk
945,Leather Tote,Clothing,L,A brown and black leather tote bag with dual handles and a central black panel.,Brown,36,19.38,945.jpg,https://drive.google.com/file/d/17x1Ek1FKh8p9d3nZxc2bV983cZx2uUce/view?usp=drivesdk
946,Knot Cufflinks,Clothing,XL,A pair of red fabric knot cufflinks used as a stylish accessory for shirts.,Red,0,47.86,946.jpg,https://drive.google.com/file/d/1CKYBSOPtpzIV4M8INMiMvAuOO7Qi9i0S/view?usp=drivesdk
947,Leather Sandal,Clothing,S,A black leather sandal with open toe and back strap featuring white stitching details.,Black,8,29.75,947.jpg,https://drive.google.com/file/d/1Zxa-yNuZ0HSfa1Ci5bCiKco0roQ6vecH/view?usp=drivesdk
948,Patterned Shoulder Bag,Clothing,S,A dark brown shoulder bag with circular patterned cutouts and a single strap.,Brown,40,12.69,948.jpg,https://drive.google.com/file/d/1umJXdjxb8oZFPtdxZp_5PsgiKucdpQNa/view?usp=drivesdk
949,V-neck Sweater,Clothing,L,A green V-neck sweater with long sleeves and a small embroidered logo on the chest.,Green,0,37.23,949.jpg,https://drive.google.com/file/d/1P1M1sYE1VNZQPBUqsIqHTSOgzgY5EsHb/view?usp=drivesdk
950,Swim Cap,Clothing,S,"A smooth, red swim cap designed to fit snugly over the head.",Red,25,17.71,950.jpg,https://drive.google.com/file/d/1FefPtS9GANzaiwF7APFb8BxsRnJectvB/view?usp=drivesdk
951,Beige Jacket,Clothing,XL,A beige lightweight jacket with a high collar and front zipper.,Beige,50,38.14,951.jpg,https://drive.google.com/file/d/1cSdwNtCOTfZ9s1dMN8_uxuTEMC9vDWnj/view?usp=drivesdk
952,Men's Jeans,Clothing,S,A pair of dark blue denim jeans with a slightly faded wash.,Blue,12,23.86,952.jpg,https://drive.google.com/file/d/1oIQSB00w856-BpkjT5uF3rWxl_2j3R5C/view?usp=drivesdk
953,Striped Shirt,Clothing,M,A long-sleeve button-up shirt with thin vertical stripes.,White,18,46.25,953.jpg,https://drive.google.com/file/d/1DlsR3FszbwalGPRaI1CrAVfIO4BhPlcB/view?usp=drivesdk
954,Pink Shorts,Clothing,M,A pair of bright pink casual shorts with a button and belt loops.,Pink,33,10.39,954.jpg,https://drive.google.com/file/d/1p2FJuoIyfgZ6EW1_JyDp3G4sS642rhud/view?usp=drivesdk
955,Leather Belt,Clothing,XL,A black leather belt with a silver rectangular buckle and a textured finish.,Black,8,16.26,955.jpg,https://drive.google.com/file/d/1OsEC3KlNNPGMKsAj7bTzHlXLYI9bzxiy/view?usp=drivesdk
956,Nike Hoodie,Clothing,M,A black Nike hooded sweatshirt with a front pocket and drawstring hood.,Black,10,12.49,956.jpg,https://drive.google.com/file/d/1mtBGVkY5On4UMYWITNtBziwfH9wG3OPt/view?usp=drivesdk
957,Nike Hoodie,Clothing,L,A light grey hooded sweatshirt with a front pocket and drawstrings.,Grey,12,48.18,957.jpg,https://drive.google.com/file/d/14CxxnXlr8fCwImcu0k2qnDlwGYuTF_QB/view?usp=drivesdk
958,Purple Windbreaker,Clothing,M,A lightweight purple windbreaker jacket with a hood and a front zipper.,Purple,26,11.71,958.jpg,https://drive.google.com/file/d/1HC1sRt6bBBKVn-3cxp14TvBpQk_K670S/view?usp=drivesdk
959,Sport Shorts,Clothing,M,A pair of black athletic shorts with orange side panels and an elastic waistband.,Black,2,25.15,959.jpg,https://drive.google.com/file/d/1POnak9o88b1zDlSI_GfkFRKJ8sA8mY-5/view?usp=drivesdk
960,Nike Hooded Jacket,Clothing,S,A black hooded jacket with a front zipper and ribbed cuffs and hem.,Black,46,45.96,960.jpg,https://drive.google.com/file/d/1BQhtjqzjxKMmIQabEY46zXYrRtaK-PTG/view?usp=drivesdk
961,Hooded Jacket,Clothing,S,A black hooded jacket with a front zipper and elastic cuffs.,Black,25,37.54,961.jpg,https://drive.google.com/file/d/1yhGHod9R1Y8B5Hg5B67YrbBBbRh18nN4/view?usp=drivesdk
962,Tie Set,Clothing,L,"A black tie set including a patterned tie, pocket square, and silver cufflinks.",Black,42,18.04,962.jpg,https://drive.google.com/file/d/1q_wHAFFvvXzbRcJy11rInShXkRg8EOAZ/view?usp=drivesdk
963,Tie Cufflinks Set,Clothing,XL,"A set including a patterned tie, matching cufflinks, and a pocket square in a gift box.",Blue,4,27.6,963.jpg,https://drive.google.com/file/d/1FE1JBdGOvwBcuvXTYI90maiuB7_Nz9Gw/view?usp=drivesdk
964,Tie Set,Clothing,M,"A black tie set with a patterned tie, matching pocket square, and silver cufflinks.",Black,20,30.8,964.jpg,https://drive.google.com/file/d/13aov3G1mY00P1kwosZEk-zr7w04wE2Ru/view?usp=drivesdk
965,Tie Set,Clothing,S,"A formal tie set including a patterned tie, matching pocket square, and cufflinks in a gift box.",Blue,5,44.19,965.jpg,https://drive.google.com/file/d/1MaQjHS8vaFCb8uIoAu5S0n22XI5IVw6Q/view?usp=drivesdk
966,Checkered Tie Set,Clothing,XL,"A checkered tie set including a tie, cufflinks, and a pocket square in a gift box.",Black,16,33.14,966.jpg,https://drive.google.com/file/d/1XtEphUvJfLI17OMhdewlIdv5dn728L6z/view?usp=drivesdk
967,Leather Wallet,Clothing,L,A black leather bi-fold wallet with a subtle embossed logo.,Black,22,34.25,967.jpg,https://drive.google.com/file/d/1xKQzBVSHBJyswJ8Xr1-ApexDwsJDsAe1/view?usp=drivesdk
968,Rhinestone Clutch,Clothing,M,A rectangular clutch bag adorned with rhinestones and a silver chain strap.,Silver,17,25.73,968.jpg,https://drive.google.com/file/d/1B1Fx665pJs6CEBSvnau_E8snytdfGruA/view?usp=drivesdk
969,Embellished Clutch,Clothing,XL,A yellow clutch bag adorned with small shiny embellishments and a silver chain strap.,Yellow,35,24.8,969.jpg,https://drive.google.com/file/d/15KOMM2X2Gr0KGBYUiDyqZg0Ps2hM4rnX/view?usp=drivesdk
970,Black Clutch,Clothing,M,A sleek black clutch purse with a textured surface and a silver chain strap.,Black,46,16.74,970.jpg,https://drive.google.com/file/d/1CaeXkaJn1eOL1kuoarfcGFX0XU0GP7HV/view?usp=drivesdk
971,Metallic Clutch,Clothing,S,A shiny metallic clutch purse with a grid pattern and a gold chain strap.,Gold,14,41.84,971.jpg,https://drive.google.com/file/d/1ShBW0rrtCyqnouDlr0DwWdS4KmVe13cW/view?usp=drivesdk
972,Black Handbag,Clothing,L,"A black handbag with dual handles, front buckle detail, and multiple zippered compartments.",Black,26,46.61,972.jpg,https://drive.google.com/file/d/1qz4qx_sbghgx-0N-o8q6GQ_yJSHWb_yJ/view?usp=drivesdk
973,Beige Handbag,Clothing,S,A beige handbag with double handles and a decorative bow detail on the front.,Beige,24,25.65,973.jpg,https://drive.google.com/file/d/15MdC6hygNs4Hb4Br5NX27KiPpFK-Md3Y/view?usp=drivesdk
974,Leather Handbag,Clothing,S,A stylish leather handbag with brown handles and a khaki body.,Khaki,13,13.24,974.jpg,https://drive.google.com/file/d/1zAO9PLZ510MuQkRD_lXkQMOnhV5oRv9R/view?usp=drivesdk
975,Canvas Backpack,Clothing,XL,A beige canvas backpack with black leather accents and multiple zippered compartments.,Beige,30,10.33,975.jpg,https://drive.google.com/file/d/1wyI3zJsyRc68Qgyi6jZsTzYWrDxGyTkX/view?usp=drivesdk
976,Tote Bag,Clothing,M,A large tote bag with dark brown handles and accents on a gray body.,Gray,15,14.77,976.jpg,https://drive.google.com/file/d/1AIDH26AxGhimwF3nE_67QTiFsOY5Xx3k/view?usp=drivesdk
977,Plaid Handbag,Clothing,XL,A plaid patterned handbag with dark brown leather handles and strap.,Green,46,30.74,977.jpg,https://drive.google.com/file/d/1IkTQ-B0kX5ldFuuY_acR3JSi_Z2ZiqEP/view?usp=drivesdk
978,Red Handbag,Clothing,S,"A red handbag with dual handles, front zipper pockets, and buckle details.",Red,34,46.36,978.jpg,https://drive.google.com/file/d/1Ony85Z6oCU3AQOlClITGcxPakqMICQnJ/view?usp=drivesdk
979,Red Sling Bag,Clothing,M,A textured red sling bag with a flap closure and blue-edged strap.,Red,17,30.68,979.jpg,https://drive.google.com/file/d/1HyETG6QYmXbvEGJOX9JsuZ21BMBi7H6o/view?usp=drivesdk
980,Brown Handbag,Clothing,M,A brown handbag with multiple zippered compartments and dual handles.,Brown,19,47.45,980.jpg,https://drive.google.com/file/d/1RhPz2eroGfHbpMaeQ73H2TpYyxTWrbZm/view?usp=drivesdk
981,Navy Handbag,Clothing,S,"A navy blue handbag with dual handles, front zipper pocket, and a circular logo patch.",Blue,9,41.59,981.jpg,https://drive.google.com/file/d/1J1e3-GYyGrLGmaYq6Hl4eXlpdON6kVo2/view?usp=drivesdk
982,Canvas Handbag,Clothing,XL,A beige canvas handbag with multiple zippered compartments and dual handles.,Beige,34,47.42,982.jpg,https://drive.google.com/file/d/1ZL-Ar9oyrgc5RVF4woEP-S2EZ_6SbYZq/view?usp=drivesdk
983,Metal Wristwatch,Clothing,L,A silver metal wristwatch with a black dial featuring multiple subdials and a stainless steel band.,Silver,26,26.33,983.jpg,https://drive.google.com/file/d/1gTe79XDENqRMkZnyxt7l3zgvbKPFpcbL/view?usp=drivesdk
984,Silver Wristwatch,Clothing,M,A silver metal wristwatch with a black dial and crystal embellishments around the face.,Silver,30,17.24,984.jpg,https://drive.google.com/file/d/1SCCc9-BFUAZ4Gu-IZ-4_-r_YHgUeRwX0/view?usp=drivesdk
985,Red Leather Watch,Clothing,L,A red leather strap wristwatch with a silver case and crystal-studded dial.,Red,48,37.32,985.jpg,https://drive.google.com/file/d/1872bJDu3ThA-tNSDSasSKVwaDPI07H-b/view?usp=drivesdk
986,Basic T-shirt,Clothing,XL,"A plain, short-sleeve crew neck t-shirt.",Blue,7,33.82,986.jpg,https://drive.google.com/file/d/1yolG8Av8CKLDAsc3DTXEEX_UDxHhmrAl/view?usp=drivesdk
987,Sleeveless Tank,Clothing,L,A plain white sleeveless tank top designed for casual or athletic wear.,White,14,38.41,987.jpg,https://drive.google.com/file/d/1U_JgBUAMqYl6zBa3ivwHfEhpf5k0sw8U/view?usp=drivesdk
988,Running Shoe,Clothing,M,A gray and yellow running shoe with a white sole and mesh detailing.,Gray,6,38.54,988.jpg,https://drive.google.com/file/d/1gxiL5KmnIgb9MaJuQ3YMuvBby15Mag_o/view?usp=drivesdk
989,Nike Sneaker,Clothing,XL,"Low-top Nike sneaker with black leather, white laces, and a white sole.",Black,50,31,989.jpg,https://drive.google.com/file/d/1EYCZV08xd-CbGU_V6iR7892zWe4V54B8/view?usp=drivesdk
990,Slip-on Sneaker,Clothing,M,A black slip-on sneaker with a yellow accent stripe and a flexible sole.,Black,10,19.69,990.jpg,https://drive.google.com/file/d/1cbjV97Zn6lo6jKJR7A67drX9Ku5jJZBJ/view?usp=drivesdk
991,Yoga Pants,Clothing,M,Black yoga pants with a high waistband and a slight flare at the bottom.,Black,29,28.96,991.jpg,https://drive.google.com/file/d/1bc_FfWvFWkWhaLVfKl9FHQrHfYjjhQgG/view?usp=drivesdk
992,Square Wristwatch,Clothing,S,A modern square-faced wristwatch with a black strap and silver frame.,Black,33,47.38,992.jpg,https://drive.google.com/file/d/1LyN4ZAZ7iREH17vUCvJlrh2ePfEiCaJm/view?usp=drivesdk
993,Black Leather Watch,Clothing,XL,A sleek black leather strap watch with a rectangular silver case and minimalistic dial design.,Black,28,42.67,993.jpg,https://drive.google.com/file/d/1BQWZ4CW13w4fFbVETCdRPRmS6_BLRmf1/view?usp=drivesdk
994,Black Romper,Clothing,L,A sleeveless black romper with pink trim around the neckline and straps.,Black,9,46.95,994.jpg,https://drive.google.com/file/d/11DMtn7SM8migGwAvpgAy7brF6A-BBpFL/view?usp=drivesdk
995,Square Dial Watch,Clothing,S,A wristwatch with a square silver-tone dial and a black strap.,Black,20,41.39,995.jpg,https://drive.google.com/file/d/1UJyoA5I_Mi6ufRvP6cqrcBb331q0aHhe/view?usp=drivesdk
996,Square Wristwatch,Clothing,XL,"A square-faced wristwatch with a black dial, yellow accents, and a black leather strap with yellow stitching.",Black,2,14.01,996.jpg,https://drive.google.com/file/d/1JIJO-9rAGK7_7sojxCZHvaxUU9hV4y_z/view?usp=drivesdk
997,Leather Strap,Clothing,S,A black leather strap with white stitching detail.,Black,49,22.28,997.jpg,https://drive.google.com/file/d/1CqqtuKz54wnZkX9JfKpvBkcnjsFQCJ46/view?usp=drivesdk
998,Puma Shoulder Bag,Clothing,M,A black shoulder bag with a single strap and Puma logo on the front.,Black,4,44.29,998.jpg,https://drive.google.com/file/d/1yQTSRdneOMOzgZfPbOAgXjujxk0ZFlZO/view?usp=drivesdk
999,Canvas Belt,Clothing,L,A khaki canvas belt with a tan leather inner lining and silver buckle.,Khaki,26,41.88,999.jpg,https://drive.google.com/file/d/1hxxPYxfWk4_XPFdp5fHIXKgyzlTRzTd5/view?usp=drivesdk
1000,Logo Backpack,Clothing,S,Blue backpack with front pocket featuring repeated 'American Tourister' text design.,Blue,43,24.05,1000.jpg,https://drive.google.com/file/d/11ApGBc3pfG4TjIQ-ZK2NksS96YhO5Gq3/view?usp=drivesdk
1001,Sling Backpack,Clothing,XL,"A red sling backpack with black zippers and trim, featuring multiple zippered compartments.",Red,29,32.71,1001.jpg,https://drive.google.com/file/d/15AXpPteekXwqdrZqW6DuXR9vW6jvz1gg/view?usp=drivesdk
1002,Travel Backpack,Clothing,L,A black travel backpack with multiple compartments and white accent lines.,Black,21,26.87,1002.jpg,https://drive.google.com/file/d/1dCXrg4AqaY7yx_0_J6ATN5sYbOmj-ghF/view?usp=drivesdk
1003,Basic Leggings,Clothing,XL,"A pair of plain, fitted leggings in a solid color.",Green,49,21.07,1003.jpg,https://drive.google.com/file/d/1JsH9bL72ZAW2Ob2oVhoS9M1DDfQyzrLz/view?usp=drivesdk
1004,Basic leggings,Clothing,XL,"A pair of plain, fitted leggings worn with a black top and heels.",Black,8,45.04,1004.jpg,https://drive.google.com/file/d/1Ijoivjy7rVBGktDiB56ElNB3JScKN9G3/view?usp=drivesdk
1005,Solid Leggings,Clothing,XL,"A pair of solid-colored, fitted leggings in a muted mauve shade.",Mauve,45,15.89,1005.jpg,https://drive.google.com/file/d/1UQoR2t8Qn6nj3ojbBfcmxEBQ3VYo9ZHE/view?usp=drivesdk
1006,Basic Leggings,Clothing,L,"A pair of plain, fitted leggings in a solid color.",Gray,25,46.46,1006.jpg,https://drive.google.com/file/d/1K7yTZ_djInvG3JvJ3LhUy0CQkwuShxHv/view?usp=drivesdk
1007,Basic Leggings,Clothing,XL,"A pair of plain, fitted leggings extending to the ankles.",Black,31,28.38,1007.jpg,https://drive.google.com/file/d/1pe50JjhP-HepKHEPt86oDnTt1yMb0lfF/view?usp=drivesdk
1008,Purple Leggings,Clothing,XL,A pair of fitted purple leggings worn with a black top and black shoes.,Purple,36,26.28,1008.jpg,https://drive.google.com/file/d/1-MyqzZRSQzySd87wsjrC0njz9-RIfcvt/view?usp=drivesdk
1009,Basic Leggings,Clothing,S,"A pair of fitted, stretchy leggings in a solid color.",Purple,22,27.92,1009.jpg,https://drive.google.com/file/d/1r-w41BdIQZ-42FhZswZooTHNdtbXeQhS/view?usp=drivesdk
1010,Purple Bodycon Dress,Clothing,M,A sleeveless purple bodycon dress with horizontal pleats and a V-neckline.,Purple,32,16.88,1010.jpg,https://drive.google.com/file/d/167QkV1vR051qPqWdBrFuhMwfXdhVya6n/view?usp=drivesdk
1011,Red Pleated Dress,Clothing,XL,A sleeveless red dress featuring horizontal pleats and a V-neckline.,Red,33,42.54,1011.jpg,https://drive.google.com/file/d/1u0geN3_F_A4-ydnLK4inY9lVle_zcf9o/view?usp=drivesdk
1012,Basic Leggings,Clothing,XL,"A pair of plain, fitted leggings in a soft pink color.",Pink,4,33.93,1012.jpg,https://drive.google.com/file/d/139nqI8eo0yseKyzvSNHzpFhZAvwwMGfC/view?usp=drivesdk
1013,Basic Leggings,Clothing,S,"A pair of plain, fitted leggings in a solid color.",Olive,42,26.64,1013.jpg,https://drive.google.com/file/d/1K_pLpc-vZCX7hwoPuNrS0CwVuyAqC2QJ/view?usp=drivesdk
1014,Basic Leggings,Clothing,M,"A pair of plain, fitted leggings in a light beige color.",Beige,30,36.88,1014.jpg,https://drive.google.com/file/d/1yhVCmThT36NEPaUsi23MFuY1zDZvZnLt/view?usp=drivesdk
1015,Black Skirt,Clothing,L,A knee-length black skirt with a wrap design and a red belt.,Black,27,19.32,1015.jpg,https://drive.google.com/file/d/1fpqFy-Yu9jvgFr5QZaekVfbBUKMwgoOQ/view?usp=drivesdk
1016,Pleated Skirt,Clothing,M,A knee-length skirt with a pleated design on the front.,Pink,4,30.85,1016.jpg,https://drive.google.com/file/d/1KbPVVnr2mPbk-hLZB-oI_XboRi8b_EQb/view?usp=drivesdk
1017,Tie-Dye Scarf,Clothing,XL,A long scarf featuring a tie-dye pattern with fringed ends.,Black,8,35.72,1017.jpg,https://drive.google.com/file/d/1_BrvprNFPpwsCPnVV_EdpHjUiTkAa0fi/view?usp=drivesdk
1018,Frayed Scarf,Clothing,M,A navy blue scarf with frayed edges and a soft texture.,Blue,45,13.09,1018.jpg,https://drive.google.com/file/d/1CRB2LN_2i_xw7ZLCCRgQeKRH98RqrbTk/view?usp=drivesdk
1019,Purple Dress Shirt,Clothing,S,A long-sleeve purple dress shirt with a front pocket and button closure.,Purple,15,17,1019.jpg,https://drive.google.com/file/d/1OVzN3a2wo14VNXsqNY7TeODl_VtslKM2/view?usp=drivesdk
1020,Formal Shirt,Clothing,S,A light grey long-sleeve formal shirt with a button-down front and a collar.,Grey,21,33.45,1020.jpg,https://drive.google.com/file/d/1aUjVfPxn_oLLuomCrsDDMPy4Y1ZkxOy2/view?usp=drivesdk
1021,Striped Shirt,Clothing,S,A long-sleeve button-up shirt with vertical blue and white stripes.,Blue,32,49.55,1021.jpg,https://drive.google.com/file/d/14cqzKYCXEUv9YMBg57Jga0DWKjOFFQft/view?usp=drivesdk
1022,Checked Shirt,Clothing,XL,A long-sleeve button-up shirt with a blue and white checkered pattern.,White,33,13.51,1022.jpg,https://drive.google.com/file/d/1ozd-PrdBR2QoA_VTx0B-njYAOReMM54q/view?usp=drivesdk
1023,Checked Shirt,Clothing,M,A long-sleeve button-up shirt with a small checkered pattern.,Purple,1,23.79,1023.jpg,https://drive.google.com/file/d/1M7ux3AVfDpUEpkF_ce7bkNn4owkGvdnJ/view?usp=drivesdk
1024,Checked Shirt,Clothing,L,"A long-sleeve, button-up shirt with a small checked pattern and a front pocket.",Purple,7,27.03,1024.jpg,https://drive.google.com/file/d/1q1ktunYWZfnYivhBJQ7cmXTDAY479x1L/view?usp=drivesdk
1025,Formal Shirt,Clothing,M,"A long-sleeve, button-up formal shirt with a chest pocket.",Maroon,12,25.92,1025.jpg,https://drive.google.com/file/d/1Ehgf5U5AGbT3JoOVkQoIk8gMNBHYX5Tt/view?usp=drivesdk
1026,Formal Trousers,Clothing,XL,A pair of black formal trousers worn with a belt.,Black,39,29.38,1026.jpg,https://drive.google.com/file/d/11fQEe89iZ875Uq4CGM2spzyaC09pavc0/view?usp=drivesdk
1027,Formal Trousers,Clothing,L,"Black formal trousers paired with a belt, suitable for business or formal occasions.",Black,6,16.71,1027.jpg,https://drive.google.com/file/d/19hxA6rQ6rSy02gyIur618ZIGtkZcbWbO/view?usp=drivesdk
1028,Formal Trousers,Clothing,L,A pair of grey formal trousers worn with a black belt and black shoes.,Grey,47,47.08,1028.jpg,https://drive.google.com/file/d/1WjIBUaT79zsFihBcIdtjatFzR4c38gJK/view?usp=drivesdk
1029,Formal Trousers,Clothing,M,"A pair of light grey formal trousers with a straight fit, worn with a black belt.",Grey,1,42.48,1029.jpg,https://drive.google.com/file/d/1fjskMcf5SRWVt3btzrhfxVAo1XcNthYa/view?usp=drivesdk
1030,Formal Trousers,Clothing,M,"A pair of black formal trousers with a subtle pinstripe pattern, worn with a belt.",Black,10,42.19,1030.jpg,https://drive.google.com/file/d/1gDc9BLRBIVo3Wo6zx19eUV6QDzz2S9p8/view?usp=drivesdk
1031,Formal Trousers,Clothing,XL,A pair of dark blue formal trousers worn with a belt.,Blue,36,32.81,1031.jpg,https://drive.google.com/file/d/1iU4FLzH9UjlJnuU2AKewwGa4mnCxK2Tw/view?usp=drivesdk
1032,Formal Trousers,Clothing,S,A pair of dark gray formal trousers with a straight fit.,Gray,0,41.58,1032.jpg,https://drive.google.com/file/d/1_OPZpgIAVLscPhoFu7QywSqT1deWrRQM/view?usp=drivesdk
1033,Pinstripe Trousers,Clothing,M,Men's formal pinstripe trousers with a straight fit.,Gray,22,31.87,1033.jpg,https://drive.google.com/file/d/1vWxxYI8Zul4BDJJ4hgetlrMoorHSppiz/view?usp=drivesdk
1034,Formal Trousers,Clothing,XL,A pair of black formal trousers with a slim fit design.,Black,36,10.56,1034.jpg,https://drive.google.com/file/d/1Dtl2DV3mLHwtgrV5Tk9QwBKRzB_2N520/view?usp=drivesdk
1035,Drawstring Shorts,Clothing,XL,Casual grey shorts with a navy drawstring waistband and front pockets.,Grey,46,47.01,1035.jpg,https://drive.google.com/file/d/1c3UsJIfZ-vhVif5px23PfqMJHU0lsUXJ/view?usp=drivesdk
1036,Men's Sweatpants,Clothing,L,Comfortable grey sweatpants with an elastic waistband and cuffed ankles.,Grey,12,14.49,1036.jpg,https://drive.google.com/file/d/1G1d-uZGvAgw7Ks_yOxCk4XbAXrjmPTUA/view?usp=drivesdk
1037,Classic Polo,Clothing,XL,A short-sleeve polo shirt with a collar and button placket in a solid light beige color.,Beige,35,32.92,1037.jpg,https://drive.google.com/file/d/10jRAbI8A1wL5_DD5ymkD1HAL5R69d9kj/view?usp=drivesdk
1038,Proline T-shirt,Clothing,L,A purple short-sleeve crew neck t-shirt with a colorful 'PROLINE' graphic on the chest.,Purple,22,12.56,1038.jpg,https://drive.google.com/file/d/12FtnulaM0F3L-h78UYrXszLLyEbdlDWR/view?usp=drivesdk
1039,Men's Shorts,Clothing,S,A pair of dark gray casual shorts with an elastic waistband.,Gray,4,31.91,1039.jpg,https://drive.google.com/file/d/1BFrR9SYuVLerWwE25AtrTNmgSM47UyH_/view?usp=drivesdk
1040,Track Pants,Clothing,XL,"Dark grey track pants with white side stripes, designed for casual or athletic wear.",Grey,24,16.77,1040.jpg,https://drive.google.com/file/d/1i8RJhKBQa3LnH_mw4JWfs1kvqu0JznBz/view?usp=drivesdk
1041,Black Tracksuit,Clothing,XL,A black full-zip tracksuit with white stripes on the sleeves and pants.,Black,11,33.99,1041.jpg,https://drive.google.com/file/d/1hHmnRE8qZIwm3xRB3PwI1P3hlm40t7BZ/view?usp=drivesdk
1042,Men's Tracksuit,Clothing,M,"A navy blue men's tracksuit with white stripes on the sleeves and pants, featuring a zip-up jacket and matching pants.",Navy Blue,11,37.37,1042.jpg,https://drive.google.com/file/d/1EG3ZWvl7PE9tSkNOwxlsbhumvBjjYmhK/view?usp=drivesdk
1043,Leather Strap Watch,Clothing,S,A classic wristwatch with a black leather strap and a white dial.,Black,40,30.63,1043.jpg,https://drive.google.com/file/d/1GiXBUByMjzwjSa_v7AqjW7ixJ0WtOPFM/view?usp=drivesdk
1044,Pencil Skirt,Clothing,L,"A knee-length, fitted pencil skirt with a simple waistband.",Gray,27,35.63,1044.jpg,https://drive.google.com/file/d/10cAvVIg4gn1UdMddpnv872joe_ZAtFRd/view?usp=drivesdk
1045,Button-up Shirt,Clothing,M,"A long-sleeve, button-up shirt with a collar in a light purple color.",Purple,33,32.74,1045.jpg,https://drive.google.com/file/d/1ZAtjbdChNqGaqKxsefiTGl28N3NbBR1s/view?usp=drivesdk
1046,Checkered Shirt,Clothing,S,"A short-sleeved, button-up checkered shirt with a collar.",Light Purple,22,12.41,1046.jpg,https://drive.google.com/file/d/13XMZXWv9vd8h1JuVKmvc4SfjoVLBJCF2/view?usp=drivesdk
1047,Formal Trousers,Clothing,M,"A pair of black formal trousers with a straight fit, worn with a belt.",Black,45,40.23,1047.jpg,https://drive.google.com/file/d/1kmTyOckE3FY-nz1k84RT_qS-FLbln26I/view?usp=drivesdk
1048,Checked Shirt,Clothing,S,A long-sleeve button-up shirt with a blue and white checked pattern.,Blue,20,47.92,1048.jpg,https://drive.google.com/file/d/1jgqm8Gfo0EwUgMrPHmZlFqC5VLcPUU1P/view?usp=drivesdk
1049,Checkered Shirt,Clothing,M,A short-sleeve button-up shirt with a checkered pattern in multiple colors.,Multicolor,36,28.83,1049.jpg,https://drive.google.com/file/d/1D9NV3SxGOO2tqhY0GIUBvzU8g5djSsyv/view?usp=drivesdk
1050,Black Loafer,Clothing,M,A black leather loafer with a low heel and stitched detailing.,Black,26,12.33,1050.jpg,https://drive.google.com/file/d/10BWkh10iSuU1NlkM7j_ig3WbagAHypgU/view?usp=drivesdk
1051,Tweed Handbag,Clothing,M,A gray tweed handbag with a black beaded bow and a textured black handle.,Gray,39,29.15,1051.jpg,https://drive.google.com/file/d/1iOXjCzY3_vTQ2RinLQnyhhGKrIcZDSf5/view?usp=drivesdk
1052,Graphic T-shirt,Clothing,M,Blue short-sleeve t-shirt with a colorful graphic print and text on the front.,Blue,43,37.66,1052.jpg,https://drive.google.com/file/d/1pZVjtYFC5sXEMQZ1SUujyyJwlYiX5RtY/view?usp=drivesdk
1053,Sleeveless T-shirt,Clothing,XL,A black sleeveless T-shirt with a blue diagonal graphic text design.,Black,7,28.35,1053.jpg,https://drive.google.com/file/d/1lnwVugOeyw-7_uAWb7CSTR0SEBvtgaXN/view?usp=drivesdk
1054,Leather Handbag,Clothing,M,A brown leather handbag with double straps and gold-tone decorative accents.,Brown,39,23.9,1054.jpg,https://drive.google.com/file/d/1_v26QGbUWAH5WsnDT7MKjEWwMLV74FXg/view?usp=drivesdk
1055,Plaid Shorts,Clothing,L,Men's knee-length shorts featuring a blue and yellow plaid pattern.,Blue,9,37.35,1055.jpg,https://drive.google.com/file/d/1UleOv4Gfo2ISP9A4UNxm8psgD3DQNd1r/view?usp=drivesdk
1056,Running Shoe,Clothing,M,A white and black running shoe with silver accents and a cushioned sole.,White,15,16.74,1056.jpg,https://drive.google.com/file/d/1ZUHpEoLZuS6gMlADwFSkNDVDtOVUkfWt/view?usp=drivesdk
1057,Running Shoe,Clothing,L,Black and pink running shoe with mesh upper and velcro strap closure.,Black,13,19.29,1057.jpg,https://drive.google.com/file/d/1r7nkjXcXLtH12lZ8XxOxjrQ6XMkPnuOC/view?usp=drivesdk
1058,Nike Sports Shoe,Clothing,S,White Nike sports shoe with black and orange accents and a gum sole.,White,36,49.98,1058.jpg,https://drive.google.com/file/d/19cEIHT8VvIb5Be4JpZH9R3jbD1rPFi37/view?usp=drivesdk
1059,Embroidered Clutch,Clothing,L,"A red velvet clutch with intricate embroidery and a decorative central embellishment, featuring a silver chain strap.",Red,38,28.55,1059.jpg,https://drive.google.com/file/d/1SpmxewU58Mlgo9G4BpbvLDzVtXAxlX8-/view?usp=drivesdk
1060,Graphic Pencil Case,Clothing,XL,A rectangular pencil case with a black base and white abstract graphic designs.,Black,19,10.86,1060.jpg,https://drive.google.com/file/d/1GLt6LGcasMzoanQ7AgJ_OaaSPDvyBe3h/view?usp=drivesdk
1061,Striped Dress Shirt,Clothing,XL,A neatly folded long-sleeve dress shirt with thin vertical white stripes on a grey background.,Grey,37,28.07,1061.jpg,https://drive.google.com/file/d/1qe0C6S61D6IZlxeiwGhQCrAM-tbeeHB9/view?usp=drivesdk
1062,Graphic T-shirt,Clothing,L,Navy blue short-sleeve T-shirt with a humorous printed graphic and text on the front.,Blue,48,41.93,1062.jpg,https://drive.google.com/file/d/1V9ScWuZz-HeHLqG5uIJyreQQ8Pn9Mvot/view?usp=drivesdk
1063,Formal Shirt,Clothing,XL,A light blue long-sleeve formal shirt with a front pocket and button closure.,Blue,24,17.43,1063.jpg,https://drive.google.com/file/d/1Frp2KKaOgeQo1vhKYp_69bvvZyaraQmC/view?usp=drivesdk
1064,Formal Trousers,Clothing,L,"A pair of dark gray formal trousers with a straight fit, worn with a belt.",Gray,5,15.4,1064.jpg,https://drive.google.com/file/d/1sJbdpnHE1SyZlz09TJ_06ioUzHhXXjTD/view?usp=drivesdk
1065,Formal Trousers,Clothing,L,A pair of grey formal trousers worn with a black belt and black shoes.,Grey,34,33.94,1065.jpg,https://drive.google.com/file/d/12xmhS02fOJteC74_ysOfcfXaFSqUFJbK/view?usp=drivesdk
1066,Formal Trousers,Clothing,M,A pair of grey formal trousers with a slim fit design.,Grey,36,21.85,1066.jpg,https://drive.google.com/file/d/1JrcPQjua5sJoZko_LvcuoCF0PW8yFHSf/view?usp=drivesdk
1067,casual pants,Clothing,M,A pair of olive green casual pants with a straight fit.,Green,47,30.56,1067.jpg,https://drive.google.com/file/d/1hyQCG1V-iJ6B4fc3yjuav9hvqdWwVsrM/view?usp=drivesdk
1068,Black Pants,Clothing,M,A pair of black straight-leg pants worn by a man.,Black,26,43.16,1068.jpg,https://drive.google.com/file/d/1hpsnuI-bKYvx_BkDGSJYS5Fv7tc9wAu8/view?usp=drivesdk
1069,casual pants,Clothing,S,A pair of straight-fit casual pants with a button and zipper closure.,Olive,38,33.81,1069.jpg,https://drive.google.com/file/d/1Wdf9JB3hilX6XeZ7be9sFtXnG7zDXnXL/view?usp=drivesdk
1070,casual pants,Clothing,L,Lightweight casual pants with a straight fit and front pockets.,Beige,8,46.73,1070.jpg,https://drive.google.com/file/d/1o7Kzp53hR0OGjlWlNo_miZqYAgCfTDcO/view?usp=drivesdk
1071,Denim Vest,Clothing,S,A sleeveless denim vest with button closure and front pockets.,Blue,45,28.74,1071.jpg,https://drive.google.com/file/d/1__7aaPiyJ3PaKdOjdyE9cV3Wtb50PivT/view?usp=drivesdk
1072,Denim Mini Skirt,Clothing,XL,A dark blue denim mini skirt with front pockets and belt loops.,Blue,2,14.24,1072.jpg,https://drive.google.com/file/d/1poUgU2pEz9bJzBXce1VCjUb6nHJylY-_/view?usp=drivesdk
1073,Graphic T-shirt,Clothing,XL,"A white short-sleeve T-shirt featuring a colorful, intricate graphic design on the front.",White,35,19.48,1073.jpg,https://drive.google.com/file/d/1DB7Q0LkjOiVl0vA6JTBucHHg5fm55mfh/view?usp=drivesdk
1074,Graphic Tee,Clothing,M,"White short-sleeve t-shirt with colorful graphic print featuring hearts, butterflies, and a rose.",White,3,30.2,1074.jpg,https://drive.google.com/file/d/1PINAfeiYulVKPhRQABWhMEbMNDqQNAGY/view?usp=drivesdk
1075,Button-up Shirt,Clothing,M,"A short-sleeve, button-up shirt with a collar in a fitted style.",Blue,5,18,1075.jpg,https://drive.google.com/file/d/107XoJ3dTxQVOztDb8rCTEZlF3pptfn0s/view?usp=drivesdk
1076,Tie Waist Shorts,Clothing,XL,Bright blue shorts with a tie waist and rolled cuffs.,Blue,26,18.37,1076.jpg,https://drive.google.com/file/d/1qKW8HasO8dY2QxwiCu74EdZJtxoR-FBW/view?usp=drivesdk
1077,Skinny Jeans,Clothing,M,A pair of dark blue skinny jeans with a fitted silhouette.,Blue,31,22.66,1077.jpg,https://drive.google.com/file/d/18doHO9bv4YolAbzr4FPU3CP8AuDs68Oy/view?usp=drivesdk
1078,White Bermuda Shorts,Clothing,L,White knee-length Bermuda shorts with a button and zipper closure.,White,11,23.36,1078.jpg,https://drive.google.com/file/d/1a2Ag-jPQ4PevPDWo8Xj881qPYYPz61Bw/view?usp=drivesdk
1079,Slim Fit Jeans,Clothing,L,A pair of slim fit blue denim jeans with a classic five-pocket design.,Blue,35,37.71,1079.jpg,https://drive.google.com/file/d/1tBXFKx9-Vi30HXeo0CcqflApBMjeqmVG/view?usp=drivesdk
1080,Skinny Jeans,Clothing,M,A pair of blue skinny jeans with a decorative chain accessory on the front pocket.,Blue,50,12.03,1080.jpg,https://drive.google.com/file/d/1fvYBiU35y-5hZ9p4VfZD0HTcV5O4yNMD/view?usp=drivesdk
1081,Denim Shorts,Clothing,S,A pair of dark blue denim shorts with rolled-up hems.,Blue,46,38.26,1081.jpg,https://drive.google.com/file/d/1zuKoLKgrm-D4X-a80jS58R7EW1xlGQhx/view?usp=drivesdk
1082,Denim Bermuda Shorts,Clothing,XL,Dark blue denim Bermuda shorts with a brown belt and front pockets.,Blue,29,49.25,1082.jpg,https://drive.google.com/file/d/1CwJWsaUkNIe1ZKEGiPdg41tE69tch_a6/view?usp=drivesdk
1083,Winnie Sleeveless Top,Clothing,S,Sleeveless blue top featuring a checkered neckline and hem with a Winnie the Pooh graphic.,Blue,0,36.95,1083.jpg,https://drive.google.com/file/d/1WZQ8am3jO7AbbWMsWyr1oVgq3G6WkxFG/view?usp=drivesdk
1084,Quilted Handbag,Clothing,L,A shiny quilted handbag with dual handles and a detachable shoulder strap.,Yellow,12,19.34,1084.jpg,https://drive.google.com/file/d/1OHKbdglBpanz1Q_w4CEo9n2INQgs8gBi/view?usp=drivesdk
1085,Pink Dress,Clothing,M,A pink sleeveless dress with shoulder ties and a Daisy Duck print on the front.,Pink,0,42.26,1085.jpg,https://drive.google.com/file/d/1XRKcpT_d1k4OaecamHpykhB1gfx3xauS/view?usp=drivesdk
1086,Polka Dot Dress,Clothing,M,"Sleeveless white dress with red polka dots, a red collar, and a Minnie Mouse print on the chest.",White,28,46.62,1086.jpg,https://drive.google.com/file/d/1QX0lpvoaIPFYfUquVMdG5PybfkQzV_FU/view?usp=drivesdk
1087,Striped Shirt,Clothing,L,A long-sleeve button-up shirt with vertical stripes.,White,6,25.37,1087.jpg,https://drive.google.com/file/d/17u8oYS1d3PrdrBAp6AwOi2hNLDm9iRcU/view?usp=drivesdk
1088,Striped Dress Shirt,Clothing,M,A light green striped long-sleeve dress shirt with a front pocket and button closure.,Light Green,48,32.23,1088.jpg,https://drive.google.com/file/d/16sPO9JGzXuMDW4Wg0BO-mUnTb7Ftshpc/view?usp=drivesdk
1089,Pinstripe Trousers,Clothing,S,Men's formal pinstripe trousers with a straight fit and belt loops.,Black,12,49.2,1089.jpg,https://drive.google.com/file/d/1ZpE_cr9MMy895M-Pq-nywdauXB-LJUuP/view?usp=drivesdk
1090,Pinstripe Trousers,Clothing,M,Men's formal pinstripe trousers with a straight fit and belt loops.,Dark Gray,12,38.67,1090.jpg,https://drive.google.com/file/d/1qvFIxrZg_Ggt7dxWpFiLzEtGWYquP3P1/view?usp=drivesdk
1091,Pinstripe Trousers,Clothing,L,Men's formal pinstripe trousers with a slim fit and belt loops.,Black,4,12.28,1091.jpg,https://drive.google.com/file/d/1zYxNIyTgWAz9hGFh0dPPpooiXoOgLNyH/view?usp=drivesdk
1092,Hello Kitty Skirt,Clothing,L,A tiered skirt featuring a grey denim waistband and a white fabric with Hello Kitty face prints.,White,32,19.47,1092.jpg,https://drive.google.com/file/d/1iVt4C_tznNtN-53XfseA3JTenuxZA1Ck/view?usp=drivesdk
1093,Mickey Denim Shorts,Clothing,L,Blue denim shorts featuring a Mickey Mouse graphic on the front.,Blue,19,21.29,1093.jpg,https://drive.google.com/file/d/1G5j1ZN178qua0OVWFpD2sibiHzDvULE5/view?usp=drivesdk
1094,Cargo Shorts,Clothing,S,Dark green cargo shorts with side pockets and a button closure.,Green,44,13.06,1094.jpg,https://drive.google.com/file/d/1Zeq1r9MqbSXhkVu0sykuPb9_SFM8mWox/view?usp=drivesdk
1095,Mickey Denim Shorts,Clothing,S,Blue denim shorts featuring Mickey Mouse patches and an elastic waistband.,Blue,14,43.2,1095.jpg,https://drive.google.com/file/d/1xGoum2tgnI_SJfGFjYVi9io6C7ikR8qx/view?usp=drivesdk
1096,Green Shorts,Clothing,L,A pair of green knee-length shorts with front pockets and a button closure.,Green,50,42.81,1096.jpg,https://drive.google.com/file/d/1Nld5pFs-ajTRLtwgg34Rlo0Y8n0snNC9/view?usp=drivesdk
1097,Drawstring Shorts,Clothing,M,White knee-length shorts with a drawstring waist and front pockets.,White,5,18.11,1097.jpg,https://drive.google.com/file/d/1Uv5hY7cgv2uGB-iNgzIl54-3Ardi5Vuv/view?usp=drivesdk
1098,Denim Skirt,Clothing,S,A blue denim skirt with embroidered details and a white lace ruffle hem.,Blue,22,16.29,1098.jpg,https://drive.google.com/file/d/17XpSgfac0SMcv6DliER06fDLzSy8jRtp/view?usp=drivesdk
1099,Capri Sweatpants,Clothing,S,Comfortable capri-length sweatpants with a drawstring waist and a small logo on the side.,Black,32,34.16,1099.jpg,https://drive.google.com/file/d/10vC_dt_GtcvwR5Pd-vIlFm9rIhHIa9dU/view?usp=drivesdk
1100,Capri Pants,Clothing,S,Navy blue capri pants with side pockets and a contrasting side stripe.,Blue,11,20.38,1100.jpg,https://drive.google.com/file/d/1z6Z59T_KX0QS9u72m5tL7WXhr0L0z01f/view?usp=drivesdk
1101,Drawstring Shorts,Clothing,S,Comfortable purple shorts with a drawstring waist for adjustable fit.,Purple,24,49.07,1101.jpg,https://drive.google.com/file/d/1mrf95WDAKolt69g6dIUyO4KaCfMP98Ch/view?usp=drivesdk
1102,Basic T-shirt,Clothing,XL,"A plain, short-sleeved, fitted T-shirt with a round neckline.",Light Green,45,43.64,1102.jpg,https://drive.google.com/file/d/1wehyn90kJYRSLxSIhmqgtxlVtTQ7-SO4/view?usp=drivesdk
1103,Utility Vest,Clothing,S,Sleeveless utility vest with multiple pockets and a zipper front.,Olive,39,37.05,1103.jpg,https://drive.google.com/file/d/1502USgDt2mbP1yCSxT-G-FuOyHWmeuGF/view?usp=drivesdk
1104,Plaid Shirt,Clothing,L,A blue and white plaid button-up shirt with rolled-up sleeves and a chest pocket.,Blue,8,35.1,1104.jpg,https://drive.google.com/file/d/1YLHFx62Gnco4d25bI2t-PiIzVh9SXmQo/view?usp=drivesdk
1105,Plaid Shirt,Clothing,S,"A short-sleeve button-up shirt with a green, black, and white plaid pattern.",Green,37,34.76,1105.jpg,https://drive.google.com/file/d/1kQzQUnv1qq2CHzKpNB-EOUZQ8XDgi1UE/view?usp=drivesdk
1106,Striped Shirt,Clothing,XL,A long-sleeve button-up shirt with vertical black and blue stripes and a chest pocket.,Blue,6,24.87,1106.jpg,https://drive.google.com/file/d/1QxaCufRKLr-A82qrfpp-FXvP3anmil7N/view?usp=drivesdk
1107,Striped Polo,Clothing,L,"A short-sleeve polo shirt with green, white, and navy horizontal stripes and a navy collar.",Green,1,41.35,1107.jpg,https://drive.google.com/file/d/12t8UDT29zZzoT3T8_6ROhG8f4r0WEAb2/view?usp=drivesdk
1108,Men's Chinos,Clothing,M,A pair of men's straight-fit chinos with a button and zip closure.,Black,7,41.27,1108.jpg,https://drive.google.com/file/d/1vR9KaP33CIViA5ukHTg1tLhdmE8WADF8/view?usp=drivesdk
1109,casual trousers,Clothing,L,A pair of light beige casual trousers with a straight fit and belt loops.,Beige,24,17.86,1109.jpg,https://drive.google.com/file/d/1N08DncnYrR-yMyuT8wUUqGuYAoHyE03W/view?usp=drivesdk
1110,Men's Black Pants,Clothing,S,A pair of straight-fit black pants for men with belt loops and a button closure.,Black,21,17.38,1110.jpg,https://drive.google.com/file/d/1dzaq4vTMKMQ6p10JYs_gnf0Pwolgl10f/view?usp=drivesdk
1111,Casual Shorts,Clothing,L,A pair of knee-length casual shorts with a button and zip closure.,Gray,1,36.62,1111.jpg,https://drive.google.com/file/d/13SOY6a3dqzRa3lacxxzYr5BNwAXVriCn/view?usp=drivesdk
1112,Plaid Shorts,Clothing,S,Men's knee-length shorts with a plaid pattern and a belt.,White,28,20.04,1112.jpg,https://drive.google.com/file/d/1S5QIgt4Xk_vGroC6cELFDGLOhRJKDY_U/view?usp=drivesdk
1113,casual trousers,Clothing,M,A pair of straight-fit casual trousers with belt loops and side pockets.,Beige,16,46.83,1113.jpg,https://drive.google.com/file/d/1mBtZJxTmBd1x0t_LmjXEiM9J-QPMfXH6/view?usp=drivesdk
1114,Leather Handbag,Clothing,M,A sleek leather handbag with dual handles and gold-tone buckle accents.,Gray,42,28.53,1114.jpg,https://drive.google.com/file/d/1JPwFdPSYZ9jUTU7aDPj50b8z1zof4CCM/view?usp=drivesdk
1115,Leather Wallet,Clothing,S,"A simple, dark brown leather bifold wallet with minimal stitching detail.",Brown,14,40.16,1115.jpg,https://drive.google.com/file/d/1u0vLJqcPGDkxnKZWr3lAlhK8xheNu0OR/view?usp=drivesdk
1116,Leather Wallet,Clothing,XL,A dark brown leather bi-fold wallet with visible stitching and a small embossed logo.,Brown,50,34.28,1116.jpg,https://drive.google.com/file/d/1UYgriZsvia__0rWizA8QOuolm3-aS8lE/view?usp=drivesdk
1117,Leather Wallet,Clothing,S,A black leather bifold wallet with a subtle embossed logo on the corner.,Black,49,38.29,1117.jpg,https://drive.google.com/file/d/1FDV2SITEj-arOB3hQ_EOO9T1oGaIFxm3/view?usp=drivesdk
1118,Leather Wallet,Clothing,XL,A dark brown leather wallet with a small metallic logo on the front.,Brown,39,46.36,1118.jpg,https://drive.google.com/file/d/1CJOpQXIQTc0YkvNk4KEKFleONHscIDL7/view?usp=drivesdk
1119,Leather Wallet,Clothing,XL,A sleek black leather wallet with a small metallic logo detail.,Black,8,23.08,1119.jpg,https://drive.google.com/file/d/1HjznVtVkBAxCa6x-_iDg2NDVAl8Y0VBI/view?usp=drivesdk
1120,Leather Wallet,Clothing,S,A brown leather wallet with stitched edges and a small metallic logo.,Brown,31,21.52,1120.jpg,https://drive.google.com/file/d/1gh-3xKV_c_RbpPZ7guWv3kIy5cKuMLxM/view?usp=drivesdk
1121,Graphic T-shirt,Clothing,XL,A teal short-sleeve T-shirt featuring a printed graphic and text on the front.,Teal,25,43.94,1121.jpg,https://drive.google.com/file/d/10469V9-w-vRlYQswlxQ4JtrBvTN_-mfs/view?usp=drivesdk
1122,Leather Belt,Clothing,XL,A brown leather belt with a silver buckle and stitched detailing.,Brown,38,38.4,1122.jpg,https://drive.google.com/file/d/1snXeEH5mDHSYAW5nylwY2ccwnvPviryi/view?usp=drivesdk
1123,Leather Belt,Clothing,M,A brown leather belt with a silver buckle and multiple adjustment holes.,Brown,45,23.85,1123.jpg,https://drive.google.com/file/d/16PQHWZXJ5Ecm34j2E_lyeCir0sfiFJ2K/view?usp=drivesdk
1124,Black Blazer,Clothing,L,A fitted black blazer with a two-button closure and flap pockets.,Black,12,31.03,1124.jpg,https://drive.google.com/file/d/1_oIEj82vhpHDrqTcwB3cBBmI6v5YM4eo/view?usp=drivesdk
1125,Plaid Shirt,Clothing,L,"A fitted, button-down plaid shirt with rolled-up sleeves.",Blue,27,37.64,1125.jpg,https://drive.google.com/file/d/1K3Unyp4kgwQ5fqOe8eyWBWmlHL8NnMHP/view?usp=drivesdk
1126,Plaid Shirt,Clothing,XL,A blue and white plaid button-up shirt with short sleeves.,Blue,23,23.47,1126.jpg,https://drive.google.com/file/d/1lha8I_IR9HgSxUzEiW33n6-mi6SMhGiD/view?usp=drivesdk
1127,Striped Shirt,Clothing,M,A short-sleeve button-up shirt with subtle vertical stripes.,White,13,36.85,1127.jpg,https://drive.google.com/file/d/11hBEe3slC7jJoriy536jI9B3iuH9tfEM/view?usp=drivesdk
1128,White Shirt,Clothing,XL,A white button-up shirt with a textured scarf detail on the front.,White,2,20.12,1128.jpg,https://drive.google.com/file/d/13qZt00y2YGLancqfg37ANTT0Kgyrni8P/view?usp=drivesdk
1129,Ruffled Blouse,Clothing,M,Black long-sleeve blouse with a ruffled front detail and button closure.,Black,27,29.03,1129.jpg,https://drive.google.com/file/d/14pb5yPCwoWeYUW0cVa6a0iyxDzSnE7yV/view?usp=drivesdk
1130,Checked Shirt,Clothing,L,A long-sleeve button-up shirt with a small checked pattern and a collar.,Light Blue,11,21.82,1130.jpg,https://drive.google.com/file/d/1k861-XmVeER-mRDFcj9z5YY_fU3cSpTV/view?usp=drivesdk
1131,Striped Shirt,Clothing,L,"A long-sleeve, button-up shirt with thin vertical stripes.",Gray,25,30.49,1131.jpg,https://drive.google.com/file/d/1RT1uMwybGwYFNzQyKUfTpLBrIQt8lvqj/view?usp=drivesdk
1132,Beige Trousers,Clothing,M,A pair of beige straight-leg trousers with a button closure at the waist.,Beige,19,10.67,1132.jpg,https://drive.google.com/file/d/1pADeCrwV3FsGuMQlFL-Cz7Mtuab2TwRl/view?usp=drivesdk
1133,Black Trousers,Clothing,XL,A pair of fitted black trousers with a button closure at the waist.,Black,41,40.15,1133.jpg,https://drive.google.com/file/d/1obeiZ9fPnM3pJ2n6scg01fh3p7ysTjyK/view?usp=drivesdk
1134,Elastic Waist Pants,Clothing,XL,A pair of dark green slim-fit pants with an elastic waistband and side pockets.,Green,6,47.74,1134.jpg,https://drive.google.com/file/d/1Ymnpdp0np8imfCz3syCs7lSEkLJuqXe_/view?usp=drivesdk
1135,Pinstripe Pants,Clothing,M,Slim-fit black pinstripe pants with belt loops and a front zipper.,Black,26,28.11,1135.jpg,https://drive.google.com/file/d/1ntojPISAoMV0K0TxEw6gZ2oLhWJa4NW1/view?usp=drivesdk
1136,Formal Trousers,Clothing,XL,A pair of straight-cut formal trousers in a dark grey color.,Grey,36,41.4,1136.jpg,https://drive.google.com/file/d/1LGTXGxvrserbTMqj-F0GmsVm_4mvMxrK/view?usp=drivesdk
1137,Formal Trousers,Clothing,L,A pair of slim-fit formal trousers with a clean front and belt loops.,Black,28,32.2,1137.jpg,https://drive.google.com/file/d/1rKrjhfCBH1JcoygzIw9t94neuQTsE08M/view?usp=drivesdk
1138,Formal Pants,Clothing,XL,A pair of fitted formal pants suitable for office or professional wear.,Dark Gray,24,11.11,1138.jpg,https://drive.google.com/file/d/1dj5G60Lk2HUyMHfnjL3N5i-g8Mj3-8BO/view?usp=drivesdk
1139,Slim Fit Pants,Clothing,L,"A pair of slim fit, tailored gray pants designed for a sleek and professional look.",Gray,16,15.1,1139.jpg,https://drive.google.com/file/d/1M3rr_DwpiX5yEJlHb3cm4EgK4KDInYyg/view?usp=drivesdk
1140,Beige Pants,Clothing,M,Slim-fit beige pants with front pockets and a brown belt.,Beige,36,10.78,1140.jpg,https://drive.google.com/file/d/1sSRaWIvAdFrdk1EHLqSL3YO8s_AqoyK8/view?usp=drivesdk
1141,Sport Tank,Clothing,M,Sleeveless sport tank top with a round neckline and 'SPORT' printed on the front.,Green,33,30.28,1141.jpg,https://drive.google.com/file/d/1mWysv0veGL1nhEX-6upTydDX3ndRQ9nx/view?usp=drivesdk
1142,Sporty Shorts,Clothing,M,Light gray shorts with black side panels and an elastic waistband.,Gray,31,31.94,1142.jpg,https://drive.google.com/file/d/1GzSjtoQSnHcQknYmFSlKaWdo4kRi-cFd/view?usp=drivesdk
1143,Aviator Sunglasses,Clothing,M,Classic aviator sunglasses with gold metal frame and brown lenses.,Brown,23,48.89,1143.jpg,https://drive.google.com/file/d/1AyjJ7aEi3Ms7CndmIzoK1WvWKcdG7_nU/view?usp=drivesdk
1144,Aviator Sunglasses,Clothing,M,Classic aviator sunglasses with gold metal frame and dark green lenses.,Gold,20,34.23,1144.jpg,https://drive.google.com/file/d/1OsFdgKK5sPK6Fw88JWqXZUIxgPaZKvgw/view?usp=drivesdk
1145,Leather Dress Shoe,Clothing,XL,A black leather lace-up dress shoe with a stitched toe design and a low heel.,Black,41,12.55,1145.jpg,https://drive.google.com/file/d/1rL8dQ9U-eYCvj9-iDA0D6x9ZIAq7vJY9/view?usp=drivesdk
1146,Leather Slip-On,Clothing,L,"A brown leather slip-on shoe with a black sole and a sleek, casual design.",Brown,9,25.88,1146.jpg,https://drive.google.com/file/d/1whcRoqupON7hozBf06ZsT1aFCpC9cLUG/view?usp=drivesdk
1147,Men's Leather Sandal,Clothing,M,A brown leather sandal with multiple straps and a velcro closure for a secure fit.,Brown,30,45.95,1147.jpg,https://drive.google.com/file/d/1KrOjjZQ7ZiJE1v7x5b9vTW1H7gPmB8BL/view?usp=drivesdk
1148,Aviator Sunglasses,Clothing,M,A pair of black aviator sunglasses with gradient dark lenses and thin metal frames.,Black,1,16.86,1148.jpg,https://drive.google.com/file/d/1dy_-wlE0asbBZFZRQEzdm9kbMb46GiYl/view?usp=drivesdk
1149,Black Sunglasses,Clothing,L,Black framed sunglasses with dark tinted lenses.,Black,22,30.88,1149.jpg,https://drive.google.com/file/d/1KJah23W4fg4rudnkAQ76Pj3KCfZsYeCm/view?usp=drivesdk
1150,Gold Wristwatch,Clothing,S,A gold-tone wristwatch with a round dial and metal link bracelet.,Gold,37,17.94,1150.jpg,https://drive.google.com/file/d/1jIzDA4_Dmq_YMpXVKokKxe2FBoiumzVY/view?usp=drivesdk
1151,Silver Wristwatch,Clothing,XL,A silver metal wristwatch with a white dial and chronograph features.,Silver,31,48.37,1151.jpg,https://drive.google.com/file/d/1pxdUcIvB635AzQ2rTkzY5CLHC3Z0XKos/view?usp=drivesdk
1152,Studded Shoulder Bag,Clothing,M,A stylish shoulder bag with a studded flap and adjustable strap.,Brown,20,32.03,1152.jpg,https://drive.google.com/file/d/1OHEsBsNPQW50YDGprsDV-qZQ00t1M0w1/view?usp=drivesdk
1153,Yoga Pants,Clothing,XL,Black yoga pants with a wide pink waistband designed for comfort and flexibility.,Black,17,24.36,1153.jpg,https://drive.google.com/file/d/1kTkwK64gp0cqSucfQ9up2DbY9v1Flhgl/view?usp=drivesdk
1154,Slim Leggings,Clothing,XL,"A pair of slim-fit, ankle-length leggings in a solid color.",Red,1,27.32,1154.jpg,https://drive.google.com/file/d/1eztLXBVSNz1U8JFjMVkYurYF3j_0AS0h/view?usp=drivesdk
1155,Skirted Leggings,Clothing,XL,Black skirted leggings with a fitted capri length and attached skirt overlay.,Black,0,14.85,1155.jpg,https://drive.google.com/file/d/1py_EIwtK6EnwiT0WHY2GiKpPipd8a6sn/view?usp=drivesdk
1156,Skirted Leggings,Clothing,S,Blue skirted leggings with a fitted design ending below the knee.,Blue,42,48.07,1156.jpg,https://drive.google.com/file/d/1N4f5RWxPC63bai_j-LFt0JIqZiNXaVAt/view?usp=drivesdk
1157,Capri Pants,Clothing,XL,Black capri pants with a folded waistband and decorative stitching near the hem.,Black,42,37.63,1157.jpg,https://drive.google.com/file/d/1zQoeXPYpyC6KKVWKmI9W57ROsBv7BGiu/view?usp=drivesdk
1158,Drawstring Shorts,Clothing,L,Casual grey shorts with a drawstring waist and front pockets.,Grey,38,37.89,1158.jpg,https://drive.google.com/file/d/1TmV9YKRbE1goDntlZuXrcmjFl3cuQIlI/view?usp=drivesdk
1159,Drawstring Shorts,Clothing,XL,Black casual shorts with a drawstring waist and front pockets.,Black,38,11.26,1159.jpg,https://drive.google.com/file/d/1NITkSJX5C87MoxmL-pnKiR8nKho-SAoh/view?usp=drivesdk
1160,Colorblock Windbreaker,Clothing,S,"A lightweight windbreaker jacket with a blue hood and upper section, and a yellow lower section and sleeves.",Yellow,31,46.96,1160.jpg,https://drive.google.com/file/d/1n1mXTCxlqsd2gnwrpq5GUPvJ5ZfAzL34/view?usp=drivesdk
1161,Athletic Shorts,Clothing,M,Dark green athletic shorts with an elastic waistband and light blue side panels.,Green,32,21.38,1161.jpg,https://drive.google.com/file/d/115A5dxl4q1k-rlmuOJBYNxgt3XvG6ZeD/view?usp=drivesdk
1162,Nike Shorts,Clothing,M,Black athletic shorts with red side stripes and a white Nike logo.,Black,20,12.16,1162.jpg,https://drive.google.com/file/d/1zpFJkP9MJWga4OWbguRWtcWz9WRT1yxM/view?usp=drivesdk
1163,Graphic T-shirt,Clothing,M,A turquoise short-sleeve T-shirt featuring a cartoon character lying in a hammock with the text 'JUST MEDITATING MR. LAZY'.,Turquoise,13,40.91,1163.jpg,https://drive.google.com/file/d/1stnwApC4IfRXQLY9QXUP4nmP7N8B1l6j/view?usp=drivesdk
1164,Nike Shorts,Clothing,S,Black athletic shorts with an elastic waistband and a white Nike logo on the left leg.,Black,31,19.71,1164.jpg,https://drive.google.com/file/d/12Wi-cgDITV5Xm2phbj-3buAOzB0cVlZv/view?usp=drivesdk
1165,Nike Shorts,Clothing,XL,Dark green athletic shorts with an elastic waistband and Nike logo.,Dark Green,15,39.03,1165.jpg,https://drive.google.com/file/d/1JN2L7QMaKeyu2so42N7pbC8DGqu77Qp4/view?usp=drivesdk
1166,Red Windbreaker,Clothing,S,A lightweight red windbreaker jacket with a hood and reflective strips on the chest.,Red,7,23.35,1166.jpg,https://drive.google.com/file/d/161cqLzy_fD4Li8xqiJ4cEHw0B9rTu3GW/view?usp=drivesdk
1167,Striped Polo Shirt,Clothing,S,"A short-sleeve polo shirt featuring horizontal stripes in black, white, purple, and a yellow chest panel with a collar.",Black,37,30,1167.jpg,https://drive.google.com/file/d/1S-HAYPL9gOOrxHXq5cMWO_FwKL5QA5w7/view?usp=drivesdk
1168,Graphic T-shirt,Clothing,XL,A grey short-sleeve T-shirt with bold black text 'WHO ELSE?' and a small Nike logo underneath.,Grey,21,40.06,1168.jpg,https://drive.google.com/file/d/1gmPxDqKEXPeLGcTH-T_nJbEkjn1p79vx/view?usp=drivesdk
1169,Blue Dial Watch,Clothing,M,A wristwatch with a blue dial and silver metal strap featuring numeric hour markers and a date display.,Blue,4,36.11,1169.jpg,https://drive.google.com/file/d/1VCb58v9-0_ywqZzn1JvtTv4kK7nkNIl3/view?usp=drivesdk
1170,Leather Belt,Clothing,L,A dark brown leather belt with a rustic metal buckle and multiple adjustment holes.,Brown,14,42.18,1170.jpg,https://drive.google.com/file/d/1Jf-V9ZoEo3r7XTqCH7tq9z-NOGi0X_Dr/view?usp=drivesdk
1171,Leather Wallet,Clothing,XL,"A dark brown leather wallet with a simple, sleek design.",Brown,12,12.71,1171.jpg,https://drive.google.com/file/d/1cog8i3NRHJcXsLEO604l5MQA5NsfCvQc/view?usp=drivesdk
1172,Nike shorts,Clothing,L,Black athletic shorts with an elastic waistband and Nike logo on the leg.,Black,28,22.05,1172.jpg,https://drive.google.com/file/d/1l3EqmOrswahvd4rlEkNpNRDRq45OY1A6/view?usp=drivesdk
1173,Nike Shorts,Clothing,S,White athletic shorts with an elastic waistband and a small black Nike logo on the left leg.,White,11,15.16,1173.jpg,https://drive.google.com/file/d/1FomdW4ohRhwCC1zgHototzpOtDbRfGwW/view?usp=drivesdk
1174,Track Pants,Clothing,L,Gray athletic track pants with an elastic waistband and side pockets.,Gray,15,13.71,1174.jpg,https://drive.google.com/file/d/1Ja4NRaKrNNBLZoumWx-svFO5tqCMp9NV/view?usp=drivesdk
1175,Drawstring Pants,Clothing,L,Black casual drawstring pants with an elastic waistband.,Black,2,41.44,1175.jpg,https://drive.google.com/file/d/1qXfDymkrjrkIj4Fkr5Kp3nS1H2EmJWtk/view?usp=drivesdk
1176,Men's Jeans,Clothing,XL,A pair of blue denim jeans with a slightly faded and worn look.,Blue,8,11.31,1176.jpg,https://drive.google.com/file/d/1U6MJqBWLCMrxZlpOtLbZ-swL3BoO-R0L/view?usp=drivesdk
1177,Polo Shirt,Clothing,S,"A short-sleeve, dark gray polo shirt with a collar and button placket.",Gray,19,42.9,1177.jpg,https://drive.google.com/file/d/1ZJMswbYpI3QVzVjh4qmD_2WB01W0oiFS/view?usp=drivesdk
1178,Green Leggings,Clothing,S,A pair of fitted green leggings worn with a white tunic.,Green,31,11.47,1178.jpg,https://drive.google.com/file/d/1VijrwO6uc-jrOCQfALKc0XDAppvUQfvk/view?usp=drivesdk
1179,Pink Leggings,Clothing,XL,A pair of bright pink fitted leggings worn with a white top and beige sandals.,Pink,0,24.51,1179.jpg,https://drive.google.com/file/d/19VL4ZU7DnoefAnthBsQtA8W06od5DBD9/view?usp=drivesdk
1180,Casual Backpack,Clothing,L,A black and brown casual backpack with multiple compartments and mesh side pockets.,Black,33,39.03,1180.jpg,https://drive.google.com/file/d/11wMTay2kSl3bTjtAX3THFJOQjrYoqRX_/view?usp=drivesdk
1181,Track Pants,Clothing,XL,Navy blue track pants with red side stripes and an elastic waistband.,Blue,4,14.85,1181.jpg,https://drive.google.com/file/d/1oCbRaMZHGy8gT1hduWwbhcYua9QIo_jQ/view?usp=drivesdk
1182,Track Suit,Clothing,M,"Navy blue track suit with white stripes on sleeves and pants, featuring a zip-up jacket.",Navy Blue,45,11.84,1182.jpg,https://drive.google.com/file/d/1aUTk2FlBIEntZ4s8cU8PJ5BZgr9JflOs/view?usp=drivesdk
1183,Track Pants,Clothing,XL,Gray track pants with purple side stripes and a purple drawstring.,Gray,5,23,1183.jpg,https://drive.google.com/file/d/1FC4xCc5-ffjv39sNMdMMHdC8DvvdavGK/view?usp=drivesdk
1184,Track Suit,Clothing,M,Black full-sleeve track suit with white stripes and blue accents.,Black,11,46.29,1184.jpg,https://drive.google.com/file/d/1Hxi8Oc0NWn0nkV64-QsNCrYH-zKZUh6m/view?usp=drivesdk
1185,Black Sunglasses,Clothing,M,Black oversized sunglasses with gradient dark lenses.,Black,20,38.55,1185.jpg,https://drive.google.com/file/d/1UKrimh4UcxQBTcBHUhuD_dC6oBG2YZka/view?usp=drivesdk
1186,Sleeveless Dress,Clothing,S,"A sleeveless, knee-length dress with a simple, straight cut and color-blocked green shades.",Green,28,46.7,1186.jpg,https://drive.google.com/file/d/14aJ0T2KdjyMkKtHNl1rBq3urQOwfHP9v/view?usp=drivesdk
1187,Denim Skirt,Clothing,XL,A tiered denim skirt with an elastic waistband and gathered detailing.,Blue,31,21.24,1187.jpg,https://drive.google.com/file/d/11zomBcrW8gVbHPK5d78caapC_E4Rzvsu/view?usp=drivesdk
1188,Floral Ruffle Skirt,Clothing,XL,A white skirt with multiple ruffled layers featuring a colorful floral print.,White,8,49.31,1188.jpg,https://drive.google.com/file/d/15X4FMPkNFku-XVHko2F8tTWHIPiATADl/view?usp=drivesdk
1189,Floral Ruffle Skirt,Clothing,M,"A multi-layered ruffle skirt with a floral pattern in green, beige, and black.",Green,11,35.52,1189.jpg,https://drive.google.com/file/d/1vp9tA2118GtDfTF52ZWo2SlcfMTKdfPZ/view?usp=drivesdk
1190,Mandarin Collar Shirt,Clothing,XL,Light blue mandarin collar shirt with rolled-up sleeves and button-down front.,Blue,26,48.03,1190.jpg,https://drive.google.com/file/d/1k1Zo5C-FLDEGSiXJBRyTxou0pNcQl7n4/view?usp=drivesdk
1191,Plaid Shirt,Clothing,S,A button-down plaid shirt with rolled-up sleeves in pastel colors.,Blue,23,37.17,1191.jpg,https://drive.google.com/file/d/1x-UtrsqJlz1T5-KGI7_3IDeg7jKSF0J7/view?usp=drivesdk
1192,Checked Shirt,Clothing,L,A light blue and white checked button-up shirt with rolled-up sleeves.,Blue,32,31.97,1192.jpg,https://drive.google.com/file/d/14VtPvmPO0p-MXnSOwYsBABcjoNVKK5F-/view?usp=drivesdk
1193,Checkered Shirt,Clothing,XL,A short-sleeve button-up shirt with a red and white checkered pattern.,Red,26,13.4,1193.jpg,https://drive.google.com/file/d/1CBqn2TCiyR7dDxanALrTvnmyVk5WXxUw/view?usp=drivesdk
1194,Mint Shirt,Clothing,XL,A short-sleeve button-up shirt in a light mint green color with a chest pocket.,Mint Green,26,39.01,1194.jpg,https://drive.google.com/file/d/1YbKwCXLqtCQapyQ3o430Ed0HBDGGSAsp/view?usp=drivesdk
1195,Blue Backpack,Clothing,XL,A blue backpack with a colorful logo on the front and multiple compartments.,Blue,43,29.33,1195.jpg,https://drive.google.com/file/d/11uISKugkhd0KzXKOTNpKlqffAt3ztjUJ/view?usp=drivesdk
1196,Formal Trousers,Clothing,M,"A pair of dark grey formal trousers with a straight fit, worn with a belt.",Grey,1,46.66,1196.jpg,https://drive.google.com/file/d/1GLan3Scc0rpr9Lfk8zl2QjMh3wVZ4Tvp/view?usp=drivesdk
1197,Metallic Wristwatch,Clothing,S,A silver metallic wristwatch with a white dial and red accents.,Silver,3,40.61,1197.jpg,https://drive.google.com/file/d/1_b8jrFPT6UTx3_84byTumtCObvhlQit6/view?usp=drivesdk
1198,Leather Strap Watch,Clothing,XL,A black leather strap wristwatch with a rectangular silver case and a black dial featuring white numerals.,Black,42,27.09,1198.jpg,https://drive.google.com/file/d/1E1vgNfchLU70AX6KUDTMcHOEBR0mD27Q/view?usp=drivesdk
1199,Black Mesh Watch,Clothing,M,A black wristwatch with a mesh strap and a textured dial.,Black,26,26.93,1199.jpg,https://drive.google.com/file/d/1_64kzSYxnLYPPmqxmLFXaNIP9pg4Z_zD/view?usp=drivesdk
1200,Metal Wristwatch,Clothing,S,A metal wristwatch with a silver and rose gold two-tone strap and a white dial.,Silver,32,17.76,1200.jpg,https://drive.google.com/file/d/1LbR3Z5tQSVLxX5wbTt_e2VZapMJo_wJa/view?usp=drivesdk
1201,Metal Wristwatch,Clothing,L,A silver metal wristwatch with a dark blue dial and crystal-studded bezel.,Silver,23,28.62,1201.jpg,https://drive.google.com/file/d/14j6a1DVdrp_dj1LbiihLRKilo29l-fJ3/view?usp=drivesdk
1202,,Clothing,L,,,25,15.81,1202.jpg,https://drive.google.com/file/d/1nKX-h98zkjPNDqc1ie6G4vEryFOea5rK/view?usp=drivesdk
1203,Black Leather Watch,Clothing,S,A black leather strap watch with a decorative blue dial and a rhinestone-studded bezel.,Black,46,25.38,1203.jpg,https://drive.google.com/file/d/1xRNCp7VRL6diwB0dW6GgDsEI9jDr9e_G/view?usp=drivesdk
1204,Crystal Wristwatch,Clothing,M,A black wristwatch with a crystal-studded bezel and decorative crystal patterns on the dial.,Black,30,13.3,1204.jpg,https://drive.google.com/file/d/1-AK_z0IpK215k6gZ2rrzbZsvX-8NwQZn/view?usp=drivesdk
1205,Casual Shirt,Clothing,XL,A white long-sleeve casual shirt with button-down front and a chest pocket.,White,20,18.96,1205.jpg,https://drive.google.com/file/d/1c5QwIPynCH2UCfzc3SSDu40g2pb8A1VT/view?usp=drivesdk
1206,Cargo Pants,Clothing,XL,Men's dark green cargo pants with multiple pockets and a straight fit.,Green,17,29.88,1206.jpg,https://drive.google.com/file/d/1w6e0hAHPCXvavf1OsA88Ni6FUxWgEBV8/view?usp=drivesdk
1207,casual pants,Clothing,XL,A pair of straight-fit casual pants with belt loops and a button closure.,Gray,2,40.23,1207.jpg,https://drive.google.com/file/d/1R2dOgPGYHfHI8XKAFirFCN1VltCV51xV/view?usp=drivesdk
1208,Striped Shirt,Clothing,XL,"A long-sleeve, button-up shirt with a subtle striped pattern and a chest pocket.",Purple,1,12.16,1208.jpg,https://drive.google.com/file/d/1iw-kmX6JC-9ikNnNLnsIx4ec94vb18sB/view?usp=drivesdk
1209,Green Strap Watch,Clothing,M,"A stylish wristwatch with a green strap, gold-tone case, and crystal-studded bezel.",Green,38,27.77,1209.jpg,https://drive.google.com/file/d/1jLUDOGRyDhulLDwO7bzLdn5mmvzKiwRv/view?usp=drivesdk
1210,Black Dress Pants,Clothing,XL,A pair of black formal dress pants with a straight fit.,Black,49,29.48,1210.jpg,https://drive.google.com/file/d/1plrBEKEvj9YwSJtr0iZUGVlhQC4wyYj8/view?usp=drivesdk
1211,Casual Trousers,Clothing,XL,"A pair of black casual trousers with a straight fit, worn with a brown belt.",Black,1,44.44,1211.jpg,https://drive.google.com/file/d/1TQgv4FOPtd3cO-Ia9dyoVGcfIAfZZ7Vm/view?usp=drivesdk
1212,casual chinos,Clothing,XL,A pair of beige casual chinos with a straight fit and belt loops.,Beige,7,28.97,1212.jpg,https://drive.google.com/file/d/1WADOsD4lsGdqnbaYK5ibbybn1DZy6J6Y/view?usp=drivesdk
1213,casual pants,Clothing,XL,A pair of black casual pants with a straight fit and belt loops.,Black,13,49.67,1213.jpg,https://drive.google.com/file/d/1ldqKLKE8xE4K40VP313Le8U1Cn7Ekllc/view?usp=drivesdk
1214,casual pants,Clothing,XL,A pair of straight-fit casual pants with a button and zipper closure.,Black,12,24.02,1214.jpg,https://drive.google.com/file/d/1toBI_IWkEeFLswxHrYUbSM6W62LoP4mH/view?usp=drivesdk
1215,casual pants,Clothing,M,A pair of straight-fit casual pants with belt loops and side pockets.,Black,47,20.07,1215.jpg,https://drive.google.com/file/d/1zvsPw4oVjzv2Su2UbMd2uZC89JYGfkVY/view?usp=drivesdk
1216,casual pants,Clothing,M,A pair of black casual pants with a straight fit.,Black,14,35.44,1216.jpg,https://drive.google.com/file/d/1e7m6fwUc4vuokCNmJJDTiJmzZZQu-X66/view?usp=drivesdk
1217,Aviator Sunglasses,Clothing,M,A pair of aviator-style sunglasses with dark gradient lenses and thin metal frames.,Black,50,37.39,1217.jpg,https://drive.google.com/file/d/1x052ohMH4pLd6TLlOkt64t4Fzm1NO0-G/view?usp=drivesdk
1218,Black Wristwatch,Clothing,L,A sleek black wristwatch with a leather strap and minimalist dial.,Black,46,46.91,1218.jpg,https://drive.google.com/file/d/10yzUD3cDJx4eg9BiVdse-xxQGTuUbIEz/view?usp=drivesdk
1219,Metal Wristwatch,Clothing,XL,A metal wristwatch with a round dial and a metal link strap.,Silver,15,46.36,1219.jpg,https://drive.google.com/file/d/10yKY-L8QBLH6eFObAJGhyMm2huyGupiH/view?usp=drivesdk
1220,Leather Strap Watch,Clothing,S,A wristwatch with a black leather strap and a metallic round dial featuring multiple sub-dials.,Black,32,11.55,1220.jpg,https://drive.google.com/file/d/13JjGjhdJeAUJbHya6PtrdlPRmJrFLQOu/view?usp=drivesdk
1221,Black Leather Watch,Clothing,XL,A black leather strap wristwatch with a detailed multi-dial face and metallic case.,Black,13,18.35,1221.jpg,https://drive.google.com/file/d/13g7JwgaOPlNBVoeR4GjPa21TmFi4Yi5Y/view?usp=drivesdk
1222,Sport Sunglasses,Clothing,S,Black frame sunglasses with brown tinted lenses designed for sports use.,Black,8,36.27,1222.jpg,https://drive.google.com/file/d/1mtmpzvUEyCNzl-a4WeTMaEAkKKW_jOfD/view?usp=drivesdk
1223,Carbon Sunglasses,Clothing,M,Sleek sunglasses with a carbon fiber textured frame and dark tinted lenses.,Black,4,22.47,1223.jpg,https://drive.google.com/file/d/1n4BkuKf50Yu4IUVUKo36Z1vsFPmPa8eB/view?usp=drivesdk
1224,Silver Mesh Watch,Clothing,L,A silver mesh wristwatch with a round face adorned with crystal accents.,Silver,23,12.1,1224.jpg,https://drive.google.com/file/d/1tAwtw8M8mdlNniK8tTq0Y1RKdA0w67su/view?usp=drivesdk
1225,Silver Knit Watch,Clothing,S,A silver knit band watch with a rectangular face and minimalist design.,Silver,0,20.41,1225.jpg,https://drive.google.com/file/d/1jTlbL_flCoqnoidu2PIffng2lGXAgr5S/view?usp=drivesdk
1226,Silver Watch,Clothing,XL,A silver wristwatch with a metal band and a crystal-studded bezel.,Silver,43,25.12,1226.jpg,https://drive.google.com/file/d/10SzU474_8fQ8hosmggk3XVGz-3XmnVmf/view?usp=drivesdk
1227,Black Leather Watch,Clothing,L,A black rectangular watch with a black leather strap and dual subdials on the face.,Black,50,47.79,1227.jpg,https://drive.google.com/file/d/1YymZjEU1wM6NPe_B53UcC5VxxQOPCWw_/view?usp=drivesdk
1228,Metal Wristwatch,Clothing,M,A sleek metal wristwatch with a black round dial and silver strap.,Silver,27,19.6,1228.jpg,https://drive.google.com/file/d/1eNRs1qLXv4rS1NXGa4I2Z1PvUbT6lWPu/view?usp=drivesdk
1229,Leather Wristband,Clothing,L,A wide black leather wristband with a square metal watch face featuring a skull and heart design.,Black,35,21.27,1229.jpg,https://drive.google.com/file/d/1FcNPhm__nh0w7FFrcVWSUqANswrrVDRO/view?usp=drivesdk
1230,Faded Jeans,Clothing,M,A pair of slim-fit jeans with a faded wash effect.,Blue,44,29.93,1230.jpg,https://drive.google.com/file/d/1uw7zQfopIVlPAxK63i7Z-L_Aplw6tAoE/view?usp=drivesdk
1231,Paint Splatter Tote,Clothing,S,Black tote bag with neon green paint splatter design and dual handles.,Black,2,49.01,1231.jpg,https://drive.google.com/file/d/1E4mkIeWcazLAs4Ovx1-pVRrBN3vlzlSH/view?usp=drivesdk
1232,Striped Shirt,Clothing,M,A long-sleeve button-up shirt with vertical black and white stripes and a contrasting white collar.,White,37,13.79,1232.jpg,https://drive.google.com/file/d/16sqxCkfRBikWRRkg0-UoSYphXs_pFr36/view?usp=drivesdk
1233,Leather Loafers,Clothing,L,A pair of black leather slip-on loafers with a sleek design and low heel.,Black,31,27.85,1233.jpg,https://drive.google.com/file/d/13W-6AW_5SFuCZGNXe74nnYxWxpnqPsaA/view?usp=drivesdk
1234,Leather Chukka,Clothing,S,A brown leather chukka boot with lace-up closure and a low heel.,Brown,21,21.23,1234.jpg,https://drive.google.com/file/d/1wTLBUJ0eUPDAIAIsXUwaNEGKXY8oZCcy/view?usp=drivesdk
1235,Sport Sunglasses,Clothing,S,Black framed sport sunglasses with dark lenses and a slight purple accent on the arms.,Black,41,44.87,1235.jpg,https://drive.google.com/file/d/17R1B0JTMg5QgLkIxQnTwm9ETQEQd8CKB/view?usp=drivesdk
1236,Sport Sunglasses,Clothing,M,White frame sport sunglasses with dark tinted lenses and a patterned inner arm.,White,33,34.28,1236.jpg,https://drive.google.com/file/d/1_5oKf8AAFU6YtLtn0ytp0phpFzKlGLs7/view?usp=drivesdk
1237,Faded Jeans,Clothing,XL,A pair of blue faded jeans with a slightly distressed look.,Blue,49,34.29,1237.jpg,https://drive.google.com/file/d/1dXLjV4tOmgGyZQQQpogtFgaDxt05nFOM/view?usp=drivesdk
1238,Athletic Shorts,Clothing,L,A pair of teal athletic shorts with an elastic waistband and a small white Nike logo on the left leg.,Teal,34,43.28,1238.jpg,https://drive.google.com/file/d/1pHWaVbP4ki6ha8_DEE4jMZbhLnEnqc-a/view?usp=drivesdk
1239,Athletic Shorts,Clothing,S,A pair of black athletic shorts with an elastic waistband and side panels.,Black,19,42.58,1239.jpg,https://drive.google.com/file/d/1cDjmEP_rgOEm1n8Jtkg2KAEh_Rss_gxG/view?usp=drivesdk
1240,Mesh Shorts,Clothing,S,Black mesh athletic shorts with an elastic waistband and white side panels.,Black,24,20.75,1240.jpg,https://drive.google.com/file/d/1jkV0l1P7f_b_0aHyQKafcQRRnwHN-eqD/view?usp=drivesdk
1241,Track Pants,Clothing,M,Black athletic track pants with an elastic waistband and white side stripes.,Black,39,49.47,1241.jpg,https://drive.google.com/file/d/1UyJsiMXHHBGn4-g-cK1Git0QwVvpzdzJ/view?usp=drivesdk
1242,Track Pants,Clothing,L,Black athletic track pants with an elastic waistband and side stripes.,Black,40,31.88,1242.jpg,https://drive.google.com/file/d/12VDi-3ZPwwcJsxgpdhrgFhJR8mO0Hcrw/view?usp=drivesdk
1243,FCB Sports Shorts,Clothing,L,Black sports shorts featuring the FC Barcelona logo and a yellow Nike swoosh.,Black,37,33.63,1243.jpg,https://drive.google.com/file/d/1MLBuHhijcbTWpOYhTE3BOsbA-KSVzuUn/view?usp=drivesdk
1244,FCB Track Jacket,Clothing,M,A dark gray full-zip track jacket with yellow accents and the FCB logo on the chest.,Gray,33,43.42,1244.jpg,https://drive.google.com/file/d/17itJ8an2O2w6o_wpF7dHI38OGDz-tMqE/view?usp=drivesdk
1245,Manchester Jacket,Clothing,L,Black zip-up jacket with red stripes on sleeves and Manchester United logo on the chest.,Black,5,37.61,1245.jpg,https://drive.google.com/file/d/1qwF_HMQwguPcAVbzc3883h5J-Aiu6Acm/view?usp=drivesdk
1246,Drawstring Pants,Clothing,S,Black casual pants with a drawstring waist and straight legs.,Black,40,44.76,1246.jpg,https://drive.google.com/file/d/1tEKVYEWXgmg9erTWu7hrQtRlkWAGpaRm/view?usp=drivesdk
1247,Graphic T-shirt,Clothing,S,Light blue short-sleeve T-shirt featuring a dynamic graphic print of a basketball player with artistic elements.,Light Blue,20,47,1247.jpg,https://drive.google.com/file/d/1oORS0rZ68L9GyrR38rZ8V-eyCwcLnPbF/view?usp=drivesdk
1248,Running Shorts,Clothing,XL,Black running shorts with purple and white side accents and an elastic waistband.,Black,4,26.29,1248.jpg,https://drive.google.com/file/d/16fQcZUJQ43RBdhDt8BjGWHAZr1IxdiUE/view?usp=drivesdk
1249,Red T-shirt,Clothing,M,A plain red short-sleeve T-shirt with a small emblem on the chest.,Red,35,34.52,1249.jpg,https://drive.google.com/file/d/1hshpNsxPSuogCCdvvAtfCcCrYum8F9R0/view?usp=drivesdk
1250,Aviator Sunglasses,Clothing,L,Black aviator sunglasses with gradient dark lenses and thin metal frame.,Black,31,32.36,1250.jpg,https://drive.google.com/file/d/1qtsU3zbva8kOkoWPlRqrwCo9pH4-ssVV/view?usp=drivesdk
1251,Aviator Sunglasses,Clothing,S,Classic aviator sunglasses with gold metal frame and dark tinted lenses.,Gold,37,22.02,1251.jpg,https://drive.google.com/file/d/1ctoyr2QSJlLGEw1i3UIl1i22OU3vgPhY/view?usp=drivesdk
1252,Drawstring Pouch,Clothing,S,A small fabric drawstring pouch with pink and orange color blocks and decorative stitching.,Pink,47,31.61,1252.jpg,https://drive.google.com/file/d/1h4ENLNxeTxIWRFo3yidj6AxiZhIwv5KC/view?usp=drivesdk
1253,Embroidered Bag,Clothing,S,A colorful embroidered shoulder bag with geometric and floral patterns.,Red,3,41.08,1253.jpg,https://drive.google.com/file/d/1kD3ZuAgzDYBPxFjCrQOgmYcHiXeQLMhx/view?usp=drivesdk
1254,Wrap Top Skirt,Clothing,L,A magenta wrap-style short-sleeve top paired with a matching long skirt featuring a subtle floral pattern.,Magenta,41,43.45,1254.jpg,https://drive.google.com/file/d/11nVFz_MROQEra-4dj1LrCBD_Q5xCDZ_2/view?usp=drivesdk
1255,Blue ethnic set,Clothing,M,"A blue ethnic outfit consisting of a short-sleeved wrap top, a printed long skirt, and a matching dupatta.",Blue,8,22.56,1255.jpg,https://drive.google.com/file/d/1OrP-0wf-LYnOkF4w_CPnscDYk2dylJ-j/view?usp=drivesdk
1256,Buttoned Nehru Jacket,Clothing,XL,"A sleeveless blue Nehru jacket with front buttons and pockets, worn over a long-sleeve cream shirt.",Blue,50,10.5,1256.jpg,https://drive.google.com/file/d/1tQX_VwIAvfMarOJU_z09PXuELDANo-6s/view?usp=drivesdk
1257,Quilted Waistcoat,Clothing,L,A black quilted waistcoat with button closure worn over a white textured kurta.,Black,36,11.14,1257.jpg,https://drive.google.com/file/d/1T9txh7PSycbmFZK_iaapas7FRns0TtZr/view?usp=drivesdk
1258,Checkered Nehru Jacket,Clothing,XL,"A sleeveless checkered Nehru jacket with button closure, worn over a blue kurta.",Beige,23,25,1258.jpg,https://drive.google.com/file/d/1MOUEllx7VAsHHshpDUAq797HTp0xWijg/view?usp=drivesdk
1259,Checkered Waistcoat,Clothing,L,A sleeveless checkered waistcoat with buttons down the front.,Brown,1,45.75,1259.jpg,https://drive.google.com/file/d/11C_aostfZCXoS13bMeQDMdMW9_wpMVpv/view?usp=drivesdk
1260,Graphic T-shirt,Clothing,S,A green short-sleeve T-shirt with a colorful graphic print on the front.,Green,14,29.39,1260.jpg,https://drive.google.com/file/d/1oasjh9oBKH25_L2JaP_XLNctpLs2DrhJ/view?usp=drivesdk
1261,Patterned Shirt,Clothing,S,A short-sleeve button-up shirt with a subtle diamond pattern and a chest pocket.,White,0,47.28,1261.jpg,https://drive.google.com/file/d/1ANtxJNESmdwL_DXCzyKRPOSX4KtsSIQK/view?usp=drivesdk
1262,White Leggings,Clothing,S,A pair of plain white fitted leggings worn below a pink tunic.,White,30,27.91,1262.jpg,https://drive.google.com/file/d/1X1aC2pRGokjvArS_H2HJ9x0lrKwO-DsP/view?usp=drivesdk
1263,Purple Leggings,Clothing,XL,A pair of fitted purple leggings worn under a white tunic.,Purple,25,44.67,1263.jpg,https://drive.google.com/file/d/1zKOeGeeryV7Acjdfwgnk4qMc4DbLL271/view?usp=drivesdk
1264,crinkled harem pants,Clothing,M,Loose-fitting crinkled harem pants with an elastic waistband and ankle cuffs.,Blue,34,18.42,1264.jpg,https://drive.google.com/file/d/1_vb7cMS8TvsNRBH70RJrIIuaUCIt8C2S/view?usp=drivesdk
1265,Printed Maxi Skirt,Clothing,XL,"A long, flowy skirt with an all-over leaf print and a tie detail at the waist.",Rust,12,15.44,1265.jpg,https://drive.google.com/file/d/14nHnf7PhFLAsgs6GDOtIQ28Z50UqftTq/view?usp=drivesdk
1266,Printed Maxi Skirt,Clothing,L,"A long, flowy maxi skirt with a yellow base and green and red leaf print.",Yellow,7,34.27,1266.jpg,https://drive.google.com/file/d/1mNn3Su2GfjMMEPCkGwlSGtU4r54Jq11v/view?usp=drivesdk
1267,Printed Maxi Skirt,Clothing,L,A beige maxi skirt featuring a pink leaf print pattern.,Beige,32,35.57,1267.jpg,https://drive.google.com/file/d/1Ds7sQb1FFq7obXz21uc6JiAFRfJvrpV8/view?usp=drivesdk
1268,Patterned Maxi Skirt,Clothing,XL,"A long, flowy maxi skirt with a zigzag pattern in black, white, and orange accents.",Black,47,30.51,1268.jpg,https://drive.google.com/file/d/1Sbyhkw1cfeGJPc_xKJtm9pOE1W6yrVsB/view?usp=drivesdk
1269,Patterned Maxi Skirt,Clothing,XL,"A long, flowy maxi skirt with a vibrant zigzag pattern and a tie at the waist.",Red,4,34.46,1269.jpg,https://drive.google.com/file/d/1RY9lFiX-6ziiNqSJbFq5U69WOvgtjFde/view?usp=drivesdk
1270,Patterned Maxi Skirt,Clothing,L,"A long, flowy maxi skirt with a zigzag pattern in multiple colors and a side tie detail.",Multicolor,39,34.36,1270.jpg,https://drive.google.com/file/d/1RdV-ZBUDEHZJZmv11ufzW9iX454cCDZP/view?usp=drivesdk
1271,Printed Midi Skirt,Clothing,S,"A blue midi skirt with white floral prints, button-down front, and red piping details.",Blue,1,37.08,1271.jpg,https://drive.google.com/file/d/18WaCusfxfez3YCRn93mSIhbGOs3csoTj/view?usp=drivesdk
1272,A-line skirt,Clothing,S,A knee-length A-line skirt with a simple design and a neutral tone.,Beige,8,25.64,1272.jpg,https://drive.google.com/file/d/1rbIOxsgsKS_EdJm5Hxci09vADAmvXTNh/view?usp=drivesdk
1273,Graphic T-shirt,Clothing,M,A navy blue short-sleeve t-shirt with a printed graphic design featuring an eagle and text.,Blue,2,41.55,1273.jpg,https://drive.google.com/file/d/1XjiWYfwJHCOSUyqRBz5_gw0XefR1p6fW/view?usp=drivesdk
1274,Plaid Shorts,Clothing,XL,"Men's knee-length shorts with a blue, white, and red plaid pattern.",Blue,10,35.2,1274.jpg,https://drive.google.com/file/d/1ovvhyJIVhXtmBlKllmW7D7DLgk0HJwBA/view?usp=drivesdk
1275,White Saree,Clothing,XL,A traditional white saree with intricate embroidery and a sheer texture.,White,5,48.6,1275.jpg,https://drive.google.com/file/d/1J7xYYtbgNTw7Mx5V2PnYf9h1imem6gac/view?usp=drivesdk
1276,White Shirt,Clothing,M,A white long-sleeve button-up shirt with embroidered patches and a front pocket.,White,3,45.49,1276.jpg,https://drive.google.com/file/d/1b40CN_txo5kmoTdJs7iiEHPE9B5qi2N1/view?usp=drivesdk
1277,Yellow Shorts,Clothing,L,Bright yellow shorts with front pockets and printed text design on the leg.,Yellow,12,39.27,1277.jpg,https://drive.google.com/file/d/1NmPT9iL_3-mw0WgA6_ez_tLhBt7faGcJ/view?usp=drivesdk
1278,Casual Shorts,Clothing,M,Dark brown casual shorts with front pockets and a button closure.,Brown,3,32.07,1278.jpg,https://drive.google.com/file/d/1Lm0Fh67y0Fkge8XE2sRpI7rF2nc-uEM6/view?usp=drivesdk
1279,White Tiered Dress,Clothing,XL,A white sleeveless dress with tiered ruffle layers and a decorative waistband.,White,2,21.65,1279.jpg,https://drive.google.com/file/d/1ExcAl7SwrmckqDkYGJSU9OG-aCTOxGYP/view?usp=drivesdk
1280,Floral Dress,Clothing,XL,"A sleeveless dress with pink and yellow floral patterns, featuring a bow and a yellow underskirt.",White,11,25.69,1280.jpg,https://drive.google.com/file/d/1enXD79HeUbUYCshmyfkdTrzadCEoqOu3/view?usp=drivesdk
1281,Polo Shirt,Clothing,L,"Black short-sleeve polo shirt with a collar, featuring a large number 3 and an American flag patch on the front.",Black,47,32.33,1281.jpg,https://drive.google.com/file/d/1aC7c0YCbrDbo-Q4eaYTXp1u8ZPiBeO2m/view?usp=drivesdk
1282,Navy Blazer,Clothing,L,A navy blue blazer with a white inner shirt and red detailing on the collar and chest pocket.,Navy,40,35.69,1282.jpg,https://drive.google.com/file/d/1_xNFlTMyRbjKvF0TKsASOkM7OT1n33mk/view?usp=drivesdk
1283,White Leggings,Clothing,S,A pair of white leggings with an elastic waistband and lace trim at the ankles.,White,7,30.16,1283.jpg,https://drive.google.com/file/d/1_lAkKouxem6Eshguuq8YhADQvdqwYO3l/view?usp=drivesdk
1284,Contrast Waist Pants,Clothing,S,Black pants with a pink and gray contrast waistband and a small pink logo on the leg.,Black,10,22.94,1284.jpg,https://drive.google.com/file/d/1_bfZkV4R4Tpt1ZnEIEB2hjLWhs13xnWz/view?usp=drivesdk
1285,Puma T-shirt,Clothing,M,A navy blue short-sleeve t-shirt with a bold Puma logo and graphic design on the front.,Blue,47,19.84,1285.jpg,https://drive.google.com/file/d/10a33UzIEO-OzaxQMqbwaDv39hll4H7AI/view?usp=drivesdk
1286,Basic Polo Shirt,Clothing,M,A plain light grey short-sleeve polo shirt with a collar and button placket.,Grey,19,32.36,1286.jpg,https://drive.google.com/file/d/1NRwtWCwq-xM_tUtc6-ExHqViD0Y-8K51/view?usp=drivesdk
1287,Sleeveless Cardigan,Clothing,M,"A sleeveless, open-front cardigan with a draped, asymmetrical hem.",Teal,6,47.02,1287.jpg,https://drive.google.com/file/d/1GUQIvZ5NnQq4emno7bgvbM059sdg7gFB/view?usp=drivesdk
1288,Graphic T-shirt,Clothing,L,White short-sleeve t-shirt with a vintage motorcycle graphic and text print on the front.,White,38,37.52,1288.jpg,https://drive.google.com/file/d/1bCjXao21dcToX_Vk1v4KJ5je-aB2utGp/view?usp=drivesdk
1289,Arsenal Shorts,Clothing,S,White athletic shorts featuring the Arsenal logo and red Nike swoosh.,White,0,17.3,1289.jpg,https://drive.google.com/file/d/1nVX7z4uE5U3BEiIOyNdQ9C_o70LqBNB4/view?usp=drivesdk
1290,Casual Trousers,Clothing,S,Light grey casual trousers with a straight fit and front pockets.,Grey,35,26.5,1290.jpg,https://drive.google.com/file/d/1lytA2AL-btZ4lK5siqnGTX5X8kEEzRYP/view?usp=drivesdk
1291,Black Pants,Clothing,XL,A pair of black straight-leg pants with a button and zipper closure.,Black,40,36.83,1291.jpg,https://drive.google.com/file/d/1O0z5dT5Fqc0fmR1ltVCLUiRf2q0ab5Rn/view?usp=drivesdk
1292,casual pants,Clothing,S,A pair of straight-fit casual pants with a button and zip closure.,Olive,44,49.04,1292.jpg,https://drive.google.com/file/d/1d3y_lD89i8xMCqmEhoihjaJWIvex_Mfc/view?usp=drivesdk
1293,casual pants,Clothing,XL,A pair of light grey casual pants with a straight fit and button closure.,Grey,23,21.18,1293.jpg,https://drive.google.com/file/d/1nU4OCXNB3PkQ_X3v25FimdBPy_3Z2pLt/view?usp=drivesdk
1294,Nike Track Jacket,Clothing,S,A red Nike track jacket with white stripes on the sleeves and a front zipper.,Red,50,35.01,1294.jpg,https://drive.google.com/file/d/1kcRhcW5Z8aWx6563h42YYOzEGf-hbEwJ/view?usp=drivesdk
1295,Nike Sports Shorts,Clothing,M,Navy blue athletic shorts with a neon green stripe on the sides and a white Nike logo on the front.,Blue,0,12.32,1295.jpg,https://drive.google.com/file/d/1HaEHPf6WxBhXIjFqpXmklmDtmjx3sOgT/view?usp=drivesdk
1296,Athletic Shorts,Clothing,XL,Blue athletic shorts with yellow and white side stripes and an elastic waistband.,Blue,0,24.01,1296.jpg,https://drive.google.com/file/d/1C_ureb6fxh57_Bs1hMuSlJCTnzvpb1Ru/view?usp=drivesdk
1297,Athletic Skirt,Clothing,L,A black athletic skirt with a wide waistband and a small logo on the bottom corner.,Black,42,16.58,1297.jpg,https://drive.google.com/file/d/1-2HYGdv8vLfMWqVRFPb3q_BHMc-IiVqr/view?usp=drivesdk
1298,Nike Shorts,Clothing,M,A pair of dark gray Nike athletic shorts with an elastic waistband and a small white Nike logo on the bottom right.,Gray,2,36.07,1298.jpg,https://drive.google.com/file/d/1_WCDzb-luCa0NJl7_3GkcoZ07rP50sD_/view?usp=drivesdk
1299,White Track Pants,Clothing,XL,A pair of white athletic track pants with an elastic waistband and a small logo on the side.,White,3,42.44,1299.jpg,https://drive.google.com/file/d/1hYgNS5OoV04K7xg7lVWu7_SZpT-Z622k/view?usp=drivesdk
1300,Skirted Leggings,Clothing,M,Black skirted leggings with a fitted design and a small Nike logo on the skirt.,Black,41,47.21,1300.jpg,https://drive.google.com/file/d/1OfHJSrf-Vc--43z6fyXgj4r_gsEqHbzl/view?usp=drivesdk
1301,Checkered Shirt,Clothing,L,"A long-sleeve, button-up checkered shirt with a collar and chest pocket.",Blue,11,37.48,1301.jpg,https://drive.google.com/file/d/10By9IMD9Gi8nuQ9LM0XTO3a9Ypb_h9Dk/view?usp=drivesdk
1302,Beaded Hoop Earrings,Clothing,L,Gold hoop earrings adorned with dark metallic beads.,Gold,12,39.18,1302.jpg,https://drive.google.com/file/d/1ct-9YeQQyJLLNmBEN3rTxvTvIS-wGyY-/view?usp=drivesdk
1303,Square Stud Earrings,Clothing,XL,Square stud earrings with a black center and silver frame.,Black,27,22.23,1303.jpg,https://drive.google.com/file/d/1djJm0AkVGqm6m2W-175Z6CrEnBGc6nrs/view?usp=drivesdk
1304,Teardrop Earrings,Clothing,M,Silver hook earrings featuring a dark green teardrop stone and three small clear crystals.,Green,35,22.73,1304.jpg,https://drive.google.com/file/d/1zNjOImMnSjSjUzM_2Nv5fUrMq_yhQ-DV/view?usp=drivesdk
1305,Gemstone Earrings,Clothing,M,"Pair of drop earrings featuring dark green, red, and clear gemstones in a silver setting.",Green,24,44.29,1305.jpg,https://drive.google.com/file/d/1P7aHHCWtYbaLu-q-jpoPcu_tLJWKUPm4/view?usp=drivesdk
1306,Light Blue Blazer,Clothing,XL,A light blue formal blazer with two buttons and flap pockets.,Light Blue,27,14.84,1306.jpg,https://drive.google.com/file/d/1DY1CL4RXOFExdjo4twLH-tkAuY2jRGYO/view?usp=drivesdk
1307,Plaid Blazer,Clothing,S,"A men's blazer featuring a plaid pattern in neutral tones, worn over a white shirt.",Beige,32,40.66,1307.jpg,https://drive.google.com/file/d/1ZaSpXbED9Cfs3X6ppT8Ht8slvpvswhac/view?usp=drivesdk
1308,Men's Suit,Clothing,M,A formal men's suit jacket in a dark color paired with matching trousers.,Black,19,19.82,1308.jpg,https://drive.google.com/file/d/1ZGzPWMu4LdtudG-xhnDrESNEelx70H6m/view?usp=drivesdk
1309,Men's Blazer,Clothing,S,A black men's blazer with a classic two-button design and notch lapels.,Black,38,38.64,1309.jpg,https://drive.google.com/file/d/1JiRYkjkAMwzOGQDELXqw2uLwYMt0RL3E/view?usp=drivesdk
1310,Men's Blazer,Clothing,M,A light grey men's blazer with a classic notch lapel and two-button closure.,Grey,18,18.74,1310.jpg,https://drive.google.com/file/d/1ysVC3k9ocj_SfC9cUMSC16gIKKBDH4Fk/view?usp=drivesdk
1311,Leather Strap Watch,Clothing,M,A wristwatch with a black leather strap and a round black dial featuring dual time display.,Black,7,35.13,1311.jpg,https://drive.google.com/file/d/1vpmcruVVl3WpeWf9K2xUINyqNeHcj03z/view?usp=drivesdk
1312,Metallic Wristwatch,Clothing,S,A metallic wristwatch with a silver and rose gold strap and a white dial.,Silver,22,45.89,1312.jpg,https://drive.google.com/file/d/1RUfM1GaXgiilqbT0LE1q6qpwcOK-uC81/view?usp=drivesdk
1313,Leather Strap Watch,Clothing,XL,"A wristwatch with a white dial, Roman numeral markers, and a dark brown leather strap.",Brown,14,14.73,1313.jpg,https://drive.google.com/file/d/1PEIqom2vSV7wuZ4scnxivId7HsBt1A0q/view?usp=drivesdk
1314,Round Dial Watch,Clothing,XL,A stylish wristwatch featuring a round black dial with a grey strap.,Grey,36,33.88,1314.jpg,https://drive.google.com/file/d/1upXZsTOQefhDqCSB6APSue23iagG7rBl/view?usp=drivesdk
1315,Blue Clutch,Clothing,M,A blue fabric clutch with a textured pattern and braided detail on the front.,Blue,13,29.42,1315.jpg,https://drive.google.com/file/d/1dwUvAiwM4N7Mh6ebLwz59dj8GwwBnsLc/view?usp=drivesdk
1316,Drawstring Pouch,Clothing,M,A small drawstring pouch with blue and teal fabric and decorative stitching.,Blue,13,36.84,1316.jpg,https://drive.google.com/file/d/1l5vzFk5vFp3y-5chu9nqkIipFodSXid_/view?usp=drivesdk
1317,Men's Flip Flop,Clothing,M,A comfortable men's flip flop sandal with a textured footbed and a fabric strap.,Black,38,31.66,1317.jpg,https://drive.google.com/file/d/1Qt6S3xSCCfV4BYUJDbbrBHBT6nplyBsO/view?usp=drivesdk
1318,Blue Midi Skirt,Clothing,S,"A blue midi skirt with a subtle checkered pattern, paired with a brown belt.",Blue,41,43.24,1318.jpg,https://drive.google.com/file/d/1jG7oy3ta1f6uebzgXBHnZfPmlafDjfxX/view?usp=drivesdk
1319,Purple Pencil Skirt,Clothing,M,A purple pencil skirt with a subtle crisscross pattern and a brown belt.,Purple,15,10.17,1319.jpg,https://drive.google.com/file/d/1HaFXrpLjOjCy4ejSY4ogBqtvAN8bgEBe/view?usp=drivesdk
1320,Midi Skirt,Clothing,L,A high-waisted midi skirt with a subtle crisscross pattern.,Red,24,24,1320.jpg,https://drive.google.com/file/d/1XtvFppp4ZyxrZGPi-n8lv6GEIngwUDZs/view?usp=drivesdk
1321,Sequin Ballet Flat,Clothing,L,A black ballet flat shoe adorned with sequins and a metallic logo detail on the toe.,Black,28,36.79,1321.jpg,https://drive.google.com/file/d/1VI6WbRoq7GVT9qCEujACCiDGVgGWecdL/view?usp=drivesdk
1322,Black Strap Watch,Clothing,S,A wristwatch with a black textured strap and a white dial featuring black numerals.,Black,41,32.26,1322.jpg,https://drive.google.com/file/d/18IWHE1TjLCeAkuhMnjsYK_FAK1DrAtv7/view?usp=drivesdk
1323,Metal Wristwatch,Clothing,L,A silver metal wristwatch with a white dial and rose gold numerals.,Silver,38,34.3,1323.jpg,https://drive.google.com/file/d/1e9NpIVtYg3C29qd-3ZjFXLHHurONi99Q/view?usp=drivesdk
1324,Leather Strap Watch,Clothing,S,A wristwatch with a black leather strap and a silver bezel featuring a black dial.,Black,44,20.95,1324.jpg,https://drive.google.com/file/d/1Lo0ezYP3FjnHpesV572FAAnYVwzoTPr6/view?usp=drivesdk
1325,Black Wristwatch,Clothing,S,A black wristwatch with a round dial and white hour markers.,Black,16,28.89,1325.jpg,https://drive.google.com/file/d/1Dzs5p4bwMnbWEyYetE9es1Of72djqLEo/view?usp=drivesdk
1326,Blue Wristwatch,Clothing,L,A blue wristwatch with a round dial and silicone strap.,Blue,42,19.36,1326.jpg,https://drive.google.com/file/d/1tWTc6T_bzJVmXGdED--DH32QCcPQcEDI/view?usp=drivesdk
1327,Purple Wristwatch,Clothing,L,A purple wristwatch with a white dial and purple numerals and markers.,Purple,24,45.76,1327.jpg,https://drive.google.com/file/d/1aIYwitJzBTxL_QwSCAI-JgdbCDXDGOrl/view?usp=drivesdk
1328,Beige Cardigan,Clothing,S,"A beige, lightweight cardigan with three-quarter sleeves and a single hook closure at the neckline.",Beige,18,23.47,1328.jpg,https://drive.google.com/file/d/1kbRtTU_UHrb_brR5H7v8wmlWbBDJ60wI/view?usp=drivesdk
1329,White Sneakers,Clothing,L,A pair of white low-top sneakers with lace-up closure and subtle branding.,White,10,40.51,1329.jpg,https://drive.google.com/file/d/1m7UXhpM_s0hGNvWZk2fUS2RCzucYTVB1/view?usp=drivesdk
1330,Button-up Shirt,Clothing,XL,A light blue long-sleeve button-up shirt with a classic collar.,Blue,3,38.35,1330.jpg,https://drive.google.com/file/d/132lCMgEYfZ_vnQt4GFiq3RKi-VKv7Hyc/view?usp=drivesdk
1331,Slim Fit Pants,Clothing,L,A pair of black slim fit pants designed for a sleek and tailored look.,Black,23,43.58,1331.jpg,https://drive.google.com/file/d/1Ez5a6WklNfoG4zG6Dp56uTp2y0ttvXYg/view?usp=drivesdk
1332,Formal Pants,Clothing,S,A pair of black formal pants with a slim fit design.,Black,45,37.2,1332.jpg,https://drive.google.com/file/d/1pwvuUvqbQ2lMW11JdbmanWFAQ00nH4nZ/view?usp=drivesdk
1333,Blue Leggings,Clothing,L,A pair of fitted blue leggings with an elastic waistband and a small logo on the upper thigh.,Blue,33,30.78,1333.jpg,https://drive.google.com/file/d/15EfBHTsC9JIAMfYgo_pTOJo9-sb4BX5U/view?usp=drivesdk
1334,Athletic Shorts,Clothing,L,Gray athletic shorts with an elastic waistband and blue side stripes.,Gray,1,49.12,1334.jpg,https://drive.google.com/file/d/1Mvt1Z5GW9pnTTVQpUUP3AIlcaxtzPh0v/view?usp=drivesdk
1335,Graphic T-shirt,Clothing,S,A light blue short-sleeve t-shirt with a colorful graphic print on the front.,Blue,7,21.22,1335.jpg,https://drive.google.com/file/d/1qr692Qlm6-fb2rXrykjqL1Vf9AB_AJSX/view?usp=drivesdk
1336,Men's Shorts,Clothing,L,A pair of men's casual shorts with an elastic waistband.,Navy Blue,24,44.53,1336.jpg,https://drive.google.com/file/d/1Q0ZIY3g5sWnXgUpKbJ1WRB1tJOJVO2Lu/view?usp=drivesdk
1337,Men's Shorts,Clothing,L,A pair of black casual men's shorts with an elastic waistband.,Black,49,19.35,1337.jpg,https://drive.google.com/file/d/12CBEi2RGwYBjfv2ke-tFoghrQJl8TrD_/view?usp=drivesdk
1338,Black Capris,Clothing,L,Men's black capri pants with an elastic waistband and a small logo on the thigh.,Black,7,20.38,1338.jpg,https://drive.google.com/file/d/16vLyx9SoL-QL2WWsXYo4sr0lgMsbe4I2/view?usp=drivesdk
1339,Three-Quarter Pants,Clothing,M,Navy blue three-quarter length athletic pants with white side stripes and an elastic waistband.,Blue,34,14.44,1339.jpg,https://drive.google.com/file/d/1_OF4A2XdAIUHff80vftbj3YUgt-ETNdS/view?usp=drivesdk
1340,Graphic T-shirt,Clothing,M,Black short-sleeve T-shirt with a white abstract graphic print on the front.,Black,17,13.32,1340.jpg,https://drive.google.com/file/d/1V9Ate449MQ-64EvUWn-usDaKPg7wre0h/view?usp=drivesdk
1341,Track Pants,Clothing,S,Black athletic track pants with an elastic waistband and a small logo on the side.,Black,29,30.44,1341.jpg,https://drive.google.com/file/d/1RhA39n1B4OM7f_V0Ox3pZ-jTDkatXUHB/view?usp=drivesdk
1342,Checkered Shorts,Clothing,S,Red and white checkered shorts with buttoned pockets and a printed detail on the left leg.,Red,44,43.98,1342.jpg,https://drive.google.com/file/d/1RDMibSVgOkeL5yq5O6ZOKLc7xxULMz80/view?usp=drivesdk
1343,High Top Sneaker,Clothing,S,A blue high-top sneaker with white laces and abstract white graphic designs.,Blue,41,46.96,1343.jpg,https://drive.google.com/file/d/1fxgGMb7hfYlafFyxHraeRpkSUfuB-E87/view?usp=drivesdk
1344,Black Skinny Jeans,Clothing,XL,A pair of fitted black skinny jeans with a classic five-pocket design.,Black,10,24.72,1344.jpg,https://drive.google.com/file/d/1iY1RGOhMfaZ1T33MtLdpv3UaWGcS0F1y/view?usp=drivesdk
1345,Slim Pants,Clothing,L,Slim fit pants with a mid-rise waist and a yellow belt.,Olive,46,17.5,1345.jpg,https://drive.google.com/file/d/1miS5r7vcXglh-lqPb4ZgOJ3eQM-gCe7_/view?usp=drivesdk
1346,Tie-Dye Dress,Clothing,L,"A short-sleeve, V-neck dress with a tie-dye pattern and a cinched waist.",Gray,42,23.14,1346.jpg,https://drive.google.com/file/d/10Ts8WKj5bD_69kP2E2Ny18Et8CQoGVIz/view?usp=drivesdk
1347,Loose Pants,Clothing,XL,A pair of loose-fitting pants with gathered cuffs at the ankles.,Brown,11,46.55,1347.jpg,https://drive.google.com/file/d/1zMZGq2FVcgvupIBZocbuKtlZRJ0Usfyf/view?usp=drivesdk
1348,Capri Pants,Clothing,L,"Black capri pants with an elastic waistband and drawstring, featuring gathered hems at the calves.",Black,27,12.18,1348.jpg,https://drive.google.com/file/d/1ZuL9XkVX7bW5dZlxCWQ-qTcUbMrxKzR3/view?usp=drivesdk
1349,Drawstring Shorts,Clothing,M,Casual brown drawstring shorts with pockets.,Brown,26,25.64,1349.jpg,https://drive.google.com/file/d/17Scfa86bzlobBSkGxfCejsjpwW833lcz/view?usp=drivesdk
1350,Plaid Mini Skirt,Clothing,XL,A high-waisted plaid mini skirt with front pockets and a tie belt detail.,Brown,41,29.23,1350.jpg,https://drive.google.com/file/d/1Bvh6eOjNuCELGVghW_ooO7epKH43TAip/view?usp=drivesdk
1351,Leather Belt,Clothing,M,A black leather belt with a silver rectangular buckle and a textured pattern.,Black,0,32.26,1351.jpg,https://drive.google.com/file/d/164N_52OLZhx6Mw6izJRVFQ7wv-B9ytzr/view?usp=drivesdk
1352,Nike Track Jacket,Clothing,L,A black zip-up track jacket with blue accents and the Nike logo on the chest.,Black,19,38.59,1352.jpg,https://drive.google.com/file/d/1Pq9_K9w75kaJBH9_N9t9KSbQVirMmkzE/view?usp=drivesdk
1353,Nike Track Pants,Clothing,XL,Black Nike track pants with an elastic waistband and a small white swoosh logo on the left thigh.,Black,13,11.07,1353.jpg,https://drive.google.com/file/d/1iDk8w5yL6gNKANeaaEkm-5HMt0pxiZYG/view?usp=drivesdk
1354,Running Shorts,Clothing,S,Lightweight athletic shorts with an elastic waistband and side stripes.,Blue,8,38.19,1354.jpg,https://drive.google.com/file/d/14iiO75J7qSb52oifd3bc-IJHscK0xEXI/view?usp=drivesdk
1355,Yoga Pants,Clothing,M,Gray yoga pants with a wide coral waistband and a small black Nike logo.,Gray,37,32.68,1355.jpg,https://drive.google.com/file/d/1QP8n62eaeife4OhlX1H5cNYHxpLP7AKw/view?usp=drivesdk
1356,Nike Track Pants,Clothing,M,Black Nike track pants with an elastic waistband and a small white logo on the left thigh.,Black,5,17.56,1356.jpg,https://drive.google.com/file/d/1EN8VUXSpSK0YVgkE83cEuDGxuwSJMfxJ/view?usp=drivesdk
1357,Athletic Shorts,Clothing,XL,Black athletic shorts with an elastic waistband and a small yellow Nike logo near the hem.,Black,1,44.18,1357.jpg,https://drive.google.com/file/d/1WHRQz6PIf35lZ15FCpik7B3ha2AtT4dB/view?usp=drivesdk
1358,Green Lantern T-shirt,Clothing,S,Black short-sleeve T-shirt featuring a large graphic print of the Green Lantern's face.,Black,1,41.95,1358.jpg,https://drive.google.com/file/d/1Uh6PWrAbvMXGKx8AKxusuxo1FVWIPPxt/view?usp=drivesdk
1359,Pink Floyd T-shirt,Clothing,M,Black short-sleeve T-shirt featuring a colorful Pink Floyd graphic with the text 'The Dark Side of the Moon'.,Black,28,37.62,1359.jpg,https://drive.google.com/file/d/1s9GBX85z1rW05MmwiGetMsj9R_cbcttK/view?usp=drivesdk
1360,Beaded Sandal,Clothing,M,A coral-colored flat sandal with braided straps and a decorative gem on the top.,Coral,41,30.86,1360.jpg,https://drive.google.com/file/d/1M-mWxD1IqGYI067TVlk3R1shsNaLr3O4/view?usp=drivesdk
1361,Floral Ankle Sandal,Clothing,L,"A sandal with a floral fabric ankle cuff, black straps, and a brown sole.",Brown,42,36.31,1361.jpg,https://drive.google.com/file/d/1m6r7XBWfj5D2HSVMGjRcEHodYsFb9nAM/view?usp=drivesdk
1362,Strappy High Heel,Clothing,M,A shiny metallic silver strappy high heel sandal with an open toe and back zipper.,Silver,18,23.17,1362.jpg,https://drive.google.com/file/d/1tPGEaCyWdg1joN0o5TNnNrYal1qXjgFH/view?usp=drivesdk
1363,Denim Shorts,Clothing,M,A pair of dark blue denim shorts with front pockets and a button closure.,Blue,23,36.39,1363.jpg,https://drive.google.com/file/d/16HOWbEcdls5WzZSLW-7XGBwAd8jhPUy0/view?usp=drivesdk
1364,Ruched Leggings,Clothing,L,Black ruched leggings with an elastic waistband and gathered detailing at the lower legs.,Black,18,33.95,1364.jpg,https://drive.google.com/file/d/1H0msfYrESZD455IL85vh5kfEu1Iu4V6n/view?usp=drivesdk
1365,Printed Dress,Clothing,S,Sleeveless printed dress with a draped neckline and a grey waist tie.,Red,5,38.18,1365.jpg,https://drive.google.com/file/d/1ug4ZbhFp7V0GVT_Vh2yzW3tVtaiAhL9b/view?usp=drivesdk
1366,Reebok Sports Tee,Clothing,XL,A purple short-sleeve sports t-shirt with beige shoulder accents and Reebok branding.,Purple,9,26.14,1366.jpg,https://drive.google.com/file/d/10vxBC3uWqu4964Zr3SdHTKdV9xyx-BLs/view?usp=drivesdk
1367,Short Sleeve Shirt,Clothing,L,Light blue short sleeve button-up shirt with a subtle checkered pattern.,Blue,33,21.38,1367.jpg,https://drive.google.com/file/d/1Le_ngGyoAKwgdHWn05ge6nZrXAZNVU84/view?usp=drivesdk
1368,Striped Shirt,Clothing,M,A long-sleeve button-up shirt with vertical white stripes on a black background.,Black,2,39.22,1368.jpg,https://drive.google.com/file/d/1S3Uc8Y0FoHXtJCimwJbh4YVO5NzVacRl/view?usp=drivesdk
1369,Lavender Shirt,Clothing,M,A long-sleeve button-up shirt with a chest pocket in a lavender color.,Lavender,23,10.96,1369.jpg,https://drive.google.com/file/d/1mPmOSP_K_9X4yDJVLqGgOTcvjI7eO5f3/view?usp=drivesdk
1370,Striped Shirt,Clothing,S,A long-sleeve button-up shirt with vertical black and blue stripes on a white background.,White,46,26.17,1370.jpg,https://drive.google.com/file/d/16KVFB-1dj2wDFEdehHS7xQOcWcDASDLG/view?usp=drivesdk
1371,Beige Shorts,Clothing,XL,A pair of beige casual shorts with front pockets and a button closure.,Beige,50,45.66,1371.jpg,https://drive.google.com/file/d/1nERk8nK6LCTNFFbrKMDq7y1Abt16jBE6/view?usp=drivesdk
1372,Denim Shorts,Clothing,S,A pair of blue denim shorts with rolled hems and front pockets.,Blue,2,25.23,1372.jpg,https://drive.google.com/file/d/1RaNAZD6scqPDw4Xs_u8-cCmBd0RBLEsD/view?usp=drivesdk
1373,Tulle Petticoat,Clothing,L,A white layered tulle petticoat skirt with an elastic waistband.,White,45,43.46,1373.jpg,https://drive.google.com/file/d/1wauJ4f4W4KiHYdz5VpLpR1V9iwP-PeG7/view?usp=drivesdk
1374,Tulle Skirt,Clothing,XL,A bright red layered tulle skirt with an elastic waistband.,Red,27,38.92,1374.jpg,https://drive.google.com/file/d/1jVnOiTYW72Nus0Dk-n6mjvI9-cnjC5Mf/view?usp=drivesdk
1375,Baby Leggings,Clothing,S,Soft green baby leggings with an elastic waistband and a small decorative detail near the hem.,Green,50,36.43,1375.jpg,https://drive.google.com/file/d/1Mh4fLzvBnKAsXi_W-w4jxMwQzOa0cqfN/view?usp=drivesdk
1376,Black Leggings,Clothing,XL,A pair of black leggings with an elastic waistband and a small decorative detail near the ankle.,Black,35,33.07,1376.jpg,https://drive.google.com/file/d/1mxKfo45cS1b0RbyJuHDHa01ogqVYDvBn/view?usp=drivesdk
1377,Denim Jeans,Clothing,M,A pair of blue denim jeans with a slightly faded wash and classic five-pocket design.,Blue,33,12.29,1377.jpg,https://drive.google.com/file/d/1IMLxWJRzEQbaA_8D0QGAtGsVJXgnaQTs/view?usp=drivesdk
1378,Kids Denim Jeans,Clothing,S,A pair of blue denim jeans for kids with yellow stitching and front pockets.,Blue,43,14.97,1378.jpg,https://drive.google.com/file/d/1ZtrOqz8hfragkmXNDkJYJHXwXoi9Th0v/view?usp=drivesdk
1379,Leather Loafers,Clothing,L,Black leather slip-on loafers with stitched detailing and a low heel.,Black,20,36.4,1379.jpg,https://drive.google.com/file/d/1R8vK9zsh0BqQd3eTJxbIay4iRewvaFuy/view?usp=drivesdk
1380,Leather Loafers,Clothing,L,Black leather loafers with a low heel and decorative perforations on the upper.,Black,25,26.12,1380.jpg,https://drive.google.com/file/d/1HtrqR90cGqBaCC5nowvscBXIVAP-YWgq/view?usp=drivesdk
1381,Patent Oxford,Clothing,S,A sleek black patent leather Oxford shoe with a pointed toe and lace-up design.,Black,2,42.48,1381.jpg,https://drive.google.com/file/d/1s315i82_HjY3KZet_3J61g_E4RGnxDWT/view?usp=drivesdk
1382,Perforated Loafer,Clothing,L,A black leather loafer with perforated detailing and a low heel.,Black,43,12.94,1382.jpg,https://drive.google.com/file/d/1dcpVOc_8mfbD2kx4BKMbUpOTWQqa1uF4/view?usp=drivesdk
1383,Leather Handbag,Clothing,M,A small rectangular leather handbag with a front pocket and dual handles.,Brown,19,37.48,1383.jpg,https://drive.google.com/file/d/147y8KAsusduxIvhD0RlLjhbmUShdKAHL/view?usp=drivesdk
1384,Leather Tote,Clothing,S,A dark brown leather tote bag with dual handles and a ruched design on the sides.,Brown,12,25.33,1384.jpg,https://drive.google.com/file/d/13RvJHN0b9_ZQOERU-7yV1_ydUe9xIy8H/view?usp=drivesdk
1385,Floral Shoulder Bag,Clothing,XL,A brown shoulder bag with a crescent shape and decorative floral embellishments.,Brown,40,18.17,1385.jpg,https://drive.google.com/file/d/1PEV30mR0q_KxmHsJgXPPAdwWJierCv-1/view?usp=drivesdk
1386,Printed Wallet,Clothing,S,A rectangular wallet with a flap closure featuring a red and maroon abstract print.,Red,44,12.44,1386.jpg,https://drive.google.com/file/d/1v2lEb3eJ9lCHAzS7TqnWK7hUfpMni9B9/view?usp=drivesdk
1387,Leather Sling Bag,Clothing,L,A dark green leather sling bag with a detachable strap and a simple design.,Green,33,34,1387.jpg,https://drive.google.com/file/d/1MTmvxWJ6YJ3Umiicw0491CbFpc2qPLv0/view?usp=drivesdk
1388,Leather Belt,Clothing,L,A black leather belt with a silver buckle and blue stitching detail.,Black,35,44.75,1388.jpg,https://drive.google.com/file/d/1wF6eMwNR0ujZLwQ79TRxz4s9fTj5gbBE/view?usp=drivesdk
1389,woven leather belt,Clothing,L,A brown woven leather belt with a round brass buckle.,Brown,40,40.09,1389.jpg,https://drive.google.com/file/d/11ztv1Wkz3WOai2I2bBBEtRl0dwZSTTIC/view?usp=drivesdk
1390,Checkered Shirt,Clothing,XL,A short-sleeved checkered shirt with front pockets and button closure.,Black,32,40.15,1390.jpg,https://drive.google.com/file/d/15w_-C_44D7M3pv__6CQM8nVdN1Akyuvg/view?usp=drivesdk
1391,Striped Cargo Shorts,Clothing,XL,Blue and white striped cargo shorts with side pockets and a black belt.,Blue,7,18.62,1391.jpg,https://drive.google.com/file/d/11Q5KdbH0xD1pWIJI55aqowqD0SeT2eSx/view?usp=drivesdk
1392,Cargo Shorts,Clothing,S,Beige cargo shorts with multiple pockets and button closures.,Beige,26,46.14,1392.jpg,https://drive.google.com/file/d/1v-5Q6k-QRiuujvPrQs77H-RFPh_pTzuh/view?usp=drivesdk
1393,Denim Skirt,Clothing,M,A blue denim skirt with embroidered details and a white lace ruffle hem.,Blue,3,44.94,1393.jpg,https://drive.google.com/file/d/1-Ht__062FxD7i0yZ7c9rpeFn6ZyYGBCG/view?usp=drivesdk
1394,Plaid Shorts,Clothing,XL,Colorful plaid patterned shorts with front pockets and a button closure.,Pink,17,37.93,1394.jpg,https://drive.google.com/file/d/11Cbw5t8xS4vyyESj6Mir8pLWXsWwIpDv/view?usp=drivesdk
1395,Checked Shirt,Clothing,S,A green and white checked long-sleeve shirt with a button-down front and rolled-up sleeves.,Green,22,26.9,1395.jpg,https://drive.google.com/file/d/1zJP4__cHb3hjJ8adfDl0jeMIuOS4FUH-/view?usp=drivesdk
1396,Striped T-shirt,Clothing,S,A short-sleeve V-neck T-shirt with yellow and white chevron stripes.,Yellow,20,31.02,1396.jpg,https://drive.google.com/file/d/1urZsWLAjkwZ3wFOZE3kNWXevkDOKEO6g/view?usp=drivesdk
1397,Graphic T-shirt,Clothing,L,A light pink short-sleeve T-shirt featuring a large vintage-style graphic print on the front.,Pink,21,48.6,1397.jpg,https://drive.google.com/file/d/1vVVqGLirT0_32fRk79OBZGOLrcWv8ynB/view?usp=drivesdk
1398,Earphone T-shirt,Clothing,M,Black short-sleeve T-shirt with a white earphone graphic printed on the front.,Black,8,26.95,1398.jpg,https://drive.google.com/file/d/1WVkFngJZS-hOq-4pZKDaB3GpcK8yAlOu/view?usp=drivesdk
1399,Graphic T-shirt,Clothing,M,Black short-sleeve T-shirt with a white graphic design resembling a brain made of electronic devices.,Black,37,35.68,1399.jpg,https://drive.google.com/file/d/1lQ19t_6-IG8rQMKR4Bj2uASYlQio_Gfo/view?usp=drivesdk
1400,Printed Wallet,Clothing,M,A blue wallet featuring a pattern of scattered black letters and a zip closure.,Blue,48,15.12,1400.jpg,https://drive.google.com/file/d/1k7G3YvSO0rgc4M9rwKptdG7L5mCqzdRx/view?usp=drivesdk
1401,Black Monk Strap,Clothing,L,A sleek black monk strap shoe with a silver buckle and pointed toe design.,Black,6,14.03,1401.jpg,https://drive.google.com/file/d/1jVO_dwHIICwBU8NqYI9WE-Q1OIoGrAdJ/view?usp=drivesdk
1402,Leather Dress Shoe,Clothing,XL,A sleek black leather dress shoe with a side buckle detail and low heel.,Black,12,34.88,1402.jpg,https://drive.google.com/file/d/1vAY3DL1vNK25U-N-gJBp4BazblkIilIK/view?usp=drivesdk
1403,Leather Monk Strap,Clothing,M,A sleek dark brown leather monk strap shoe with a buckle detail.,Brown,31,23.03,1403.jpg,https://drive.google.com/file/d/1I021xW22dqiRljzO8-TwNpHB2IMsGjBq/view?usp=drivesdk
1404,Leather Ankle Boot,Clothing,XL,A sleek black leather ankle boot with a side zipper and low heel.,Black,9,48.89,1404.jpg,https://drive.google.com/file/d/1XUAYyHWGLrt4OK7dEG7oO0-x3mlIyMLE/view?usp=drivesdk
1405,Black Loafer,Clothing,M,A sleek black loafer shoe with a decorative buckle detail on the side.,Black,0,30.97,1405.jpg,https://drive.google.com/file/d/1z0eFTg0QTvZ8QIoqmBcTumdmb-7mfzyI/view?usp=drivesdk
1406,Crocodile Pattern Loafer,Clothing,M,A sleek black loafer with a crocodile skin pattern and a pointed toe design.,Black,38,34.66,1406.jpg,https://drive.google.com/file/d/1yOvWzPet0y7cE8gVPC2ckD4BzI0jLPcg/view?usp=drivesdk
1407,Leather Loafer,Clothing,L,A black leather loafer shoe with a textured finish and a comfortable sole.,Black,13,37.56,1407.jpg,https://drive.google.com/file/d/1HS6TMR7EpHIT20aBSOAm14rILEtK9vqt/view?usp=drivesdk
1408,Slim Fit Pants,Clothing,L,A pair of slim fit pants in a bright turquoise color.,Turquoise,1,31.29,1408.jpg,https://drive.google.com/file/d/1ojlD258atas8WvCcrca5zA7awOsjwxi3/view?usp=drivesdk
1409,quilted handbag,Clothing,S,A black quilted handbag with a top handle and an adjustable shoulder strap.,Black,49,23.25,1409.jpg,https://drive.google.com/file/d/1TD9EpD714ZY60VnczlbBSClj20Hdc49w/view?usp=drivesdk
1410,Quilted Clutch,Clothing,XL,A black quilted clutch bag with a zipper closure and braided detailing.,Black,39,25.87,1410.jpg,https://drive.google.com/file/d/1K7E-VMBVXLvIKL4zxlDTm4r_UHc028ia/view?usp=drivesdk
1411,Black Sneakers,Clothing,M,A sleek black sneaker with white accents and a modern design.,Black,31,23.17,1411.jpg,https://drive.google.com/file/d/1_fbjp2KS9-NLBwoYX6PGnvpHO4KnZ_p5/view?usp=drivesdk
1412,Striped Shoulder Bag,Clothing,XL,A teal shoulder bag with vertical yellow stripes and silver hardware.,Teal,32,13.31,1412.jpg,https://drive.google.com/file/d/1MQkvM6R2uVPbzXpbdUROBTEhK5FpJxLE/view?usp=drivesdk
1413,Leather Strap,Clothing,S,Black leather strap with a textured pattern.,Black,43,41.51,1413.jpg,https://drive.google.com/file/d/1Um329uwreif4JFVTXeKE1aGtrS1IqNhl/view?usp=drivesdk
1414,Beige Handbag,Clothing,XL,A beige handbag with vertical stitching and double handles.,Beige,6,10.01,1414.jpg,https://drive.google.com/file/d/1ov9Ejpfi_l6ogYry_DimlZPImRsuMNIE/view?usp=drivesdk
1415,Metal Wristwatch,Clothing,L,A silver metal wristwatch with a black dial and gold-tone accents.,Silver,40,14.04,1415.jpg,https://drive.google.com/file/d/1Rp2yxQFrjOlX7eUxDojfxovKDWs-skL9/view?usp=drivesdk
1416,Metallic Wristwatch,Clothing,XL,A sleek metallic wristwatch with a round face and linked band.,Silver,23,22.16,1416.jpg,https://drive.google.com/file/d/1lFhv5cdmIj2HelRk83vjOQDHgj6CA7Ce/view?usp=drivesdk
1417,Light Blue Leggings,Clothing,M,A pair of fitted light blue leggings made from a stretchy fabric.,Blue,42,37.15,1417.jpg,https://drive.google.com/file/d/1uca-p4Lfq4knkRUmWf46W73z2GSVWUI2/view?usp=drivesdk
1418,Pink Leggings,Clothing,S,A pair of bright pink fitted leggings worn with black heels.,Pink,45,14.44,1418.jpg,https://drive.google.com/file/d/1WQWRstkmjodNE0DOsuPnH6M9wn10Op4d/view?usp=drivesdk
1419,Plaid Shirt,Clothing,S,Short-sleeve plaid shirt with button-down front and chest pockets.,Red,23,15.49,1419.jpg,https://drive.google.com/file/d/1kSpBAFl3qJbM5LiuCTqhuCL-T60pVlUH/view?usp=drivesdk
1420,Floral Dress,Clothing,L,"A sleeveless dress with pink and yellow floral patterns, featuring a yellow waistband and bow detail.",White,37,47.26,1420.jpg,https://drive.google.com/file/d/1MLMpBaxYLQpafcmu3HEA5lICWKHZUNkA/view?usp=drivesdk
1421,Tiered Party Dress,Clothing,M,"A black tiered dress with a satin bodice, ruffled straps, and a rhinestone waistband.",Black,17,17.46,1421.jpg,https://drive.google.com/file/d/1pgUrsBCkYcMnWoYtOME8_P9gARm6_vDE/view?usp=drivesdk
1422,Black Loafer,Clothing,M,A sleek black leather loafer with a rounded toe and cushioned interior.,Black,24,30.44,1422.jpg,https://drive.google.com/file/d/1as04-L_aBG-sX8DPJlctrqul6adCv7xC/view?usp=drivesdk
1423,Floral Dress,Clothing,M,Sleeveless dress with a colorful floral print and a blue polka dot bow belt.,White,37,17.97,1423.jpg,https://drive.google.com/file/d/1ekwRuDJyAXJOSRGnOsJQMSyUR3rxukig/view?usp=drivesdk
1424,Polka Dot Dress,Clothing,M,"A blue sleeveless dress with white polka dots, button-down front, and ruffled hem.",Blue,0,23.74,1424.jpg,https://drive.google.com/file/d/1vrBHmr057APt4x1Nv6c9nLGJX9apNFfi/view?usp=drivesdk
1425,Denim Shorts,Clothing,XL,A pair of black denim shorts with a button closure and front pockets.,Black,30,10.16,1425.jpg,https://drive.google.com/file/d/1c0cdmhZ_tAKQkrj7w3Me_oRG-LOzOISG/view?usp=drivesdk
1426,Leather Flip Flop,Clothing,S,A brown leather flip flop sandal with a cushioned sole and stitched detailing.,Brown,39,43.22,1426.jpg,https://drive.google.com/file/d/1ks_5y41TgATyR6uzbEGfCKCreBOiMYxB/view?usp=drivesdk
1427,Leather Wallet,Clothing,L,A sleek black leather wallet with a bi-fold design.,Black,6,49.47,1427.jpg,https://drive.google.com/file/d/1INah1onYF9Gbimj3ZG3931ECJI97Mrnh/view?usp=drivesdk
1428,Denim Skirt,Clothing,S,A blue denim mini skirt with front pockets and belt loops.,Blue,26,33.54,1428.jpg,https://drive.google.com/file/d/11WMHKtMFhDJixecljR7bqpV4ccUqM8nn/view?usp=drivesdk
1429,Denim Skirt,Clothing,M,A blue denim mini skirt with front pockets and belt loops.,Blue,21,22.65,1429.jpg,https://drive.google.com/file/d/1a05F01iqGfGFb4b57MCYf5DnpH8MVZLG/view?usp=drivesdk
1430,New York T-shirt,Clothing,S,A yellow short-sleeve T-shirt with a printed New York graphic design on the front.,Yellow,13,18.47,1430.jpg,https://drive.google.com/file/d/1M5HoShAGNN0BRdbYBCmtkioXqPGVd7GU/view?usp=drivesdk
1431,Polo Shirt,Clothing,XL,"A turquoise short-sleeve polo shirt with a collar, button placket, and embroidered patches including a number and a flag.",Turquoise,15,30.62,1431.jpg,https://drive.google.com/file/d/1xwjHvWVlL_ZjlGc2LZAVweJEBi-IYNVy/view?usp=drivesdk
1432,casual pants,Clothing,XL,A pair of black casual pants with a relaxed fit and elastic waistband.,Black,36,11,1432.jpg,https://drive.google.com/file/d/1xIVZ4RX_zJxfdfMA85FDRurR0C99MbtL/view?usp=drivesdk
1433,casual sweatpants,Clothing,XL,Comfortable casual sweatpants with a relaxed fit and side pockets.,Dark Gray,6,35.66,1433.jpg,https://drive.google.com/file/d/1goWvNMm_OJERO-jNqt_oobYTa-3btMlE/view?usp=drivesdk
1434,Men's Sweatpants,Clothing,L,Comfortable men's sweatpants with an elastic waistband and a relaxed fit.,Navy Blue,38,48.35,1434.jpg,https://drive.google.com/file/d/1-1jJLhP-CMJXi7O2IO1S0w_SL1VUICC9/view?usp=drivesdk
1435,Grey Sweatpants,Clothing,M,Comfortable light grey sweatpants with a relaxed fit and elastic waistband.,Grey,15,21.69,1435.jpg,https://drive.google.com/file/d/1bFWLOpZGqjawsrbmp9xFnMmDeOaS3FR1/view?usp=drivesdk
1436,Polo Shirt,Clothing,S,"A short-sleeved, dark green polo shirt with a collar and a chest pocket.",Green,50,49.02,1436.jpg,https://drive.google.com/file/d/1SH7f3SSd8DiPLYGaWxMOUwWNx0JMeyeA/view?usp=drivesdk
1437,Black Polo,Clothing,L,A black short-sleeve polo shirt with a collar and a chest pocket.,Black,21,14.33,1437.jpg,https://drive.google.com/file/d/1eqtkODMrbueT7GylXdCkK7fTM1fGu-nE/view?usp=drivesdk
1438,White Polo,Clothing,M,A plain white short-sleeve polo shirt with a collar and a chest pocket.,White,20,33.44,1438.jpg,https://drive.google.com/file/d/1nnpWejEjguAGaFHhtfea3VC1dkdxUvAW/view?usp=drivesdk
1439,casual shorts,Clothing,M,A pair of plain black casual shorts worn by a male model.,Black,16,17.13,1439.jpg,https://drive.google.com/file/d/1kxVqkDCqEMnA7ip0XQrJ0fNmuD7ArHRj/view?usp=drivesdk
1440,casual shorts,Clothing,S,"A pair of comfortable, dark gray casual shorts with an elastic waistband.",Gray,30,28.66,1440.jpg,https://drive.google.com/file/d/1SaKFHyQeAb2qqje1A8JWlJLI7--m4vFp/view?usp=drivesdk
1441,Track Pants,Clothing,M,Black track pants with red accents and an elastic waistband with drawstring.,Black,14,16.53,1441.jpg,https://drive.google.com/file/d/102YuY4bxxNhQH_NUjJ7i0LyBxo7APz5X/view?usp=drivesdk
1442,Drawstring Pants,Clothing,S,A pair of loose-fitting pants with an elastic waistband and drawstring closure.,Navy Blue,30,43.49,1442.jpg,https://drive.google.com/file/d/1Q7_jpiRfwnLe-E7r4ojxp5dLKYUSBkQW/view?usp=drivesdk
1443,Black Tracksuit,Clothing,L,"A black full-zip tracksuit with white stripes on the sleeves and pants, featuring a small logo on the chest and thigh.",Black,33,49.19,1443.jpg,https://drive.google.com/file/d/1lY1ADGcFetWSjHQW5PpRoLrRiiw5wuHR/view?usp=drivesdk
1444,Men's Tracksuit,Clothing,M,A dark gray men's tracksuit featuring a zip-up jacket and matching pants with white side stripes.,Gray,44,22.59,1444.jpg,https://drive.google.com/file/d/1-zGhFm0lzozFuY6JiZ3c6iy3-HL61zGp/view?usp=drivesdk
1445,Grey Tracksuit,Clothing,XL,A grey full-zip tracksuit with black stripes on the sleeves and pants.,Grey,28,18.88,1445.jpg,https://drive.google.com/file/d/1x0sv09glUd8w6cWHOGT5X4CACQ5tV0qM/view?usp=drivesdk
1446,Blue Kurti,Clothing,M,A blue patterned kurti with three-quarter sleeves and a mandarin collar.,Blue,28,47.79,1446.jpg,https://drive.google.com/file/d/1F9MzDXSu5XnvppXoZR5RDpJ9IwsfDJSG/view?usp=drivesdk
1447,Surf T-shirt,Clothing,XL,A lavender short-sleeve t-shirt with a floral graphic and the word 'SURF' printed on the front.,Lavender,34,16.17,1447.jpg,https://drive.google.com/file/d/1bUl8kjG2q_Fhwz138iXvvY73JWVQ2h6i/view?usp=drivesdk
1448,Graphic T-shirt,Clothing,L,A lavender short-sleeve t-shirt featuring a graphic print of a person playing guitar with text.,Lavender,15,17.46,1448.jpg,https://drive.google.com/file/d/1CI9PCYTFXjnOmiDwycqYHTng9x3V_by7/view?usp=drivesdk
1449,Jazzy Graphic Tee,Clothing,S,Black short-sleeve t-shirt with a colorful abstract graphic and the text 'JAZZY MOVES' on the front.,Black,32,18.34,1449.jpg,https://drive.google.com/file/d/17j6fP5TYcE76dbg6QKpCR7u-O7VWqOzI/view?usp=drivesdk
1450,Graphic T-shirt,Clothing,L,A yellow short-sleeve T-shirt featuring a printed graphic and text design on the front.,Yellow,37,12.91,1450.jpg,https://drive.google.com/file/d/1bUQRzVqNe6w4eOyfAMKJNYzqZR4SdYCm/view?usp=drivesdk
1451,Graphic T-shirt,Clothing,L,A light blue short-sleeve T-shirt with a round neck and a graphic print on the front.,Blue,3,16.9,1451.jpg,https://drive.google.com/file/d/1B9pre5t7yA_uygnycfgCh-EF2ZU-rXAG/view?usp=drivesdk
1452,Padded Laptop Sleeve,Clothing,XL,A black padded laptop sleeve with a diagonal quilted design and zipper closure.,Black,19,23.25,1452.jpg,https://drive.google.com/file/d/1Rr2dWb5PVEpW4XDt_DSQuZFaMqqc4eXm/view?usp=drivesdk
1453,Adidas Backpack,Clothing,XL,A black Adidas backpack featuring white diagonal stripes and multiple zippered compartments.,Black,23,42.88,1453.jpg,https://drive.google.com/file/d/1uLWenqFWMfghtr67W3hzgdgOJ-BHM5FM/view?usp=drivesdk
1454,Pinstripe Pencil Skirt,Clothing,S,A fitted knee-length pencil skirt with subtle pinstripe pattern.,Black,4,24.89,1454.jpg,https://drive.google.com/file/d/1VRbJuqP0IMabLTBQ7b3lMDVC41u4Q41R/view?usp=drivesdk
1455,Pinstripe Pencil Skirt,Clothing,L,A fitted knee-length pencil skirt with subtle pinstripe pattern.,Gray,6,30.35,1455.jpg,https://drive.google.com/file/d/1VGudl1ynEbxosAshlktZvCOJqCLTMAGw/view?usp=drivesdk
1456,A-line skirt,Clothing,S,A black knee-length A-line skirt with a front pleat detail.,Black,39,32.24,1456.jpg,https://drive.google.com/file/d/1pRvdLPItNwYmyrAVYLtT4PC7_3RGlPSf/view?usp=drivesdk
1457,A-line skirt,Clothing,M,"A knee-length A-line skirt with subtle pleats, made from a light fabric.",Gray,43,22.61,1457.jpg,https://drive.google.com/file/d/1oNRBxxMBcrHO92Ee7E5di46ZPmpowed8/view?usp=drivesdk
1458,Gray Trousers,Clothing,M,"A pair of straight-leg gray trousers with a black belt, suitable for formal or office wear.",Gray,19,14.53,1458.jpg,https://drive.google.com/file/d/1cUG0nnFX3XJK9iFmR-cO4Rh443Y0PycK/view?usp=drivesdk
1459,Adidas Flip Flop,Clothing,M,A black Adidas flip flop sandal with a textured footbed and a toe post strap.,Black,17,35.11,1459.jpg,https://drive.google.com/file/d/1d0C4aOh1ygyJkRGw6ogFqGoZxvMSopPb/view?usp=drivesdk
1460,Leather Slip-On,Clothing,S,A brown leather slip-on shoe with a black rubber sole.,Brown,29,47.24,1460.jpg,https://drive.google.com/file/d/1tsLEaFc_xoty4Y-22qeqTvaLAhgsq0m9/view?usp=drivesdk
1461,Pink Duffle Bag,Clothing,XL,A shiny pink duffle bag with dual handles and a shoulder strap.,Pink,16,32.15,1461.jpg,https://drive.google.com/file/d/1jwtFtnlVmw3cZ-KVs5JzVtBAbr2Rk5SL/view?usp=drivesdk
1462,Tiered Dress,Clothing,S,A sleeveless tiered dress with a leopard print and crochet straps.,Black,50,15.71,1462.jpg,https://drive.google.com/file/d/1jxwUEnD0RWomvDvRPlwGMKHtqXX8eaB7/view?usp=drivesdk
1463,Polka Dot Dress,Clothing,L,Sleeveless bodycon dress with black polka dots on a pink background and black side panels.,Pink,12,42.29,1463.jpg,https://drive.google.com/file/d/1nBbM3Yp6JJkXRpqqRw38CTzVHm4XiEfK/view?usp=drivesdk
1464,Swim Cap,Clothing,XL,A light blue swim cap with a yellow Adidas logo.,Blue,49,47.92,1464.jpg,https://drive.google.com/file/d/1TToSyYWQZrkOoByMZF1bT544mewVkRAd/view?usp=drivesdk
1465,Swim Cap,Clothing,XL,"A black Adidas swim cap made of smooth, flexible material.",Black,35,46.5,1465.jpg,https://drive.google.com/file/d/10wE5Rli9q_siIcz_mzx4OP42Zsd4iFPz/view?usp=drivesdk
1466,Blue Handbag,Clothing,XL,A navy blue handbag with textured blue straps and detailed stitching.,Blue,14,13.85,1466.jpg,https://drive.google.com/file/d/1GeUTCwYVvuamplgB_Bi2QFdrLWEOq_U0/view?usp=drivesdk
1467,Colorblock Sneaker,Clothing,S,"A sporty sneaker featuring a combination of pink, navy blue, and green with a white sole.",Pink,10,32.24,1467.jpg,https://drive.google.com/file/d/1Qi2_55TdsOI1hrWQzoAYWJY5sXe4DS3_/view?usp=drivesdk
1468,Sleeveless Sports Shirt,Clothing,S,A light blue sleeveless sports shirt with a round neck and Adidas logo on the chest.,Blue,20,27.35,1468.jpg,https://drive.google.com/file/d/1CcRa05E-A_UqE6RkpBeng6DaZApa7nrW/view?usp=drivesdk
1469,Floral Tote Bag,Clothing,XL,A beige tote bag with black floral patterns and rope handles.,Beige,30,14.6,1469.jpg,https://drive.google.com/file/d/1T5eCn3JiXovcZHE5asAvebIBYi7t1A2z/view?usp=drivesdk
1470,Track Pants,Clothing,M,Light blue track pants with white side stripes and an elastic waistband.,Blue,0,37.89,1470.jpg,https://drive.google.com/file/d/1XpVsMUjheWI-E7PlhO9Z2SFjYPQC86cc/view?usp=drivesdk
1471,Adidas Flip Flop,Clothing,XL,A blue and black Adidas flip flop sandal with a comfortable sole and branded strap.,Blue,31,26.5,1471.jpg,https://drive.google.com/file/d/1XSRyFcK7kgrmLju8w3pOdPRC3rFXHfUm/view?usp=drivesdk
1472,Slip-On Sneakers,Clothing,L,Casual slip-on sneakers with a grey and black canvas upper and white rubber sole.,Grey,48,43.25,1472.jpg,https://drive.google.com/file/d/1cfkg5HgtiBsaztfzviwih7TZujzvTjEY/view?usp=drivesdk
1473,Floral Tank Top,Clothing,S,"A sleeveless tank top with a red base and white floral patterns, trimmed with light blue edges.",Red,35,43.08,1473.jpg,https://drive.google.com/file/d/1wbwfIf0PdMBJmXt8689tWFPehyrv9Gz5/view?usp=drivesdk
1474,Printed Saree,Clothing,M,A beige saree with black printed patterns and a black border.,Beige,13,13.1,1474.jpg,https://drive.google.com/file/d/1YM6IFe_2Nq2S1AGRbKa7u5BZO-YZciL2/view?usp=drivesdk
1475,Printed Saree,Clothing,M,A traditional printed saree with a beige and white pattern paired with a black blouse.,Beige,46,26.38,1475.jpg,https://drive.google.com/file/d/11Xce-xkZ7jgKk7yHDN4BQ3bZ37w55eBu/view?usp=drivesdk
1476,Printed Saree,Clothing,XL,A beige saree with red and black geometric patterns and a contrasting border.,Beige,1,30.36,1476.jpg,https://drive.google.com/file/d/18uqLLxDA18PdFT4h8Xx8-BsdacNcYmXe/view?usp=drivesdk
1477,Printed Saree,Clothing,L,A beige saree with red and black printed patterns and a red border.,Beige,44,31.38,1477.jpg,https://drive.google.com/file/d/1IDPnYbAy5d_6Y39Y0nJb0kbHeh-MFh1b/view?usp=drivesdk
1478,Printed Saree,Clothing,L,A beige saree with black printed patterns and a black border.,Beige,48,40.09,1478.jpg,https://drive.google.com/file/d/15I9g1qxX2IqjuSkjuqTmyn07vxujazr7/view?usp=drivesdk
1479,Striped Kurti,Clothing,M,"A striped kurti with a V-neck and three-quarter sleeves, paired with a printed dupatta.",Purple,45,22.41,1479.jpg,https://drive.google.com/file/d/1yOLJpaEZWI7cz1Gx_6exYMX7spm90hVR/view?usp=drivesdk
1480,Sleeveless Top,Clothing,S,A beige sleeveless top with a front zipper detail.,Beige,43,23.86,1480.jpg,https://drive.google.com/file/d/1O4SHKSt6WTQRFy7hSWM2VbY0GbdsnazZ/view?usp=drivesdk
1481,Printed Saree,Clothing,L,"A black saree with intricate white floral patterns and a red border, paired with a black blouse.",Black,0,18.36,1481.jpg,https://drive.google.com/file/d/1BMgJ38juS5PWiRlBqLueMuRYBjetNyDn/view?usp=drivesdk
1482,Printed Saree,Clothing,S,A green printed saree with a contrasting black and white border.,Green,40,14.24,1482.jpg,https://drive.google.com/file/d/1KqM4Koe21HNzNDyPMFMdj07MfIrxQOaL/view?usp=drivesdk
1483,Floral Saree,Clothing,L,A white saree with floral prints and an orange patterned border.,White,14,28.84,1483.jpg,https://drive.google.com/file/d/1KzkB10-v9iY4J9vKb1gLkyzlNnTj8eGx/view?usp=drivesdk
1484,Pink Saree,Clothing,M,A light pink saree with floral patterns and a decorative border.,Pink,32,27.35,1484.jpg,https://drive.google.com/file/d/161o9GS00oeS8ql3PZ2pSkoIqgRlQP72b/view?usp=drivesdk
1485,Maroon Kurti,Clothing,S,A maroon straight kurti with three-quarter sleeves and a patterned dupatta.,Maroon,11,12.93,1485.jpg,https://drive.google.com/file/d/1oZBYSOZ9miBxV7a2G0rWhFXb1e8J3cS9/view?usp=drivesdk
1486,Printed Patiala,Clothing,M,Loose-fitting traditional Patiala pants with blue floral prints on a white base.,White,2,27.1,1486.jpg,https://drive.google.com/file/d/1f4wjd4hFjxl62u6K_FtEhIKVBkuJK31O/view?usp=drivesdk
1487,Leather Belt,Clothing,S,A brown leather belt with a brass buckle and stitched detailing.,Brown,36,18.93,1487.jpg,https://drive.google.com/file/d/16z5Pgc_8QHg7VrgZIbu7NjStYATdpgph/view?usp=drivesdk
1488,Leather Belt,Clothing,M,A black leather belt with a silver buckle.,Black,17,22.95,1488.jpg,https://drive.google.com/file/d/1Wd_c2tVSwuYWQYWIA9W_qLhWITQ2M84P/view?usp=drivesdk
1489,Track Suit,Clothing,S,A sporty track suit consisting of a white zip-up jacket with black stripes on the sleeves and black pants with white stripes on the sides.,White,48,39.48,1489.jpg,https://drive.google.com/file/d/1mkzRi_4YE-lOL4YB6Lk1r9sIAiKky8fY/view?usp=drivesdk
1490,Polka Dot Tie,Clothing,L,A slim black tie with white polka dots.,Black,18,10.82,1490.jpg,https://drive.google.com/file/d/1GwHDcYQypy95dfX1eHGObUOZm6wb8Ito/view?usp=drivesdk
1491,Fringed Scarf,Clothing,L,A light purple fringed scarf wrapped around the neck.,Purple,23,40.26,1491.jpg,https://drive.google.com/file/d/17NABZFeP0NSBH2OcgBBiCkTKTtFwQvCS/view?usp=drivesdk
1492,Track Suit,Clothing,L,A black Adidas track suit with white stripes on the sleeves and pants.,Black,20,10.93,1492.jpg,https://drive.google.com/file/d/1AHryxVvUalbLr-IV9HtJa8flpqPCef6H/view?usp=drivesdk
1493,chain necklace,Clothing,XL,A long silver chain necklace with oval links.,Silver,13,22.66,1493.jpg,https://drive.google.com/file/d/1pdeBqKHKR7cpcFl9j-6u91gEMRAp50LS/view?usp=drivesdk
1494,Polka Dot Bangle,Clothing,M,A purple bangle with white polka dot pattern.,Purple,33,48.81,1494.jpg,https://drive.google.com/file/d/1NPhso9IvXhXxSDXOdzhTxQzMSKIeXKdy/view?usp=drivesdk
1495,suede clutch,Clothing,XL,A dark purple suede clutch bag with a top handle and a silver chain detail.,Purple,14,12.04,1495.jpg,https://drive.google.com/file/d/1fozFO_j4xO2VsY2S3nL9ru_-JExb8DEL/view?usp=drivesdk
1496,Pink Backpack,Clothing,S,A pink backpack with multiple zippered compartments and grey accents.,Pink,47,43.81,1496.jpg,https://drive.google.com/file/d/1NsgYwfbi8Uhle3FYOx3B6zGq8mlbK6GF/view?usp=drivesdk
1497,Casual Backpack,Clothing,XL,A casual backpack featuring multiple compartments and a mesh side pocket.,Blue,23,28.04,1497.jpg,https://drive.google.com/file/d/1qJjiZojvycDwo_OwWnecVjuuGgK29b-Z/view?usp=drivesdk
1498,Casual Backpack,Clothing,S,A red and grey casual backpack with multiple compartments and mesh side pockets.,Red,4,32.34,1498.jpg,https://drive.google.com/file/d/1UkhitZzxwZCMfFClhhFkqN_tGHrzbIho/view?usp=drivesdk
1499,Black Loafer,Clothing,XL,A sleek black leather loafer with a low heel and slip-on design.,Black,12,30.68,1499.jpg,https://drive.google.com/file/d/1lcT7Fwt3EIzl3kk_bgX_swpHNmiXcsMO/view?usp=drivesdk
1500,Graphic T-shirt,Clothing,XL,Black short-sleeve T-shirt with a yellow graphic and humorous text on the front.,Black,28,13.99,1500.jpg,https://drive.google.com/file/d/1lA-wa-l6blJQekqyneVdiIKcsZLy5xUf/view?usp=drivesdk
1501,Graphic T-shirt,Clothing,XL,Black short-sleeve t-shirt with a red power symbol and the text 'TURN ME ON' printed on the front.,Black,19,34.15,1501.jpg,https://drive.google.com/file/d/1ZS_llnI1WIKt3tL-tKVMe8joKS2c4Db7/view?usp=drivesdk
1502,Round Stone Earrings,Clothing,XL,Silver hook earrings featuring two round translucent stones of different sizes.,Silver,44,12.57,1502.jpg,https://drive.google.com/file/d/1kmqkGhA7KAbni7PLpltTzmSPmqj05UU4/view?usp=drivesdk
1503,Bird Earrings,Clothing,S,Silver earrings shaped like birds with a hook fastening.,Silver,30,22.18,1503.jpg,https://drive.google.com/file/d/1Pi1qsSS3rpBDAtFmpN-LCjf6zLA1PEkQ/view?usp=drivesdk
1504,Teardrop Earrings,Clothing,S,Silver hook earrings featuring a dark green teardrop gemstone and three small clear crystals.,Green,19,30.04,1504.jpg,https://drive.google.com/file/d/1Rp8uMK06P8_aoZ2vUzkJjJFPlFj_iiXJ/view?usp=drivesdk
1505,Pendant Charm,Clothing,L,A decorative pendant charm with intricate silver and gold detailing and a black faceted stone.,Black,50,16.44,1505.jpg,https://drive.google.com/file/d/15kRggiGFZCXLDAtK-ZgWDJ3dB6-BgyPd/view?usp=drivesdk
1506,Gemstone Pendant,Clothing,S,A silver pendant featuring green gemstones surrounded by small pearls.,Green,44,10.76,1506.jpg,https://drive.google.com/file/d/1Q8DmHojnSPOQfANQlXEkkrcYGJJXATfe/view?usp=drivesdk
1507,Leather Oxford,Clothing,S,A black leather Oxford shoe with a sleek design and perforated detailing.,Black,20,24.15,1507.jpg,https://drive.google.com/file/d/1zpWODkREjId9B1N1x_rShuqTZ_sxzrw2/view?usp=drivesdk
1508,Compression Shorts,Clothing,S,Tight-fitting black compression shorts designed for athletic use.,Black,37,15.57,1508.jpg,https://drive.google.com/file/d/1lQo9Yp54GFXGzlIU-PcSze1OlE6-laY-/view?usp=drivesdk
1509,Running Shoe,Clothing,L,A white and beige running shoe with blue striped detailing and a black sole.,White,27,11.21,1509.jpg,https://drive.google.com/file/d/1bul2cm5G8kJG1yA8NqCVhy_PnUalUKle/view?usp=drivesdk
1510,Polka Dot Dress,Clothing,S,"A blue sleeveless dress with white polka dots, button-down front, and ruffled hem.",Blue,41,19.21,1510.jpg,https://drive.google.com/file/d/1NVsIirqaTc32HEsoiMUgOFdG3LCuvE_V/view?usp=drivesdk
1511,Denim Shorts,Clothing,M,Blue denim shorts with frayed hems and a patch detail on the front pocket.,Blue,37,20.17,1511.jpg,https://drive.google.com/file/d/1Y7zgdFB4mIFX2sDpNo2WAKOK_4eApo_c/view?usp=drivesdk
1512,Black Loafer,Clothing,L,A black perforated loafer shoe with lace-up detail and patterned inner lining.,Black,17,10.85,1512.jpg,https://drive.google.com/file/d/1gV3aql_a_HwmSPCzv4dFLMD_lNa3Pcs0/view?usp=drivesdk
1513,Leather Dress Shoe,Clothing,M,A brown leather lace-up dress shoe with a low heel and stitched detailing.,Brown,10,21.05,1513.jpg,https://drive.google.com/file/d/1VHaQGdakHIf5dED395KeuoYGVrmqV9yF/view?usp=drivesdk
1514,Leather Dress Shoe,Clothing,M,A brown leather lace-up dress shoe with a black sole.,Brown,1,42.14,1514.jpg,https://drive.google.com/file/d/1-Ul-FZdlVhoe8dVqHMP56CO_WNJ1W2id/view?usp=drivesdk
1515,Leather Oxford,Clothing,S,A black leather Oxford shoe with a textured finish and lace-up design.,Black,3,16.96,1515.jpg,https://drive.google.com/file/d/1z9xA4IJE6-9fU26hlhk1o64VRDhb-3ui/view?usp=drivesdk
1516,Black Loafer,Clothing,L,A sleek black leather loafer with a low heel and slip-on design.,Black,6,17.57,1516.jpg,https://drive.google.com/file/d/18LO6cGSiEybTNYLCFQ-Gem7PkoUqbafc/view?usp=drivesdk
1517,Leather Thong Sandal,Clothing,M,A black leather thong sandal with a high ankle cover and open toe design.,Black,18,11.94,1517.jpg,https://drive.google.com/file/d/1GZo9jxrMMU7WMCvrOiDe-FI9TaXaUtoC/view?usp=drivesdk
1518,Leather Oxford,Clothing,L,A brown leather Oxford shoe with a sleek design and lace-up closure.,Brown,32,44.5,1518.jpg,https://drive.google.com/file/d/1JSvumvsbN48HmhFUR6gIan_PNtTkfpQ5/view?usp=drivesdk
1519,Nike Sneakers,Clothing,XL,"Low-top Nike sneakers with black, blue, and orange color accents and a white sole.",Black,13,40.82,1519.jpg,https://drive.google.com/file/d/1kxiB0h94LdIwBY3nTJXrrtav0KHj20o3/view?usp=drivesdk
1520,Strappy Sandal,Clothing,XL,A coral-colored flat sandal with a thong strap and a buckle closure around the ankle.,Coral,42,31.69,1520.jpg,https://drive.google.com/file/d/1ivwXwVewhWwO5xeTODEcxcL_ms9m9Z-6/view?usp=drivesdk
1521,Striped Polo Shirt,Clothing,L,A white short-sleeve polo shirt with green horizontal stripes and a solid green collar.,Green,28,46.12,1521.jpg,https://drive.google.com/file/d/1snAEycwt6mIuEjyXQPR0f5VAQYt6I3ov/view?usp=drivesdk
1522,Leather Handbag,Clothing,S,A teal leather handbag with a top handle and a detachable shoulder strap.,Teal,20,30.09,1522.jpg,https://drive.google.com/file/d/15nZDxR5u_4ewZJ1rl4Bg8zpY07d8_jus/view?usp=drivesdk
1523,Harem Pants,Clothing,XL,"Loose-fitting, drop-crotch pants with cuffed ankles and side pockets.",Dark Green,49,28.63,1523.jpg,https://drive.google.com/file/d/1LnXnf3rUOxfp4Si8m0PTytSR7QT_ZuqL/view?usp=drivesdk
1524,Black Skirt,Clothing,M,A knee-length black skirt with a ruched waistband.,Black,4,48.94,1524.jpg,https://drive.google.com/file/d/1HEWPVlKGTFuqlzNUhwRmM92NERkaGueG/view?usp=drivesdk
1525,Leather Belt,Clothing,M,A black leather belt with a silver rectangular buckle featuring a modern design.,Black,7,31,1525.jpg,https://drive.google.com/file/d/1PLlQGZ7WZwlcFWckC7M7dAiiZII0mlRB/view?usp=drivesdk
1526,Puma Flip Flop,Clothing,XL,A red and black flip flop with a white Puma logo and a comfortable strap.,Red,48,41.24,1526.jpg,https://drive.google.com/file/d/1dLboOrSdWUyN33mV2ZWEE2UPFBESauyH/view?usp=drivesdk
1527,Leather Belt,Clothing,M,A black leather belt with a rectangular silver buckle.,Black,2,44.41,1527.jpg,https://drive.google.com/file/d/1oRnQBRB8de-kExcvnB2UnqTHaJonSS2z/view?usp=drivesdk
1528,Canvas Messenger Bag,Clothing,M,A khaki canvas messenger bag with multiple front pockets and brown leather accents.,Khaki,31,41.6,1528.jpg,https://drive.google.com/file/d/1Mu-Oad9BueE0PrnHHqjlHmKQi4eWBZag/view?usp=drivesdk
1529,Canvas Backpack,Clothing,XL,A beige canvas backpack with brown leather straps and multiple pockets.,Beige,6,47.67,1529.jpg,https://drive.google.com/file/d/1UXtMXFTAqSH0t3nNAhmyqm3JILQjbjjr/view?usp=drivesdk
1530,canvas duffle bag,Clothing,S,A beige canvas duffle bag with brown leather accents and an adjustable shoulder strap.,Beige,4,47.52,1530.jpg,https://drive.google.com/file/d/1mzhZdv8wtaqFSWPz7KcQOyTYZD4AWNGE/view?usp=drivesdk
1531,Leather Wallet,Clothing,M,A simple black leather wallet with a bi-fold design.,Black,28,26.3,1531.jpg,https://drive.google.com/file/d/1TRH2ZIhgMC7k6E4i2rDEDBLb-9FgEUb7/view?usp=drivesdk
1532,Leather Wallet,Clothing,M,"A simple, dark brown leather bifold wallet.",Brown,26,28.37,1532.jpg,https://drive.google.com/file/d/1KSnOXUmdxqnOUfiwrUQcQyXqAxA4oGVp/view?usp=drivesdk
1533,Nike Running Shoe,Clothing,XL,A black and gray lightweight Nike running shoe with a flexible sole and breathable upper.,Black,13,35.02,1533.jpg,https://drive.google.com/file/d/11P5geSO4Bg2dl-DMaSlA5Bny9MjNgdwC/view?usp=drivesdk
1534,Sleeveless Hoodie,Clothing,XL,A sleeveless zip-up hoodie with a hood and printed design on the front.,Maroon,44,36.11,1534.jpg,https://drive.google.com/file/d/1UWHy0nmWAUE2-up36NGjHZGFWja8zySd/view?usp=drivesdk
1535,Cargo Shorts,Clothing,L,White cargo shorts with multiple pockets and a striped belt.,White,27,38.56,1535.jpg,https://drive.google.com/file/d/1vqCyEBrb-BZCPDb2KMqHVwj7juVMhWWJ/view?usp=drivesdk
1536,Sleeveless Hoodie,Clothing,S,"A sleeveless zip-up hoodie with a yellow inner hood lining, green drawstrings, and a patch on the chest.",Black,46,16.4,1536.jpg,https://drive.google.com/file/d/1kcij3tlnyr06vF1LU-1HE8MtgHL5jZmx/view?usp=drivesdk
1537,Sleeveless Hoodie,Clothing,S,"A sleeveless zip-up hoodie with a black hood lining, red drawstrings, and printed details on the front.",Gray,21,33.51,1537.jpg,https://drive.google.com/file/d/18Gv4nUqU0WYNwtvjARF6NV18aSot3UT7/view?usp=drivesdk
1538,Drawstring Shorts,Clothing,M,Purple shorts with a pink drawstring and trim detailing.,Purple,9,45.81,1538.jpg,https://drive.google.com/file/d/1Bebj0V9TphvKGXvoUD1nvoKoutLAc73A/view?usp=drivesdk
1539,Soccer Cleat,Clothing,L,Black soccer cleat with pink accents and studs for traction.,Black,48,38.76,1539.jpg,https://drive.google.com/file/d/1Zb0zWtQMo18L3okFxtcGhJEGDbz4ug5E/view?usp=drivesdk
1540,Striped Tie,Clothing,XL,A light blue necktie with subtle diagonal stripes.,Blue,45,29.19,1540.jpg,https://drive.google.com/file/d/1tO9FTOUbXD2Rl3sGbxpv884kXhIkYeBO/view?usp=drivesdk
1541,Striped Tie,Clothing,L,A men's necktie featuring diagonal stripes in various shades of blue and gray.,Blue,0,39.74,1541.jpg,https://drive.google.com/file/d/1mrKehHRB2qP7VusqEm8WcILEmSGBkhqK/view?usp=drivesdk
1542,FILA Sneakers,Clothing,L,Black FILA sneakers with red accents and a sporty design.,Black,8,27.09,1542.jpg,https://drive.google.com/file/d/1DztPVr9fFhr8CykQvXRlnnMXD4WnsoVx/view?usp=drivesdk
1543,Braided Leather Belt,Clothing,M,A brown braided leather belt with a silver buckle.,Brown,35,27.98,1543.jpg,https://drive.google.com/file/d/1RZQBDaum0tteDyOJQeYv3yt_Brk2aEZP/view?usp=drivesdk
1544,Leather Belt,Clothing,XL,A dark brown leather belt with a silver buckle and a textured pattern.,Brown,29,11.37,1544.jpg,https://drive.google.com/file/d/1MrmqN_DZ6X6cPAbrwq90qTJz-WUyTNDR/view?usp=drivesdk
1545,Leather Belt,Clothing,L,A brown leather belt with a brass rectangular buckle.,Brown,30,38.11,1545.jpg,https://drive.google.com/file/d/1RulwfviNYd8qMhEyQECmg_pzgGv6ooY2/view?usp=drivesdk
1546,White Sneaker,Clothing,M,A white athletic sneaker with black and gray accents and a lace-up design.,White,15,35.25,1546.jpg,https://drive.google.com/file/d/12EBkT4JVK7QvrX8-X1XpF-3A3uKCREvu/view?usp=drivesdk
1547,Striped Wallet,Clothing,L,A rectangular wallet featuring multicolored vertical stripes with a central blue leather accent.,Multicolor,9,33.33,1547.jpg,https://drive.google.com/file/d/1tz71k7PDTX_SbU3z32MXzp8xVtmkcFBk/view?usp=drivesdk
1548,Black Running Shoe,Clothing,M,A black and gray running shoe with a white sole and lace-up closure.,Black,40,47.2,1548.jpg,https://drive.google.com/file/d/1Ol1OkSTonp0kSAAKXJOL78DI7WeYJPOn/view?usp=drivesdk
1549,Corduroy Tote,Clothing,XL,A brown corduroy tote bag with leather handles and a front zipper pocket.,Brown,44,47.51,1549.jpg,https://drive.google.com/file/d/1jvKcIJY-qj04HILjNymb8xwa3VrVtPEA/view?usp=drivesdk
1550,Yellow Handbag,Clothing,L,A shiny yellow handbag with dual handles and an adjustable shoulder strap.,Yellow,27,49.76,1550.jpg,https://drive.google.com/file/d/1djzZzHKXWh5LCxgJIbZzCdx-v-T5KXMB/view?usp=drivesdk
1551,White Sneakers,Clothing,M,A pair of white athletic sneakers with perforated detailing and a lace-up design.,White,47,16.79,1551.jpg,https://drive.google.com/file/d/16VeGefNqoEO4NXDyN56qBJN7y8Gi8sXB/view?usp=drivesdk
1552,Black Wristwatch,Clothing,L,A black wristwatch with a rectangular face and a white dial.,Black,47,11.54,1552.jpg,https://drive.google.com/file/d/1Mpk8CWaKPQU8xz6m0LwUhgFWNlbut9P3/view?usp=drivesdk
1553,Black Wristwatch,Clothing,S,A black wristwatch with a rectangular face and Roman numeral markers.,Black,27,47.56,1553.jpg,https://drive.google.com/file/d/1TXayI4jPYxkPKfFfcBVn1E5jrqorC-Br/view?usp=drivesdk
1554,Men's Wristwatch,Clothing,M,"A men's wristwatch with a silver dial, black rubber strap, and tachymeter feature.",Black,44,19.25,1554.jpg,https://drive.google.com/file/d/1-Wkc6LpTUcOipdn22eN4CIYIjH6XFgLv/view?usp=drivesdk
1555,Running Shoe,Clothing,XL,A grey and red athletic running shoe with mesh upper and cushioned sole.,Grey,31,41.63,1555.jpg,https://drive.google.com/file/d/16iL5r_yAjphrwyfe2hBq1KrXH1nWTU1i/view?usp=drivesdk
1556,Dark Jeans,Clothing,M,A pair of dark-colored denim jeans with a cuffed hem.,Black,8,11.35,1556.jpg,https://drive.google.com/file/d/1qf5djfXJ4DGdH5cBODRIQXu8gvENGjPy/view?usp=drivesdk
1557,Leather Belt,Clothing,S,A brown leather belt with a silver buckle.,Brown,44,49.92,1557.jpg,https://drive.google.com/file/d/194A0SNBwDv2duda1Th_SokB2ubEs7wNS/view?usp=drivesdk
1558,Running Shoe,Clothing,M,"A white running shoe with red and black accents, featuring a mesh upper and cushioned sole.",White,44,41.38,1558.jpg,https://drive.google.com/file/d/1RpYHbvF2grRZ8Tto8cMbXkLxmd4jLhud/view?usp=drivesdk
1559,Leather Strap Watch,Clothing,M,"A Fossil wristwatch with a silver dial, rose gold accents, and a black leather strap.",Black,12,11.08,1559.jpg,https://drive.google.com/file/d/1Q-AiXDSKBrkQBTsPnLJnDuhFPe7M1Fep/view?usp=drivesdk
1560,Casual Chinos,Clothing,M,Light beige casual chinos with a straight fit.,Beige,44,26.45,1560.jpg,https://drive.google.com/file/d/1GbsSLN2OFfQ2wzo5RUX3LRQ7m-27GPsP/view?usp=drivesdk
1561,Checkered Shirt,Clothing,L,A long-sleeve button-up shirt with a small checkered pattern and rolled-up sleeves.,Blue,4,19.41,1561.jpg,https://drive.google.com/file/d/1lwAbpMhOCAA1UVhyAbm7o6O7d2DRyOy0/view?usp=drivesdk
1562,Basic T-Shirts,Clothing,XL,"Set of three men's basic crew neck short sleeve t-shirts in red, beige, and olive green.","Red, Beige, Olive Green",17,33.4,1562.jpg,https://drive.google.com/file/d/1cbIzK9fr1ethVdCJDs7yVDEXDgTnec_Q/view?usp=drivesdk
1563,Buttoned Vest,Clothing,XL,"A sleeveless, buttoned vest with a V-neck and two front pockets.",Gray,36,12.87,1563.jpg,https://drive.google.com/file/d/1Jxl-WANtfg74QTvxSY2vcQEJayYtdElr/view?usp=drivesdk
1564,Cargo Shorts,Clothing,S,Red casual cargo shorts with side pockets and a drawstring waistband.,Red,24,48.6,1564.jpg,https://drive.google.com/file/d/13te7YKkq5F-9_zPi9arsj_WBm96wlzLq/view?usp=drivesdk
1565,Plaid Cargo Shorts,Clothing,M,Blue and white plaid cargo shorts with side pockets and button closure.,Blue,12,15.01,1565.jpg,https://drive.google.com/file/d/1bT9kylAAeyNkMBB9HCw3mosjmX_3TepE/view?usp=drivesdk
1566,Button Skirt,Clothing,L,A black button-front skirt with pockets and a brown belt.,Black,26,25.19,1566.jpg,https://drive.google.com/file/d/1LlTHMpsOc2Knevm7E-m4-hPHYA4ueiUk/view?usp=drivesdk
1567,Braided Sandal,Clothing,XL,A flat sandal featuring braided straps and a toe loop in a vibrant pink color.,Pink,33,37.53,1567.jpg,https://drive.google.com/file/d/1oZmYIQgFWfZGTcSA0TBaZ01VZ8pVq2Xn/view?usp=drivesdk
1568,Casio Wristwatch,Clothing,M,A black Casio wristwatch with a rubber strap and yellow accents on the dial and bezel.,Black,28,29.67,1568.jpg,https://drive.google.com/file/d/1B3aHlyJwVT_9rkzfdZol-TKqvbsZqrKC/view?usp=drivesdk
1569,Metal Wristwatch,Clothing,XL,A silver metal wristwatch with a black dial and date display.,Silver,49,29.43,1569.jpg,https://drive.google.com/file/d/12w-p0faUeOreh7UTnHeI7g4q7_L1COgh/view?usp=drivesdk
1570,Digital Watch,Clothing,XL,A black and silver digital wristwatch with multiple alarms and water resistance.,Black,14,19.6,1570.jpg,https://drive.google.com/file/d/1jH7ZwZPqhi2iBjVIWRdHR9S1qTfKEEtH/view?usp=drivesdk
1571,Men's Wristwatch,Clothing,S,A silver metal men's wristwatch with a detailed multi-dial face and tachymeter bezel.,Silver,30,34.47,1571.jpg,https://drive.google.com/file/d/1oFMBE1KMm0u_fqHFU0Iy6dqGXOEeukHx/view?usp=drivesdk
1572,Silver Wristwatch,Clothing,S,A silver metal wristwatch with a pink dial and crystal hour markers.,Silver,37,40.11,1572.jpg,https://drive.google.com/file/d/1nQaZY0C8rl0P6I4yWheqEsYQ4qWaY7Ck/view?usp=drivesdk
1573,White Wristwatch,Clothing,XL,A white wristwatch with a round dial featuring decorative hour markers and a white leather strap.,White,2,36.25,1573.jpg,https://drive.google.com/file/d/1ranWMGeEQes2EBjy3PD9XMl7vf1q94qg/view?usp=drivesdk
1574,Leather Tote,Clothing,M,A beige leather tote bag with brown handles and gold-tone hardware.,Beige,21,39.41,1574.jpg,https://drive.google.com/file/d/1zoYaS0nQjc-3Xj_-9wriQaRmzqIogcto/view?usp=drivesdk
1575,Pink Tote,Clothing,S,A pink tote bag with a rhinestone-embellished oval handle and a small decorative metal accent.,Pink,8,42.54,1575.jpg,https://drive.google.com/file/d/1q2LrFC_QAp4vrWSlQfXOtLTGDBgrWrIx/view?usp=drivesdk
1576,Graphic T-shirt,Clothing,S,Orange short-sleeve T-shirt with a graphic print of pink sunglasses and text.,Orange,15,17.91,1576.jpg,https://drive.google.com/file/d/10o3pWMWxDgkRSjWoiT1nX4XcUgYkjAXz/view?usp=drivesdk
1577,Textured Handbag,Clothing,M,A textured handbag with shiny handles and a rich burgundy color.,Burgundy,44,25.02,1577.jpg,https://drive.google.com/file/d/1zjrBwaR9eDyiAydmzNL5zG9y3fvUhcr9/view?usp=drivesdk
1578,Leather Belt,Clothing,L,A brown leather belt with a silver rectangular buckle.,Brown,12,11.26,1578.jpg,https://drive.google.com/file/d/1lNEHm3b9uhRI5M-FyRfg2gHgSkbzMu_t/view?usp=drivesdk
1579,Leather Belt,Clothing,L,A black leather belt with a silver buckle.,Black,48,17.48,1579.jpg,https://drive.google.com/file/d/15e9k83kguJkKj7RuV4FtxMDwIwWYMkmF/view?usp=drivesdk
1580,Leather Strap Watch,Clothing,L,A wristwatch with a black leather strap and a black dial featuring multiple subdials.,Black,6,40.99,1580.jpg,https://drive.google.com/file/d/1H9p6xFsJmijU9uYHUvHqBLBA39KIlx1-/view?usp=drivesdk
1581,White Leather Watch,Clothing,XL,A white leather strap watch with a rectangular gold-tone case adorned with crystals.,White,18,24.22,1581.jpg,https://drive.google.com/file/d/1T8x0JVhOtzv-OHTggPq9yFODZRYomEIz/view?usp=drivesdk
1582,Leather Strap Watch,Clothing,M,A black leather strap watch with a silver case adorned with crystals around the dial.,Black,2,37.49,1582.jpg,https://drive.google.com/file/d/1ZpqoHW1Di0lgAv-M9zYaDTR1quKZj3CP/view?usp=drivesdk
1583,Yellow Sweatpants,Clothing,L,Soft yellow sweatpants with white side stripes and a graphic print on the front.,Yellow,21,20.56,1583.jpg,https://drive.google.com/file/d/1gSuwXnrVZOJ1YF03ZFwhY9yS7PUfzNhI/view?usp=drivesdk
1584,Lion Print Onesie,Clothing,S,Yellow baby onesie with blue trim featuring a cartoon lion and the text 'Alex the Lion'.,Yellow,50,43.24,1584.jpg,https://drive.google.com/file/d/1ssGkAHFtOgUjmDijLN83JZpCnebrx6Pr/view?usp=drivesdk
1585,Lion Print Bodysuit,Clothing,S,A light blue baby bodysuit with yellow trim featuring a colorful lion graphic and text on the front.,Blue,33,34.43,1585.jpg,https://drive.google.com/file/d/1fH61vuRQIKpHzk9wRaYZ2TEOX_aGwhx2/view?usp=drivesdk
1586,Pink Shorts,Clothing,L,"Light pink shorts with dark pink waistband and trim, featuring a small logo on the front.",Pink,40,46.67,1586.jpg,https://drive.google.com/file/d/19at1wAhaEco55XzlZHL3PQwi3rT2Kw-y/view?usp=drivesdk
1587,Elephant Print Tee,Clothing,L,A red short-sleeve t-shirt featuring a cartoon elephant graphic and text on the front.,Red,14,23.53,1587.jpg,https://drive.google.com/file/d/1wm9YjcRVnRbG-xorNGK02aG9PZ2lERO3/view?usp=drivesdk
1588,Patterned Backpack,Clothing,M,A black backpack with geometric patterns and multiple zippered compartments.,Black,24,16.55,1588.jpg,https://drive.google.com/file/d/1a-7zKEiOmmowsAB3VZnzgoXPLAu_dLa8/view?usp=drivesdk
1589,Checkered Shirt,Clothing,M,A short-sleeve button-up shirt with a blue and beige checkered pattern and two chest pockets.,Blue,17,26.35,1589.jpg,https://drive.google.com/file/d/1jPhP7BXQsDKuyn8zIkPaU75TYlgOdDrF/view?usp=drivesdk
1590,Striped Shirt,Clothing,S,A short-sleeve button-up shirt with thin vertical stripes.,Pink,46,12.77,1590.jpg,https://drive.google.com/file/d/11MMVnr7sX6XjeXOYScCgywEbfX9TdnJH/view?usp=drivesdk
1591,Leather Wallet,Clothing,M,A black textured leather wallet with a subtle embossed logo on the bottom right corner.,Black,12,49.95,1591.jpg,https://drive.google.com/file/d/1-UdYHVIRE3TAHpiFMikppJxV_VV2fuln/view?usp=drivesdk
1592,Leather Wallet,Clothing,XL,A black leather bifold wallet with a subtle embossed logo on the front.,Black,17,18.98,1592.jpg,https://drive.google.com/file/d/1WfcbR2KXtdJoWUzZzRdVcCgIQJSpbrL2/view?usp=drivesdk
1593,Leather Wallet,Clothing,S,A dark brown leather wallet with a crocodile texture and a snap closure.,Brown,40,40.14,1593.jpg,https://drive.google.com/file/d/1E1-Xi03MSzrdOx6jULka7Tyy813HJUsg/view?usp=drivesdk
1594,Leather Wallet,Clothing,XL,A brown leather bi-fold wallet with a small embossed logo on the bottom right corner.,Brown,17,19.56,1594.jpg,https://drive.google.com/file/d/1d052AwZQX2_TJnZQafWP6L61B3bYPwJR/view?usp=drivesdk
1595,Colorblock Skirt,Clothing,M,"A knee-length skirt featuring a mustard yellow upper section, teal middle section with small dots, and a floral patterned hem with pink and mustard stripes.",Mustard Yellow,17,41.83,1595.jpg,https://drive.google.com/file/d/1Fhc9w-vaONaW5C3prT5g1bAsPlO49MfE/view?usp=drivesdk
1596,Sleeveless Dress,Clothing,S,A sleeveless orange dress with button details and lace trim at the hem.,Orange,13,49.16,1596.jpg,https://drive.google.com/file/d/18UDiU699AsalbFyFOpwH3Mt0wsKgctuD/view?usp=drivesdk
1597,Sleeveless Dress,Clothing,M,"A sleeveless, knee-length dress with button-down front and lace detailing.",Green,32,21.57,1597.jpg,https://drive.google.com/file/d/1fwQ-KFzzeJmipLEGBspZFuGiHLxL5h64/view?usp=drivesdk
1598,Pink Wristwatch,Clothing,S,"A pink wristwatch with a rectangular face, silver decorative patterns, and a crystal-studded bezel.",Pink,50,43.13,1598.jpg,https://drive.google.com/file/d/17HGW1zPBIasG1Vf_5mOElfTgHlPma5iv/view?usp=drivesdk
1599,Black Chinos,Clothing,S,A pair of slim-fit black chinos with a button and zip closure.,Black,45,11.53,1599.jpg,https://drive.google.com/file/d/15zYzjUak_ghstSy9px-nAkF8iUuekUUS/view?usp=drivesdk
1600,Camouflage Cap,Clothing,L,A camouflage patterned baseball cap with embroidered text on the front.,Green,23,38.39,1600.jpg,https://drive.google.com/file/d/1Ol5EOVEVxvumsJ3yoyiairNpSk9bjytK/view?usp=drivesdk
1601,Red Black Backpack,Clothing,XL,A red and black backpack with a top handle and zippered compartments.,Red,16,42.29,1601.jpg,https://drive.google.com/file/d/1tkrJ_uIKLf3vctouSVKWUmt2N2ndz6kr/view?usp=drivesdk
1602,Puffer Jacket,Clothing,S,A black quilted puffer jacket with a front zipper and high collar.,Black,41,19.97,1602.jpg,https://drive.google.com/file/d/1tc88gMwblY99G-0-mSzfeyrswS8R9lqG/view?usp=drivesdk
1603,Puffer Vest,Clothing,M,A black quilted sleeveless puffer vest with a front zipper and high collar.,Black,13,31.33,1603.jpg,https://drive.google.com/file/d/1oCCaZgRD7AzbWnVz3pXlJqa-a5beHuKj/view?usp=drivesdk
1604,Fleece Vest,Clothing,XL,A green sleeveless fleece vest with a front zipper and side pockets.,Green,39,29.4,1604.jpg,https://drive.google.com/file/d/1nJAgWsmrLkJXa77-yfN-NWAMgdQ4iZrm/view?usp=drivesdk
1605,Metal Frame Sunglasses,Clothing,M,Sunglasses with a metal frame and gradient dark lenses.,Silver,20,17.32,1605.jpg,https://drive.google.com/file/d/1JqdWEsae57tYSdYKhRGrgxPaLzQG23NT/view?usp=drivesdk
1606,Aviator Sunglasses,Clothing,S,Metal frame aviator sunglasses with brown tinted lenses.,Brown,35,18.3,1606.jpg,https://drive.google.com/file/d/1sfZWaNKuK8QdkzxCRRHzwAyfN8tWk_dY/view?usp=drivesdk
1607,Black Sunglasses,Clothing,L,A pair of black sunglasses with dark tinted lenses and a sleek frame.,Black,3,26.1,1607.jpg,https://drive.google.com/file/d/1gqHrnzuqPSYVxYaoj06QKwzIfIZmkEmI/view?usp=drivesdk
1608,wrap sunglasses,Clothing,L,Black wrap-around sunglasses with dark tinted lenses.,Black,41,12.52,1608.jpg,https://drive.google.com/file/d/13zCC_dvd5UdNToLoMNXlrMPcpUw8vcpq/view?usp=drivesdk
1609,Brown Sunglasses,Clothing,XL,Brown framed sunglasses with brown tinted lenses.,Brown,6,15.57,1609.jpg,https://drive.google.com/file/d/1caoWxqMsqjODtH_9KG3uVBn-nahxEzhL/view?usp=drivesdk
1610,Leather Wallet,Clothing,XL,A simple brown leather wallet with a smooth texture and stitched edges.,Brown,8,14.18,1610.jpg,https://drive.google.com/file/d/1VmpwdJyxx2OR7SlLEidBEBG6aB62Wnj4/view?usp=drivesdk
1611,Superman T-shirt,Clothing,XL,Blue and black short-sleeve T-shirt featuring a colorful Superman graphic on the front.,Blue,48,32.73,1611.jpg,https://drive.google.com/file/d/1T5NcTFWT2sfk6p464QFuY9chUHLgqJ8f/view?usp=drivesdk
1612,Slingback Flat,Clothing,S,A black slingback flat shoe with a rounded toe and perforated insole for comfort.,Black,25,14.04,1612.jpg,https://drive.google.com/file/d/1rCe3gEXf2fi3BugFHeimKNUDB28GNxR4/view?usp=drivesdk
1613,Graphic T-shirt,Clothing,L,White short-sleeve t-shirt featuring a colorful graphic print of multiple faces on the front.,White,49,36.98,1613.jpg,https://drive.google.com/file/d/1HrFA4xSdM0BJvgyI2dSvgK6z4mpQYcMH/view?usp=drivesdk
1614,woven leather belt,Clothing,S,A beige leather belt with woven detailing and a silver buckle.,Beige,11,27.8,1614.jpg,https://drive.google.com/file/d/1Xji0WInUc04pyLRD1J7UCBvgTP7vEwzo/view?usp=drivesdk
1615,Wristlet Pouch,Clothing,S,"A small wristlet pouch with a green suede body, black leather trim, and a wrist strap.",Green,16,10.27,1615.jpg,https://drive.google.com/file/d/1hZV0WUVAZHl4ozobKfbh5fARLXUC1pLz/view?usp=drivesdk
1616,Leather Shoulder Bag,Clothing,M,A dark teal leather shoulder bag with a front zipper pocket and decorative buckle detail.,Teal,11,47.82,1616.jpg,https://drive.google.com/file/d/1tLuCFZ6fEiWDnIJGWjP1H0osEfEl5HBw/view?usp=drivesdk
1617,pleated shoulder bag,Clothing,XL,A small shoulder bag with a pleated flap and adjustable strap.,Red,26,33.75,1617.jpg,https://drive.google.com/file/d/1qOgqex8OUWzOijR4K4zVg4rqQz4iWCzh/view?usp=drivesdk
1618,zipper wallet,Clothing,S,A maroon zipper wallet with stitched panel design and a small logo on the front.,Maroon,39,31.54,1618.jpg,https://drive.google.com/file/d/1T3nmzGaJrrue7t5RzpE47vSMAKyO2hNP/view?usp=drivesdk
1619,Denim Skirt,Clothing,M,A dark blue denim skirt with front pockets and a button closure.,Blue,45,41.74,1619.jpg,https://drive.google.com/file/d/11qsCeVd62_BDNRTxNu9QqRubiaIORIQt/view?usp=drivesdk
1620,Denim Skirt,Clothing,L,A light blue denim skirt with front pockets and a button closure.,Blue,17,17.43,1620.jpg,https://drive.google.com/file/d/1XDzy9u-ew_6-taWcl4TO8kXh5kf4s9UP/view?usp=drivesdk
1621,Puma California,Clothing,L,"A sporty sneaker featuring a combination of green, black, and white colors with a classic Puma design.",Green,0,46.31,1621.jpg,https://drive.google.com/file/d/1TyYEw7v6AF-WCmy_1O-LxSKFl7_c9dsC/view?usp=drivesdk
1622,Daisy T-shirt,Clothing,XL,A red short-sleeve T-shirt featuring a graphic of Daisy Duck holding flowers and the text 'Pretty as a flower'.,Red,19,35.36,1622.jpg,https://drive.google.com/file/d/1VD3cHsbWZ-BAS7oxnxo59BtzgDe16lTt/view?usp=drivesdk
1623,Nike Sports Shorts,Clothing,S,Black athletic shorts with an elastic waistband and orange Nike logo and side stripes.,Black,21,31.53,1623.jpg,https://drive.google.com/file/d/1qEE44Z2ROth1-x5Q1BhUuSWOqvG-G6He/view?usp=drivesdk
1624,Nike Shorts,Clothing,XL,Black athletic shorts with an elastic waistband and a small Nike logo on the leg.,Black,33,14.44,1624.jpg,https://drive.google.com/file/d/1qPy0TBQnasHy0m-8JwWP_du4AyIipf7n/view?usp=drivesdk
1625,Nike Shorts,Clothing,M,Black athletic shorts with an elastic waistband and a small white Nike logo on the front.,Black,7,28.4,1625.jpg,https://drive.google.com/file/d/1zNH3dZGyxlmMKutYbnilzsFqLxBNg2W1/view?usp=drivesdk
1626,Graphic T-shirt,Clothing,L,Black short-sleeve T-shirt featuring a colorful graphic of an aggressive dog with a spiked collar and the text 'Ed Hardy'.,Black,4,39.41,1626.jpg,https://drive.google.com/file/d/1vA2oBWqVzaLYX-rin4yyYQ36Bc6CW5AL/view?usp=drivesdk
1627,Nike Track Pants,Clothing,S,Black Nike track pants with an elastic waistband and a white swoosh logo on the side.,Black,35,41.49,1627.jpg,https://drive.google.com/file/d/1ISYyt_NnwwFeloC3PQOwr5NcQnr9Y6qH/view?usp=drivesdk
1628,Grey Sweatpants,Clothing,XL,A pair of light grey sweatpants with an elastic waistband and drawstring.,Grey,28,46.98,1628.jpg,https://drive.google.com/file/d/1sv6KZVISCZ3oGVoJGhnjby79VyxlOAt0/view?usp=drivesdk
1629,Nike Sweatpants,Clothing,L,Black Nike sweatpants with an elastic waistband and a small white swoosh logo on the left thigh.,Black,30,16.67,1629.jpg,https://drive.google.com/file/d/14lvOthErrXaZpB1oYOr-B05Ag7so7IG6/view?usp=drivesdk
1630,Bulldogs T-shirt,Clothing,S,A grey short-sleeve t-shirt featuring a graphic of an aggressive bulldog with the text 'BULLDOGS' above it.,Grey,33,41.57,1630.jpg,https://drive.google.com/file/d/1GLQpI0T3gxwR75MiNbzBALXMXnzeIZWj/view?usp=drivesdk
1631,Nike Shorts,Clothing,L,Black Nike shorts with an elastic waistband and a small white Nike logo on the leg.,Black,34,20.12,1631.jpg,https://drive.google.com/file/d/19xpnG5wszV8I7wvbfa8L4xDMBeSWxF7U/view?usp=drivesdk
1632,Graphic T-shirt,Clothing,M,A teal short-sleeve T-shirt with a round neckline and 'NEVER DISPUTED' printed on the front.,Teal,38,49.68,1632.jpg,https://drive.google.com/file/d/1UCHPKKyi5YrQJeRve0Ksxh0c8Murm4Ta/view?usp=drivesdk
1633,Graphic T-shirt,Clothing,XL,Light blue short-sleeve T-shirt with a colorful graphic design and text on the front.,Blue,36,27.82,1633.jpg,https://drive.google.com/file/d/1MBP6XGnGARB6uaKmFHPnw14O_-xbB7iZ/view?usp=drivesdk
1634,Graphic T-shirt,Clothing,M,A grey short-sleeve T-shirt with a bold red graphic text design on the front.,Grey,7,50,1634.jpg,https://drive.google.com/file/d/1hAYE5oNBrDD8saSD52MSAGJUFRKwrw6j/view?usp=drivesdk
1635,Graphic Polo,Clothing,M,A turquoise short-sleeve polo shirt featuring a white graphic design and a small Nike logo on the chest.,Turquoise,3,42.87,1635.jpg,https://drive.google.com/file/d/1pw8xLpsCHez7d1ku3SOgZjKg6HbAzfHR/view?usp=drivesdk
1636,Striped Clutch,Clothing,L,"A sleek clutch bag featuring vertical stripes in varying shades of black, white, and gray with a metallic grid detail on top.",Black,7,39.81,1636.jpg,https://drive.google.com/file/d/16bZfV9lI-eti-hq4MpPmizOnZ6dPAHdw/view?usp=drivesdk
1637,Purple Handbag,Clothing,M,A purple handbag with a pleated design and tassel accents.,Purple,2,28.14,1637.jpg,https://drive.google.com/file/d/1N0Q7lGZm4C8YEA2Ao4_Wzx34UuckXFP7/view?usp=drivesdk
1638,Graphic T-shirt,Clothing,L,A blue short-sleeve T-shirt with a printed graphic design on the front.,Blue,49,23.77,1638.jpg,https://drive.google.com/file/d/14QkzJp0RRboU7ULUhoaeh1_ZXwEgZUWu/view?usp=drivesdk
1639,Nike Shoulder Bag,Clothing,S,A black shoulder bag with a zippered front pocket and a pink Nike logo.,Black,31,26.98,1639.jpg,https://drive.google.com/file/d/1sf1bI6g5aJXNFPbkY3thZlO-F4b7t3Gv/view?usp=drivesdk
1640,Nike Backpack,Clothing,XL,Black Nike backpack with orange logo and KNVB emblem.,Black,48,45.29,1640.jpg,https://drive.google.com/file/d/108IJnf54o34cCyNM9XibMQ9f5MUpDY7H/view?usp=drivesdk
1641,Leather Hiking Boot,Clothing,L,A black leather hiking boot with green fabric accents and sturdy laces.,Black,22,37.17,1641.jpg,https://drive.google.com/file/d/1bdFp_aLXuymamQ4C0qN26L39WV2KjrIb/view?usp=drivesdk
1642,Wrangler T-shirt,Clothing,XL,Navy blue short-sleeve t-shirt featuring a distressed American flag graphic and the word 'WRANGLER' printed above.,Blue,35,45.44,1642.jpg,https://drive.google.com/file/d/1Dlpl9Aw1LrJnlUGBeMLmDfuO3GGNy_u3/view?usp=drivesdk
1643,Ruffled Collar Shirt,Clothing,M,A navy blue long-sleeve shirt with a ruffled collar and button-down front.,Blue,25,45.16,1643.jpg,https://drive.google.com/file/d/1olyxvh9Xr7BXcenZYvqzF1kms49Xqo44/view?usp=drivesdk
1644,Printed Dress,Clothing,M,A sleeveless pink printed dress with a black belt at the waist.,Pink,3,10.2,1644.jpg,https://drive.google.com/file/d/1Y_0y8M-nGwRdj1e-6-0jepcE8qnxP7nv/view?usp=drivesdk
1645,Abstract Print Dress,Clothing,S,A short-sleeve dress featuring an abstract print with red zipper accents on the pockets.,Navy Blue,34,46.54,1645.jpg,https://drive.google.com/file/d/1QBGXzw6slM_BXKTbKUAvzChC09DHfmWc/view?usp=drivesdk
1646,Pink Leggings,Clothing,S,Soft pink leggings with an elastic waistband and small bows near the knees.,Pink,14,49.8,1646.jpg,https://drive.google.com/file/d/17gmEQCF4mHbzAH8Kx4H65u8zdkHoI8zA/view?usp=drivesdk
1647,Ruched Leggings,Clothing,M,Black ruched leggings with an elastic waistband and gathered detailing near the ankles.,Black,46,13.4,1647.jpg,https://drive.google.com/file/d/1JMMQvAkFCeZdWYzqG3n6aGQoIyWiB1rc/view?usp=drivesdk
1648,Ruched Leggings,Clothing,L,Black ruched leggings with an elastic waistband and gathered detailing at the calves.,Black,42,11.56,1648.jpg,https://drive.google.com/file/d/1EuXfsG6JEHxbw6lnxEuAGyLAbCqW0wIr/view?usp=drivesdk
1649,Denim Shorts,Clothing,L,A pair of dark blue denim shorts with front pockets and a button closure.,Blue,6,32.35,1649.jpg,https://drive.google.com/file/d/1uJZzBo-s7V_SBvygjfjcDKvTA_iWDKvc/view?usp=drivesdk
1650,Denim Shorts,Clothing,XL,A pair of blue denim shorts with front pockets and a button closure.,Blue,4,23.87,1650.jpg,https://drive.google.com/file/d/1DAHyZLDSnIBHndLMmyDCNZ6AgaTp8RsV/view?usp=drivesdk
1651,Denim Shorts,Clothing,XL,A pair of dark blue denim shorts with front pockets and yellow stitching.,Blue,5,32.47,1651.jpg,https://drive.google.com/file/d/1Ue7DxaNjeldvp3Sf2mG6IgaSfKPz_hxC/view?usp=drivesdk
1652,Rugby Campus T-shirt,Clothing,M,A black short-sleeve t-shirt with green and yellow rugby-themed text and graphics on the front.,Black,1,32.74,1652.jpg,https://drive.google.com/file/d/1k3z8uFjf6fEPLJpbTLw_Q367pB1M2F4O/view?usp=drivesdk
1653,Denim Skirt,Clothing,L,"A blue denim skirt featuring pink stitching, a bow at the waistband, and a Minnie Mouse patch.",Blue,33,43.56,1653.jpg,https://drive.google.com/file/d/1qUW4P9dDU1k2wwcN_6v43mUhu3xMlkMZ/view?usp=drivesdk
1654,Sleeveless Hoodie,Clothing,L,A blue sleeveless hoodie with a front zipper and printed design on the chest.,Blue,5,27.88,1654.jpg,https://drive.google.com/file/d/1eECxvEXlfwdZiwaVpsn9QqncJTYBuLeS/view?usp=drivesdk
1655,Light Wash Jeans,Clothing,S,A pair of light blue denim jeans with a slightly faded finish and classic five-pocket design.,Blue,39,47,1655.jpg,https://drive.google.com/file/d/1wE04KCKuv0WUAXgJz2Cp7BbBh1UlBJVV/view?usp=drivesdk
1656,Floral Dress,Clothing,L,Sleeveless dress with a pink floral pattern and a textured waistband.,Pink,39,39.46,1656.jpg,https://drive.google.com/file/d/1FwLU5UZZzVWQscTWdeow0y-9S1XKzPFN/view?usp=drivesdk
1657,Denim Skirt,Clothing,L,"A blue denim skirt featuring a pink ribbon belt, side pockets, and a playful embroidered design of a yellow bear with hearts.",Blue,34,24.9,1657.jpg,https://drive.google.com/file/d/1XUvpA2Qu7QrGnJi4eXveqBICj-fo-pli/view?usp=drivesdk
1658,Basic Leggings,Clothing,XL,"A pair of plain, fitted leggings with an elastic waistband.",Turquoise,29,10.79,1658.jpg,https://drive.google.com/file/d/1DEekjl6aNnoGwXm9DBxf7rJrhfIqWL6z/view?usp=drivesdk
1659,Leather Strap Watch,Clothing,M,A black wristwatch with a leather strap and blue hour markers.,Black,10,39.24,1659.jpg,https://drive.google.com/file/d/1P3lPrAe-FaVCtX6q2TrpLV1lzVNXaFTf/view?usp=drivesdk
1660,Tool Cufflinks,Clothing,S,Silver cufflinks shaped like a saw and a hammer.,Silver,40,36.35,1660.jpg,https://drive.google.com/file/d/1zVuXwCnpYFRmNiTTFJca7qU3OvRj6l70/view?usp=drivesdk
1661,Rectangular Cufflinks,Clothing,XL,A pair of rectangular silver cufflinks with two vertical cutouts on each.,Silver,39,12.4,1661.jpg,https://drive.google.com/file/d/19jqjilc0hohRe35HOTjduQWdGa35-Yj9/view?usp=drivesdk
1662,Square Cufflinks,Clothing,L,Square-shaped cufflinks with a black center and silver border featuring small screw-like details.,Black,47,38.17,1662.jpg,https://drive.google.com/file/d/1voSf-NjVNyV4pShsy4nwWK_PVG3OvBFh/view?usp=drivesdk
1663,Square Cufflinks,Clothing,S,Silver square cufflinks with a white center and screw-like detailing on the edges.,Silver,43,48.55,1663.jpg,https://drive.google.com/file/d/1EfNxAKDgCOQrU1P8g1lJR_DXNfX4BLJo/view?usp=drivesdk
1664,Patterned Cufflinks,Clothing,XL,Silver cufflinks with a red and black diamond pattern design.,Silver,31,26.17,1664.jpg,https://drive.google.com/file/d/1FXqXnk1brHLs8K9cJugnLTrbCCEIbmIk/view?usp=drivesdk
1665,Two-tone cufflinks,Clothing,XL,Square cufflinks with a silver center and gold striped edges.,Gold,46,37.36,1665.jpg,https://drive.google.com/file/d/1o-P7JqcO4f_VBHAdeTwmg5lyXOrmN8yV/view?usp=drivesdk
1666,Square Cufflinks,Clothing,L,A pair of silver square cufflinks with a dotted pattern on the front.,Silver,47,27.4,1666.jpg,https://drive.google.com/file/d/1oycDHND2R1V73Auy31jpxwgZafEQ8RDK/view?usp=drivesdk
1667,Blue Cufflinks,Clothing,M,Round silver cufflinks with a blue concentric circle design.,Blue,48,23.48,1667.jpg,https://drive.google.com/file/d/1u5MgQmgNJw3MxiQftbTpy090n2BFYqhw/view?usp=drivesdk
1668,Drawstring Capris,Clothing,XL,Comfortable capri pants with a drawstring waist and a relaxed fit.,Red,25,19.08,1668.jpg,https://drive.google.com/file/d/10xjT2ZYT-YOES6JvlqVCbqtLS_6cN1Pp/view?usp=drivesdk
1669,Formal Trousers,Clothing,S,A pair of black formal trousers worn with a belt and dress shoes.,Black,39,11.27,1669.jpg,https://drive.google.com/file/d/1wbqk2g0hKvqjvtaXQAc4bRfoZxFJkokh/view?usp=drivesdk
1670,Brown Leggings,Clothing,L,A pair of fitted brown leggings worn with a white tunic and sandals.,Brown,27,19.41,1670.jpg,https://drive.google.com/file/d/1Ntt2DJ58Wi2vdcH94iju5OdQFqJkNOs9/view?usp=drivesdk
1671,Cotton Leggings,Clothing,L,A pair of fitted cotton leggings in a vibrant pink color.,Pink,22,21.04,1671.jpg,https://drive.google.com/file/d/1_pzfRvnNiuQmolEmftFw_jGsNeBqAcJQ/view?usp=drivesdk
1672,Blue Leggings,Clothing,M,A pair of fitted blue leggings with a ruched design at the ankles.,Blue,8,25.12,1672.jpg,https://drive.google.com/file/d/1HY6hxRmtnB3EY6yuqe1hndpLePMOYixG/view?usp=drivesdk
1673,White Leggings,Clothing,S,A pair of plain white fitted leggings.,White,8,14.05,1673.jpg,https://drive.google.com/file/d/1IC6duibpsyPZ6jQqrIWflwRx49aY7FRC/view?usp=drivesdk
1674,Cotton Leggings,Clothing,L,A pair of fitted cotton leggings in a solid color.,Purple,23,17.42,1674.jpg,https://drive.google.com/file/d/1o33cR7BOK5d_C8z5Euq_mFdOtdWQUk0U/view?usp=drivesdk
1675,Basic Leggings,Clothing,L,A pair of light blue fitted leggings worn with a white tunic and sandals.,Blue,5,45.29,1675.jpg,https://drive.google.com/file/d/1Ej51JslQtBE3IRSTvBiVMk7NI1pyzEqr/view?usp=drivesdk
1676,Purple Leggings,Clothing,S,A pair of fitted purple leggings worn with a white tunic and sandals.,Purple,20,33.96,1676.jpg,https://drive.google.com/file/d/1LLPHlaPMbLzY-V6yNEQ7unoAerul159R/view?usp=drivesdk
1677,Drawstring Sweatpants,Clothing,S,Light grey sweatpants with a drawstring waist and a relaxed fit.,Light Grey,49,20.57,1677.jpg,https://drive.google.com/file/d/1n8VNAjA9D__pLSCUiwZ_2KcEEopGePTV/view?usp=drivesdk
1678,Casual Capris,Clothing,XL,Comfortable casual capri pants with a drawstring waist.,Beige,48,10.64,1678.jpg,https://drive.google.com/file/d/1AhB-b9UfdZl0V4q3IjUsQOH1bBVftG8X/view?usp=drivesdk
1679,Floral High-Low Dress,Clothing,L,A sleeveless high-low dress featuring a red floral pattern with a flowy silhouette.,Red,23,17.94,1679.jpg,https://drive.google.com/file/d/1TkFs7jCHjzonI3TQh4A8Nf6ZmQjPObBu/view?usp=drivesdk
1680,Drawstring Pants,Clothing,M,Comfortable navy blue drawstring pants with a relaxed fit.,Blue,30,45.69,1680.jpg,https://drive.google.com/file/d/1prVAmR7e0I6-j8KyR5eaSFqKd4uA_N5a/view?usp=drivesdk
1681,Black Leather Shoe,Clothing,S,A sleek black leather formal shoe with lace-up design and cushioned interior.,Black,41,33.1,1681.jpg,https://drive.google.com/file/d/1j3VUIlhkz_8TXGGT1UUeJLVIiQt2k7dC/view?usp=drivesdk
1682,Leather Loafer,Clothing,S,A black leather loafer with lace-up design and textured finish.,Black,18,36.02,1682.jpg,https://drive.google.com/file/d/1RyrbIxfNi5f0yPpad1fsz8kCrHS7Q-Yw/view?usp=drivesdk
1683,Leather Loafers,Clothing,M,Black leather slip-on loafers with a textured finish and cushioned interior.,Black,27,11.74,1683.jpg,https://drive.google.com/file/d/1pmvU-bATEeOKQTxetqonZuQ9IWnNp1Uw/view?usp=drivesdk
1684,Tulle Skirt,Clothing,S,A bright red layered tulle skirt with an elastic waistband.,Red,10,26.15,1684.jpg,https://drive.google.com/file/d/1ueceOTl25VuJzUt8Q7XBGqSMbAE7oVyr/view?usp=drivesdk
1685,Baby leggings,Clothing,XL,"Soft, light green baby leggings with an elastic waistband.",Green,9,37.31,1685.jpg,https://drive.google.com/file/d/1uruHXXFNG_z5jqVcANI7oBeDfpja2_r_/view?usp=drivesdk
1686,Green Shorts,Clothing,XL,A pair of green denim shorts with front pockets and rolled hems.,Green,19,28.39,1686.jpg,https://drive.google.com/file/d/1Yxdaj9CPmOPXnbtW01_xN1I7cYobzq2G/view?usp=drivesdk
1687,White Petticoat,Clothing,L,A white layered petticoat skirt with an elastic waistband.,White,35,17.63,1687.jpg,https://drive.google.com/file/d/1u0ZjeJKk-san_Nnczr3aebN7alSygGXf/view?usp=drivesdk
1688,Denim Shorts,Clothing,L,Light blue denim shorts with a white belt and colorful stitching on the pockets.,Blue,18,46.46,1688.jpg,https://drive.google.com/file/d/1aT3Gkz1bL-sl2vwdLt3gAhBaPAVxAL9t/view?usp=drivesdk
1689,Slim Jeans,Clothing,S,Dark blue slim-fit jeans with a classic five-pocket design.,Blue,7,41.95,1689.jpg,https://drive.google.com/file/d/1Yy4QdEBuR_NAZmo8DFCrjFO6ShX95ULy/view?usp=drivesdk
1690,casual pants,Clothing,M,Light grey casual pants with a straight fit and classic five-pocket design.,Grey,31,25.21,1690.jpg,https://drive.google.com/file/d/1jfWna6dbaTgptJfFEZDIOa6TxKq1oJp5/view?usp=drivesdk
1691,Hooded Sweatshirt,Clothing,M,A black hooded sweatshirt with a front zipper and grey inner hood lining.,Black,16,27.21,1691.jpg,https://drive.google.com/file/d/1AmN48Yxj7-C3oTv_Aso5hDdDODqrbfU4/view?usp=drivesdk
1692,Black Briefcase,Clothing,L,"A black briefcase with green stitching, featuring handles and a detachable shoulder strap.",Black,37,48.04,1692.jpg,https://drive.google.com/file/d/1PgZz_CQ1QSfDo8OznHO7MHloZpHz-Edp/view?usp=drivesdk
1693,Black Laptop Bag,Clothing,XL,A sleek black laptop bag with handles and an adjustable shoulder strap.,Black,38,36.59,1693.jpg,https://drive.google.com/file/d/1Tf2IPVNrqQ-bxTOH8OmmIysF75IND746/view?usp=drivesdk
1694,Multicolor Flipflop,Clothing,L,A flat sandal with multicolor straps and a black sole.,Black,15,25.79,1694.jpg,https://drive.google.com/file/d/1dFXmj-7ixWOyPpN7hV57EgOhi5nVK_WS/view?usp=drivesdk
1695,White Sports Shoe,Clothing,L,A white sports shoe with perforated detailing and green logo accents.,White,6,24.06,1695.jpg,https://drive.google.com/file/d/1HGJzQrMKmV1HVn5nJIw-lx9OxFnJY5Ev/view?usp=drivesdk
1696,Running Shoe,Clothing,M,White running shoe with grey and black accents and a cushioned sole.,White,26,27.86,1696.jpg,https://drive.google.com/file/d/1rVmsa7cuDj4XCBsNx8jNq8TNcE7MSaLG/view?usp=drivesdk
1697,Patterned Dress,Clothing,XL,A short dress with a geometric pattern featuring a brown belt at the waist.,Blue,33,19.27,1697.jpg,https://drive.google.com/file/d/1s8YLkojE4nYCv3NPXfJTNnmBTHe2M2Mr/view?usp=drivesdk
1698,Patterned Dress,Clothing,XL,"A vibrant, geometric patterned dress with elbow-length sleeves and a slim belt at the waist.",Pink,43,41.46,1698.jpg,https://drive.google.com/file/d/1qT3oGeYA-_A79mKeOkJI4RGN3teAE2SV/view?usp=drivesdk
1699,Pencil Skirt,Clothing,M,A fitted knee-length pencil skirt with a brown belt.,Dark Gray,10,11.48,1699.jpg,https://drive.google.com/file/d/1D3IMHIHqYbXgkdygTjHT1XBDUK9YnTT2/view?usp=drivesdk
1700,Ruffled Mini Skirt,Clothing,S,A dark-colored mini skirt featuring a ruffled layer at the top.,Dark Green,3,30.84,1700.jpg,https://drive.google.com/file/d/1gH0bexgfnqLDbcAGMs7uD0FABAMdK_QW/view?usp=drivesdk
1701,Cargo Shorts,Clothing,XL,Beige cargo shorts with multiple pockets and a striped belt.,Beige,37,27.63,1701.jpg,https://drive.google.com/file/d/1jwIBKjDNw8Qnwp-Oh2h4apWOCOwNdZ5e/view?usp=drivesdk
1702,Black Trousers,Clothing,L,"Slim-fit black trousers with a white belt, styled for a formal or office look.",Black,24,14.22,1702.jpg,https://drive.google.com/file/d/1GJSAoX-oATCbYCzhfYNqtgzXSw1eRh57/view?usp=drivesdk
1703,Men's Chinos,Clothing,S,"A pair of beige men's chinos with a straight fit, worn with a brown belt.",Beige,32,35.91,1703.jpg,https://drive.google.com/file/d/18vFDlcb6uOtHBag5zzPLflyNrDfnIO2v/view?usp=drivesdk
1704,Formal Trousers,Clothing,XL,Men's formal trousers in a tailored fit with a subtle pattern.,Gray,24,49.69,1704.jpg,https://drive.google.com/file/d/1YJ_-VCt7Pu4TDnFkFiW1NenBJXPWIOtV/view?usp=drivesdk
1705,Black Trousers,Clothing,XL,A pair of formal black trousers with a straight fit.,Black,3,11.61,1705.jpg,https://drive.google.com/file/d/1LAtmmRh-XoQ4vmMiWHGOjx8RNi30YIYs/view?usp=drivesdk
1706,Formal Trousers,Clothing,M,"Black formal trousers paired with a belt, suitable for business or formal occasions.",Black,28,40.9,1706.jpg,https://drive.google.com/file/d/1E-O-hpyeuintCpQvex6DXreSo0AE5SDR/view?usp=drivesdk
1707,Drawstring Shorts,Clothing,XL,Purple shorts with a pink drawstring and pink trim at the hem.,Purple,22,34.38,1707.jpg,https://drive.google.com/file/d/1Qkp1QlcnQhAgSRyLJ4npxIudNHNGdXX8/view?usp=drivesdk
1708,Motorcycle Tee,Clothing,S,Black short-sleeve t-shirt featuring a vintage motorcycle graphic and text print.,Black,10,49.2,1708.jpg,https://drive.google.com/file/d/1OS8zGCO1pldIhxSHpZXfNr1VYJBmG-yy/view?usp=drivesdk
1709,Lion Print T-shirt,Clothing,S,A yellow short-sleeve t-shirt featuring a lion graphic and text print on the front.,Yellow,1,19.72,1709.jpg,https://drive.google.com/file/d/1OC29GHfy29CVw1z3hxB1YWtFuxv3bFhf/view?usp=drivesdk
1710,Checkered Backpack,Clothing,L,A checkered pattern backpack with black straps and side pockets.,Black,49,12.54,1710.jpg,https://drive.google.com/file/d/16uBF5g9M6d0r72dYnwOqEQpDHromdJXd/view?usp=drivesdk
1711,Yellow Crossbody,Clothing,L,A yellow leather crossbody bag with a flap closure and adjustable strap.,Yellow,34,26.99,1711.jpg,https://drive.google.com/file/d/1YDoJQwAMGXx2AaAOmoNGP__1E5cJ0ZI0/view?usp=drivesdk
1712,Leather Messenger,Clothing,L,Black leather messenger bag with red perforated detailing and a red adjustable strap.,Black,39,26.33,1712.jpg,https://drive.google.com/file/d/1o880ac544wTWmHdHStgVp5gbT1-qJapq/view?usp=drivesdk
1713,Suede Chukka,Clothing,L,A green suede chukka boot with a wooden sole and lace-up design.,Green,2,37.49,1713.jpg,https://drive.google.com/file/d/1R5i9qugEG7NRP2-9W1dbu6XZoBzb9LnG/view?usp=drivesdk
1714,Black Sunglasses,Clothing,L,A pair of black rectangular sunglasses with dark tinted lenses.,Black,11,32.62,1714.jpg,https://drive.google.com/file/d/1JhQmcE1gsBs_56T7B_63WHA0YsuXR0AM/view?usp=drivesdk
1715,Track Pants,Clothing,L,Black Adidas track pants with side stripes and an elastic waistband.,Black,43,49.63,1715.jpg,https://drive.google.com/file/d/1Sq7AN-fp77547dAcUS0DalyhaLa2k__a/view?usp=drivesdk
1716,Track Pants,Clothing,M,Black Adidas track pants with a relaxed fit and logo on the thigh.,Black,36,27.28,1716.jpg,https://drive.google.com/file/d/1w0KyRYq2TyymPUPJi2Iw_ZuXLGchU2cT/view?usp=drivesdk
1717,Athletic Shorts,Clothing,S,Black athletic shorts with a relaxed fit and a subtle side detail.,Black,50,25.27,1717.jpg,https://drive.google.com/file/d/1ebzUNmUeo84C4DHDRP3GYA4EQBpYK9Ix/view?usp=drivesdk
1718,Track Jacket,Clothing,L,A yellow and green zip-up track jacket with a high collar and striped sleeves.,Yellow,21,24.83,1718.jpg,https://drive.google.com/file/d/1vqwe9KX5L3NhixrMPjuDN77f2rn58bqP/view?usp=drivesdk
1719,Messi Track Jacket,Clothing,L,Navy blue full-zip track jacket with light blue and white stripes on the sleeves and Messi logo on the chest.,Navy Blue,27,24.59,1719.jpg,https://drive.google.com/file/d/1yB4uqXI-drVUPB-wqCH5dFytnv3RApFg/view?usp=drivesdk
1720,Adidas Shorts,Clothing,M,Black Adidas athletic shorts with pink side stripes and logo.,Black,49,26.63,1720.jpg,https://drive.google.com/file/d/1qRC_PghWthTzB5oVCzenQOQ2ilSDw5q0/view?usp=drivesdk
1721,Capri Pants,Clothing,L,Black capri pants with a drawstring waist and a relaxed fit.,Black,44,32.16,1721.jpg,https://drive.google.com/file/d/1VoOG4MrrHtc15-V_JOE12G24CJ2XrnXa/view?usp=drivesdk
1722,Sports Shorts,Clothing,S,Navy blue sports shorts with white side stripes and an elastic waistband.,Blue,16,15.28,1722.jpg,https://drive.google.com/file/d/1fLuRdZcCAZQULJBVzOHHVp_WnydE93GX/view?usp=drivesdk
1723,Striped Sports T-shirt,Clothing,M,Black short-sleeve sports t-shirt with blue diagonal stripes and orange logo.,Black,47,48.5,1723.jpg,https://drive.google.com/file/d/1kbBZUbM9dVlZAF01iRyc9RIX4Q5jTeq8/view?usp=drivesdk
1724,Sports Shorts,Clothing,S,Black athletic shorts with blue side panels and an orange logo.,Black,0,37.25,1724.jpg,https://drive.google.com/file/d/1RLds8RHplOlEzZX4bJkG1EXNxX4Sq4dh/view?usp=drivesdk
1725,Track Pants,Clothing,L,Navy blue track pants with orange and blue stripes on the lower legs.,Navy Blue,11,41.14,1725.jpg,https://drive.google.com/file/d/1-eSciJHGnqztPz91sV5XIbrcJ4U77Vvc/view?usp=drivesdk
1726,Track Suit,Clothing,M,A men's track suit with a zip-up jacket featuring white and blue color blocks and matching navy blue pants.,Blue,24,30.19,1726.jpg,https://drive.google.com/file/d/1fFB2Tnt-b17lzGveKgF-u2iizi_qrGkV/view?usp=drivesdk
1727,New York Cap,Clothing,M,A black baseball cap with 'NEW YORK' embroidered in white and three white stripes on the brim.,Black,41,19.6,1727.jpg,https://drive.google.com/file/d/1t2ekpRfE1tVVGowEFTgwhequDAW18RUA/view?usp=drivesdk
1728,Polka Dot Dress,Clothing,L,A sleeveless dress featuring a polka dot pattern on the top and horizontal stripes on the skirt with a dotted waistband.,White,36,47.76,1728.jpg,https://drive.google.com/file/d/1bm73cYAb-diREhzoG7JlwYY1XJ0OrPSP/view?usp=drivesdk
1729,Colorblock Polo,Clothing,XL,"Short-sleeve polo shirt with a split black and white color design, featuring red accents and embroidered details.",Black,19,11.53,1729.jpg,https://drive.google.com/file/d/19PlN0UstxjzaZxr1L0TO3EX1iTHZVL0_/view?usp=drivesdk
1730,White Shorts,Clothing,S,White casual shorts with front pockets and a printed design near the hem.,White,41,34.17,1730.jpg,https://drive.google.com/file/d/1K-H4wG4DDtuj8UHdl8Ib6AJUyAMH2SCx/view?usp=drivesdk
1731,Sport Sunglasses,Clothing,M,Black framed sport sunglasses with blue accents and tinted lenses.,Black,14,49.73,1731.jpg,https://drive.google.com/file/d/1VUZc6RnracR0HNh7pVdsSBUmmq6rGOaT/view?usp=drivesdk
1732,Beige Chinos,Clothing,S,A pair of beige casual chinos with a straight fit.,Beige,38,18.4,1732.jpg,https://drive.google.com/file/d/11qXMZesPIQrKoACIMuSrHJmv7TN6mPoH/view?usp=drivesdk
1733,Men's Trousers,Clothing,L,A pair of dark green formal trousers for men.,Green,0,44.97,1733.jpg,https://drive.google.com/file/d/1ZlKycDOZ6gGBZ0BcsRPi1olUnEE0_GlN/view?usp=drivesdk
1734,Kids Sport Sandal,Clothing,M,A pink and black kids' sport sandal with adjustable straps and a cartoon character decoration.,Pink,39,24.69,1734.jpg,https://drive.google.com/file/d/1rc3gLmyEBiuvpqo8SeNyjmwR88iYWWWn/view?usp=drivesdk
1735,Rajasthan Royals Jersey,Clothing,S,A short-sleeve sports jersey featuring blue body with beige sleeves and team logos.,Blue,29,25.76,1735.jpg,https://drive.google.com/file/d/13hfSPlnx4F6tZGIrMoUwvngSS2LJniMe/view?usp=drivesdk
1736,Sleeveless Dress,Clothing,L,A sleeveless dress with a draped neckline and ruffle detail on the front.,Mauve,21,42.84,1736.jpg,https://drive.google.com/file/d/16r9-_JYPeHT_QKKDSsH_ZqkZt41S3IDH/view?usp=drivesdk
1737,High Waist Skirt,Clothing,S,A fitted high waist pencil skirt in a light beige color.,Beige,50,11.56,1737.jpg,https://drive.google.com/file/d/1NpSe7ZfMdjWQZ1tzKIkRCpoyW8Cc6XA2/view?usp=drivesdk
1738,Black Mini Skirt,Clothing,M,A black mini skirt with gathered detailing near the pockets.,Black,13,15.71,1738.jpg,https://drive.google.com/file/d/1d9F2ca7RfauZLtVqL7x-RcwMu0rUvfbt/view?usp=drivesdk
1739,Floral Skirt,Clothing,S,"A short, flowy skirt with a colorful floral pattern and a black waistband.",Multicolor,13,18.75,1739.jpg,https://drive.google.com/file/d/1Yvu3oPEb4wlzfraBSXU-uLqsvR8wco5p/view?usp=drivesdk
1740,Mini Skirt,Clothing,M,"A fitted, solid-colored mini skirt with a simple waistband.",Dark Gray,22,48.34,1740.jpg,https://drive.google.com/file/d/1IS_RaCFRpe-UpdiXhDhX2s7gRAOGR3g9/view?usp=drivesdk
1741,Embroidered Tunic,Clothing,S,A taupe long-sleeve tunic with black and beige embroidered detailing on the neckline.,Taupe,10,47.46,1741.jpg,https://drive.google.com/file/d/1o269O7rEVA7ZrqJRgPb3EeTBbFx_B3Pi/view?usp=drivesdk
1742,Men's Dress Shoe,Clothing,M,A sleek men's dress shoe with a pointed toe and lace-up design in perforated leather.,Brown,12,48.5,1742.jpg,https://drive.google.com/file/d/1tSouBoA0COeRO3n6gMkHCH6gGiyyw-Z9/view?usp=drivesdk
1743,Leather Loafers,Clothing,S,A pair of brown leather slip-on loafers with a low heel and stitched detailing.,Brown,7,33.58,1743.jpg,https://drive.google.com/file/d/15RHdqb_X3IdUVIHpHSviRnEK2PDjpkg4/view?usp=drivesdk
1744,Leather Chukka,Clothing,XL,A brown leather chukka boot with lace-up closure and white stitching detail.,Brown,0,12.88,1744.jpg,https://drive.google.com/file/d/11-HvMIyjWOvmmN86nsEvQvMdn0_xoZkI/view?usp=drivesdk
1745,Titan Wristwatch,Clothing,XL,A rectangular gold-tone wristwatch with a black leather strap and day-date display.,Black,21,43.97,1745.jpg,https://drive.google.com/file/d/19AC80j5gsc1CB_MyuE7v2F29G_kKW0ck/view?usp=drivesdk
1746,Gold Wristwatch,Clothing,M,A gold-toned wristwatch with a rectangular dial and a metal link band.,Gold,49,47.11,1746.jpg,https://drive.google.com/file/d/1iBU2-MfQJx047KWa671_1vmRPqRFndZM/view?usp=drivesdk
1747,Leather Strap Watch,Clothing,XL,A classic wristwatch with a rectangular gold-tone case and a brown leather strap.,Brown,46,43.25,1747.jpg,https://drive.google.com/file/d/18O8J8DJIry7ChnXTgLfxMBpXvecHMc5n/view?usp=drivesdk
1748,Leather Strap Watch,Clothing,L,"A classic wristwatch with a white dial, Roman numerals, and a black leather strap.",Black,27,23.8,1748.jpg,https://drive.google.com/file/d/1oUIy4oc-bsHvkrADdvnKou4hNuVCLSq2/view?usp=drivesdk
1749,Silver Wristwatch,Clothing,M,A rectangular dial silver wristwatch with a metal strap.,Silver,17,33.32,1749.jpg,https://drive.google.com/file/d/1QLPZzz4pPjsvZDuM9IrPhiB2hbvSYhzZ/view?usp=drivesdk
1750,Black Wristwatch,Clothing,L,A sleek black wristwatch with a narrow rectangular dial and a black strap.,Black,34,16.22,1750.jpg,https://drive.google.com/file/d/1VJb8d3x2PqtX_3PrR8gdTkwMugridQTN/view?usp=drivesdk
1751,Gold Bracelet Watch,Clothing,XL,A gold-toned bracelet watch with a floral design on the dial.,Gold,38,27.44,1751.jpg,https://drive.google.com/file/d/15zJnrv6HQ5WDtnOErmRWKsRIfbfrBNaP/view?usp=drivesdk
1752,Gold Wristwatch,Clothing,XL,A rectangular gold wristwatch with a metallic strap and a white dial.,Gold,6,20.41,1752.jpg,https://drive.google.com/file/d/1HG_h9uZ8vCa8YxBzIECSn-iarELa9dzC/view?usp=drivesdk
1753,Gold Wristwatch,Clothing,XL,A rectangular gold wristwatch with a black dial and date display.,Gold,26,24.64,1753.jpg,https://drive.google.com/file/d/1Ll942qfXNinbBUBQ6zJKy3_pChVfSJsV/view?usp=drivesdk
1754,Colorful Flip Flop,Clothing,S,A colorful flip flop sandal with white straps and a multicolor patterned sole.,White,45,19.24,1754.jpg,https://drive.google.com/file/d/1TNfeAcTysPlXIqWiLsQ5jKPZC634JINJ/view?usp=drivesdk
1755,Blue Cap,Clothing,L,A blue baseball cap with a white embroidered logo on the front.,Blue,29,37.37,1755.jpg,https://drive.google.com/file/d/1h3jlOGMtmwtwK7dnmMtdw3uMVTVytW6v/view?usp=drivesdk
1756,Sleeveless Hoodie,Clothing,L,"A blue sleeveless hoodie with a front zipper, grey inner hood lining, and printed text and stars on the front.",Blue,25,25.79,1756.jpg,https://drive.google.com/file/d/1W4SDKRlIqIcuqdC01kiP5x1bYedd7p3k/view?usp=drivesdk
1757,Basic Leggings,Clothing,S,"A pair of plain, fitted leggings with an elastic waistband.",Turquoise,6,39.77,1757.jpg,https://drive.google.com/file/d/1cjvgsHdeWyaUclJf1OpHIori44TaEEQn/view?usp=drivesdk
1758,Basic Leggings,Clothing,L,"A pair of plain, fitted leggings with an elastic waistband.",Turquoise,17,17.26,1758.jpg,https://drive.google.com/file/d/1gMXvPcLzanYiRf9LwrJj4R-Pp6YcHSDo/view?usp=drivesdk
1759,Superhero T-shirt,Clothing,M,Red short-sleeve t-shirt featuring a colorful superhero comic print on the front.,Red,16,48.12,1759.jpg,https://drive.google.com/file/d/1QlNE6JzoYPOSJhA6ftjU3znZRRV7IZUn/view?usp=drivesdk
1760,Denim Shorts,Clothing,M,Light blue denim shorts with front pockets and belt loops.,Blue,39,42.13,1760.jpg,https://drive.google.com/file/d/1njQ7I7kpl_x4bB_-S_NWSUQTdxB2mt7d/view?usp=drivesdk
1761,Denim Skirt,Clothing,S,A light blue denim skirt with front pockets and a button closure.,Blue,26,46.85,1761.jpg,https://drive.google.com/file/d/1MX1-E89iX1GFpo5yz__anksR8E67UQAq/view?usp=drivesdk
1762,Denim Skirt,Clothing,L,A light blue denim skirt with front pockets and a button closure.,Blue,15,37.66,1762.jpg,https://drive.google.com/file/d/1dbmQ7F9w4Eo8BbJcmDzxHBWESEFArJPz/view?usp=drivesdk
1763,Denim Skirt,Clothing,XL,A dark blue denim skirt with front pockets and a button closure.,Blue,44,13,1763.jpg,https://drive.google.com/file/d/1z_8_EN__ZJEhAYVmqf6dnctqMR2kyvNv/view?usp=drivesdk
1764,Denim Skirt,Clothing,M,A dark blue denim skirt with front pockets and a button closure.,Blue,45,46.85,1764.jpg,https://drive.google.com/file/d/18aDvh04BYuaqfpaAunSsxXyGXy8QFLyo/view?usp=drivesdk
1765,Military Cap,Clothing,XL,A green military-style cap with a curved brim and a brown patch featuring text on the front.,Green,30,29.74,1765.jpg,https://drive.google.com/file/d/1z3Cr63Qu-BHRIR0StIbi0Dk6Y7alz7Ft/view?usp=drivesdk
1766,White Leather Strap,Clothing,L,White leather strap suitable for watches.,White,42,18.18,1766.jpg,https://drive.google.com/file/d/1NfmGLRukHPv9kZtjjqaTio9lb_k6gkxx/view?usp=drivesdk
1767,Pencil Skirt,Clothing,M,"A knee-length, fitted pencil skirt in a solid color, paired with a belt.",Gray,7,12.69,1767.jpg,https://drive.google.com/file/d/1Gf_2BXSNwPpajGvEZvf5-k9VeMqAyV5W/view?usp=drivesdk
1768,Pencil Skirt,Clothing,L,A knee-length black pencil skirt with a fitted silhouette.,Black,33,15.42,1768.jpg,https://drive.google.com/file/d/1i85ImHGMavoEIVpPDuPv33BV2kbMw_aK/view?usp=drivesdk
1769,Belted Shorts,Clothing,XL,Light blue belted shorts with cuffed hems and side pockets.,Light Blue,44,34.86,1769.jpg,https://drive.google.com/file/d/1gIxnjS6i71VzQtB6ToT0W0cAeOuH-rAS/view?usp=drivesdk
1770,Black Shorts,Clothing,S,A pair of black shorts with a white belt and visible stitching details.,Black,16,20.03,1770.jpg,https://drive.google.com/file/d/1vUR3I2DdMOXNAQzmWBQIOM_H5Ok_63w1/view?usp=drivesdk
1771,Black Trousers,Clothing,S,A pair of black straight-fit trousers with a white belt.,Black,11,19.32,1771.jpg,https://drive.google.com/file/d/1MjpEyy-0skWBMERAvf-vboHqKuC9o9s4/view?usp=drivesdk
1772,Leather Belt,Clothing,XL,A black leather belt with a silver rectangular buckle.,Black,11,10.99,1772.jpg,https://drive.google.com/file/d/1mvqdW8EQQ2zZSZH3VamPxh_IAGA1uBfl/view?usp=drivesdk
1773,Leather Belt,Clothing,XL,A black leather belt with a silver buckle and brown inner lining.,Black,50,38.46,1773.jpg,https://drive.google.com/file/d/1XSBG5RwM1r3Z2CvsR3ikwQ69oyW-dWAV/view?usp=drivesdk
1774,Leather Wallet,Clothing,L,A dark brown leather wallet with visible stitching along the edges.,Brown,14,24.46,1774.jpg,https://drive.google.com/file/d/1sYIzcsj6XCnV9YS5LnGnQxfN6HpEnwZc/view?usp=drivesdk
1775,White Shorts,Clothing,XL,White knee-length shorts with a light blue patterned belt tied at the waist.,White,28,26.25,1775.jpg,https://drive.google.com/file/d/1LseunGFYpxmMjMqnNzUh060I4AcFPLiA/view?usp=drivesdk
1776,Cotton Kurti,Clothing,M,A teal-colored cotton kurti with three-quarter sleeves.,Teal,35,10.75,1776.jpg,https://drive.google.com/file/d/1j827kPK2oRgI21GRz2lLcUuGkOthGwMs/view?usp=drivesdk
1777,Black Leggings,Clothing,M,A pair of fitted black leggings worn with a printed top and high-heeled sandals.,Black,47,18.72,1777.jpg,https://drive.google.com/file/d/13LLNfgd2MNnzy75Df06L3wB5WyhXdBqH/view?usp=drivesdk
1778,Cotton Leggings,Clothing,L,A pair of fitted cotton leggings in a solid color.,Blue,17,33.91,1778.jpg,https://drive.google.com/file/d/17kbWZw4BVuPcc12vYj3cwTWHf7HcfH0l/view?usp=drivesdk
1779,Cotton Leggings,Clothing,S,A pair of fitted cotton leggings in a solid color.,Maroon,47,49.58,1779.jpg,https://drive.google.com/file/d/1QJ89AAxM74Kzt-sVpY9Az-Y_jXRVSdWB/view?usp=drivesdk
1780,Cotton Leggings,Clothing,M,A pair of fitted cotton leggings in a solid color.,Orange,25,48.62,1780.jpg,https://drive.google.com/file/d/15Fg7dyV2Oh2KUN-spMGVB0iu3ZdCvtou/view?usp=drivesdk
1781,Light Wash Jeans,Clothing,S,A pair of light blue washed denim jeans with a slim fit design.,Blue,5,25.32,1781.jpg,https://drive.google.com/file/d/1pahJvwdapdrEI-SXVdIrbnMdylS0h5M0/view?usp=drivesdk
1782,Black Sneakers,Clothing,M,A pair of black athletic sneakers with white accents and laces.,Black,3,45.82,1782.jpg,https://drive.google.com/file/d/1oV4nNm71tPuiSCUQ3rbfgx2zYbW4m5Ip/view?usp=drivesdk
1783,Striped Polo,Clothing,XL,A short-sleeve polo shirt with black and grey horizontal stripes and a black collar.,Black,37,20.1,1783.jpg,https://drive.google.com/file/d/1dhuO71nm98UoJCCaVQuDnq4qMPSd9AgM/view?usp=drivesdk
1784,Running Shoe,Clothing,L,Black and red athletic running shoe with lace-up design and cushioned sole.,Black,12,46.66,1784.jpg,https://drive.google.com/file/d/1vtEbDkGElizSTYSEdGoqpWQRa9yMinYL/view?usp=drivesdk
1785,Black Oxford Shoes,Clothing,L,A pair of black leather Oxford shoes with a pointed toe and lace-up design.,Black,45,36.31,1785.jpg,https://drive.google.com/file/d/12Hu7EKMjtM20rhx3k6qV-sBaMnfRpZbB/view?usp=drivesdk
1786,Aviator Sunglasses,Clothing,XL,Aviator style sunglasses with dark lenses and red arms.,Red,30,36.19,1786.jpg,https://drive.google.com/file/d/1a_msnIQRjTybHUwfmdSBb-84-N4E26ai/view?usp=drivesdk
1787,Sleeveless Dress,Clothing,XL,"A sleeveless, knee-length dress with a fitted waist and button details.",Blue,38,26.71,1787.jpg,https://drive.google.com/file/d/1xRHOpWEfHyMMlSIkv_ZxAOQ0BMlbFxGP/view?usp=drivesdk
1788,Striped Shirt,Clothing,XL,A white shirt with blue vertical stripes and rolled-up sleeves.,White,5,41.81,1788.jpg,https://drive.google.com/file/d/14vZduhCDXAlJ7y5zBtD1gHOupYPq2fPe/view?usp=drivesdk
1789,Button-up Shirt,Clothing,XL,A light grey long-sleeve button-up shirt with a chest pocket and black buttons.,Grey,11,11.6,1789.jpg,https://drive.google.com/file/d/1nvA7HCV6RgN_3KpHKIDzJEHoB8-GaYxD/view?usp=drivesdk
1790,Formal Trousers,Clothing,M,"A pair of black formal trousers with a straight fit, worn with a belt.",Black,7,42.74,1790.jpg,https://drive.google.com/file/d/1odiGWUwJu47SyQqcuNFnmCmtqx21Vxoq/view?usp=drivesdk
1791,Striped Shirt,Clothing,M,A light blue long-sleeve shirt with white vertical stripes and a button-down front.,Blue,33,37.6,1791.jpg,https://drive.google.com/file/d/1hrj3ZstR866pNuq2b_OiohcPlx8IgR21/view?usp=drivesdk
1792,Striped Shirt,Clothing,XL,A long-sleeve blue shirt with white vertical stripes and a front pocket.,Blue,24,36.44,1792.jpg,https://drive.google.com/file/d/1JstbqOcREx9MDq_tQ01sZSx24Y5EtT7Z/view?usp=drivesdk
1793,Running Shoe,Clothing,S,A blue and gray running shoe with black and white accents and a cushioned sole.,Blue,15,13.68,1793.jpg,https://drive.google.com/file/d/1zumR69gxBmfKyPuII9e6BEsciAHUIE6N/view?usp=drivesdk
1794,One-Shoulder Dress,Clothing,L,A black one-shoulder mini dress featuring ruffle detailing along the neckline.,Black,25,13.24,1794.jpg,https://drive.google.com/file/d/1diEhTHkfoRRDQpGiB6p-pNc6CFT8Fy-W/view?usp=drivesdk
1795,Red Flip Flop,Clothing,L,A casual red flip flop with printed text and a thong strap.,Red,46,23.7,1795.jpg,https://drive.google.com/file/d/1pdBe5yIEIOC9Pi_3xi2wymnX5esiI4Nt/view?usp=drivesdk
1796,Adidas Drawstring Bag,Clothing,S,A black drawstring bag with an orange Adidas logo and trim.,Black,12,14.53,1796.jpg,https://drive.google.com/file/d/1YQDqyueNkHs0cwabOuMXB5_Ar6s-8XI4/view?usp=drivesdk
1797,Striped T-shirt,Clothing,XL,A red and white striped short-sleeve T-shirt with 'Costa Rica Palm Bay' text on the front.,Red,28,46.18,1797.jpg,https://drive.google.com/file/d/1yD2FyLgV1rjt9oMoJTxkdy57WiHVUCiD/view?usp=drivesdk
1798,White Shorts,Clothing,L,White shorts with pink stitching and button details on the side.,White,33,24.51,1798.jpg,https://drive.google.com/file/d/1kDgOzGQsUmMnERduf0kxrgup_9hpS-Jy/view?usp=drivesdk
1799,Bucking Bronco Tee,Clothing,XL,White short-sleeve t-shirt featuring a graphic print of a bucking bronco and rider.,White,21,31.26,1799.jpg,https://drive.google.com/file/d/1wjgwMIYkLz630tE_9bZmheAzanh7P8yM/view?usp=drivesdk
1800,Cargo Shorts,Clothing,L,Black cargo shorts with multiple pockets and a button closure.,Black,19,28.91,1800.jpg,https://drive.google.com/file/d/12-HFDB8flLTAq_mzQV57LnEQwHAg9OHq/view?usp=drivesdk
1801,Green Pouch,Clothing,L,A small green pouch with a zippered compartment and wave-like patterns.,Green,13,22.74,1801.jpg,https://drive.google.com/file/d/1O-cejBTjCgnKPM5TkJWjI8r3Ng0Rv7S4/view?usp=drivesdk
1802,Leather Wallet,Clothing,M,A black leather wallet with a textured finish and embossed branding.,Black,43,16.94,1802.jpg,https://drive.google.com/file/d/1vvFJERuxoO3AuqLJQWCzRbmVX_RS7o7S/view?usp=drivesdk
1803,Leather Wallet,Clothing,XL,A brown leather bi-fold wallet with a textured finish.,Brown,41,13.22,1803.jpg,https://drive.google.com/file/d/1Ud9EadwOh8bdQHg-MPxW_5q9C5BkOhu0/view?usp=drivesdk
1804,Mickey T-shirt,Clothing,S,A blue short-sleeve T-shirt featuring a large vintage-style Mickey Mouse graphic on the front.,Blue,7,17.12,1804.jpg,https://drive.google.com/file/d/19XBoWWo6A7f2jYxNj_JiX0b-TPq7U5Mo/view?usp=drivesdk
1805,Track Pants,Clothing,L,Men's navy blue track pants with an elastic waistband and light blue accents on the sides.,Navy Blue,11,26.72,1805.jpg,https://drive.google.com/file/d/1Z2Vuz2o7ORKdE9cnSW1RFj__MejVKz9L/view?usp=drivesdk
1806,Graphic T-shirt,Clothing,M,A teal short-sleeve t-shirt featuring a light blue graphic design on the front.,Teal,29,37.94,1806.jpg,https://drive.google.com/file/d/1IAgFkk26_Hfme-RcazQa21u7sNwG5YwF/view?usp=drivesdk
1807,Athletic Shorts,Clothing,M,Navy blue athletic shorts with orange side stripes and an elastic waistband.,Blue,17,49.01,1807.jpg,https://drive.google.com/file/d/1_c8MUzYOSbrtmGsgvUl-e4Q6H1gd9fsl/view?usp=drivesdk
1808,High-top sneaker,Clothing,S,"A high-top sneaker featuring white, grey, and red accents with a perforated design and lace-up closure.",White,40,18.78,1808.jpg,https://drive.google.com/file/d/11PW3h_8CjIpCBoZCuSXZrqAokTrRqL97/view?usp=drivesdk
1809,Graphic T-shirt,Clothing,L,Green short-sleeve T-shirt featuring a large question mark graphic and a cartoon character with the text 'MR. FORGETFUL'.,Green,8,36.76,1809.jpg,https://drive.google.com/file/d/1UvJYFudAV2FOaIuZBUDyVy1a2x-jwv5_/view?usp=drivesdk
1810,Black Soccer Shoe,Clothing,L,A black soccer shoe with white inner lining and a white logo on the side.,Black,4,31.55,1810.jpg,https://drive.google.com/file/d/1RTZTuO5Fv9MTEpbN9ssYKUompgtID1xO/view?usp=drivesdk
1811,Plaid Slip-On,Clothing,M,A slip-on shoe featuring a black and gray plaid pattern with pink accents and a white sole.,Black,18,21.95,1811.jpg,https://drive.google.com/file/d/1k5Zf7F-mujsjeZI6zHnI1-fTPUqznrXa/view?usp=drivesdk
1812,Girls Skirt,Clothing,S,A bright pink girls' skirt with front pockets and a butterfly embroidery detail.,Pink,15,45.56,1812.jpg,https://drive.google.com/file/d/1BLkVNr4CPmEQTgSs0EjbMjb6Q-CYEsYg/view?usp=drivesdk
1813,Graphic T-shirt,Clothing,M,A blue short-sleeve T-shirt featuring a large graphic design with a letter U and a screw illustration.,Blue,34,47.19,1813.jpg,https://drive.google.com/file/d/1kNS-Uij4jxyJ0RCoP9JWAEsbOt1Keubd/view?usp=drivesdk
1814,Black Harem Pants,Clothing,S,Loose-fitting black harem pants with a high waist and side pockets.,Black,35,48.69,1814.jpg,https://drive.google.com/file/d/1CjkgMPIX2kfe3uz4PW4II8kc1tsaBUuP/view?usp=drivesdk
1815,Capri leggings,Clothing,M,A pair of fitted capri-length leggings in a solid color.,Red,22,10.6,1815.jpg,https://drive.google.com/file/d/1wN1tPvq3xEKO1an9Pp__UURwdStzmE5b/view?usp=drivesdk
1816,Capri leggings,Clothing,XL,Black fitted capri leggings ending below the knee.,Black,0,21.82,1816.jpg,https://drive.google.com/file/d/1RzjG6_bdeML8btG-4MToUWAZJcfUts7l/view?usp=drivesdk
1817,Graphic T-shirt,Clothing,S,Black short-sleeve T-shirt featuring a cartoon donkey graphic and text.,Black,29,41.42,1817.jpg,https://drive.google.com/file/d/1iv30voKTilstKFLz6bT32s3c6OGNtQS7/view?usp=drivesdk
1818,Buttoned Sweater Vest,Clothing,S,A white sleeveless sweater vest with button closure and multicolor accents on the collar and hem.,White,10,19.18,1818.jpg,https://drive.google.com/file/d/1c51GuBp1c_6cpCIM_uh52x_pwkp8bDrx/view?usp=drivesdk
1819,Buttoned Sweater Vest,Clothing,M,A sleeveless buttoned sweater vest with a shawl collar and contrasting color accents.,Black,21,49.14,1819.jpg,https://drive.google.com/file/d/1sA7CEw-X-9oyyVS-sNfmTBr0geud7NO0/view?usp=drivesdk
1820,Gold Necklace,Clothing,S,A delicate gold chain necklace with a small heart-shaped pendant.,Gold,18,25.7,1820.jpg,https://drive.google.com/file/d/1N0SHZc_npbig7-eh-ZEWI7VXQs_ZFzkx/view?usp=drivesdk
1821,Gold Necklace Set,Clothing,S,A gold necklace and matching earrings set adorned with intricate designs and embedded stones.,Gold,15,18.18,1821.jpg,https://drive.google.com/file/d/14Qhvl6AE4m8JmbjyQEHJSnJj9_9M1NnX/view?usp=drivesdk
1822,Gold Pendant Set,Clothing,XL,A gold necklace and matching earrings set featuring oval-shaped pendants adorned with small crystals.,Gold,15,48.5,1822.jpg,https://drive.google.com/file/d/1RI9nVqFsx1CSkJX-0AmJSw6rBcHmhu9l/view?usp=drivesdk
1823,Gold Pearl Set,Clothing,L,A gold-toned necklace and earring set adorned with floral designs and pearl drops.,Gold,25,14.1,1823.jpg,https://drive.google.com/file/d/1wn5lO5ZJ_PI8OGGG3Okcw58Z0mSXBTeH/view?usp=drivesdk
1824,Gold Drop Earrings,Clothing,M,Gold drop earrings adorned with clear rhinestones.,Gold,2,47.78,1824.jpg,https://drive.google.com/file/d/15cFbG1V70_7w3pJ7Wvo_HS0XcfZBAuoT/view?usp=drivesdk
1825,Crystal Flower Earrings,Clothing,XL,Gold-tone earrings featuring a flower design adorned with clear crystals.,Gold,29,45.26,1825.jpg,https://drive.google.com/file/d/196N23OSjm-VQz8agCwOke0QOtRBPYENJ/view?usp=drivesdk
1826,Crystal Hoop Earrings,Clothing,M,Gold-tone hoop earrings adorned with clear crystals.,Gold,5,47.27,1826.jpg,https://drive.google.com/file/d/1MWrImRevf0yJlhiUQ_Vw1kNwFnsoQ8ut/view?usp=drivesdk
1827,Gold Bracelet,Clothing,XL,A gold bracelet with a wavy design adorned with small clear stones.,Gold,38,28.37,1827.jpg,https://drive.google.com/file/d/14V6q7311le10_NJLbdOcTCpnHfkZdPp-/view?usp=drivesdk
1828,Embellished Sandal,Clothing,M,A flat sandal featuring a metallic embellished strap and a toe loop design.,Gold,39,40.28,1828.jpg,https://drive.google.com/file/d/1R7NOLjgGmEnVon3NHw39gcnmHKwJY5ng/view?usp=drivesdk
1829,Slip-On Shoe,Clothing,XL,A black leather slip-on shoe with a low heel and elastic side panels for easy wear.,Black,2,31.17,1829.jpg,https://drive.google.com/file/d/1xW5-bh3CheKZj-FTE5CrDn_WZn4N3KQE/view?usp=drivesdk
1830,Leopard Clutch,Clothing,S,A leopard print clutch bag with black leather trim and a snap closure.,Brown,15,47.37,1830.jpg,https://drive.google.com/file/d/1JyaRQrX0NhkzrALVSMkLUxvobVFmpAOA/view?usp=drivesdk
1831,quilted crossbody,Clothing,M,A black quilted crossbody bag with a flap closure and adjustable strap.,Black,35,25.75,1831.jpg,https://drive.google.com/file/d/1gcoJ-emH_aYxxl0VdC0usraz3o0yz22r/view?usp=drivesdk
1832,Leather Handbag,Clothing,M,A brown leather handbag with dual handles and a shoulder strap.,Brown,22,11.19,1832.jpg,https://drive.google.com/file/d/11vQEl-wZwm8jABEHBFoAptL3I0kLR3Lz/view?usp=drivesdk
1833,Glitter Clutch,Clothing,L,A small rectangular clutch bag covered in bronze glitter with a gold chain strap and buckle detail.,Bronze,20,26.51,1833.jpg,https://drive.google.com/file/d/1EGug1NOm0_rRQi6URnZWF-AVaJG0C_oh/view?usp=drivesdk
1834,Slim Leather Belt,Clothing,XL,A slim beige leather belt with a small gold buckle.,Beige,17,23.6,1834.jpg,https://drive.google.com/file/d/1fdGSNVPHfKWW8LJudsSJUFV2GoZYM1yZ/view?usp=drivesdk
1835,zip wallet,Clothing,L,A cream-colored zip-around wallet with a gold zipper and charm.,Beige,48,32.18,1835.jpg,https://drive.google.com/file/d/1NSKVWuDiW4W7J9ocscBmPbU7qSuwJs5A/view?usp=drivesdk
1836,Crocodile Wallet,Clothing,XL,A black crocodile-textured wallet with a strap and metal corner accents.,Black,32,26.46,1836.jpg,https://drive.google.com/file/d/1DFyblmvrTl1hIGybZ8K_Pgp5XRlrMjUn/view?usp=drivesdk
1837,Logo Wallet,Clothing,L,A black wallet featuring a bold FCUK logo with a Union Jack design.,Black,29,24.74,1837.jpg,https://drive.google.com/file/d/1KPFOEBEDV0RCZc_Fs1Xd1aRmA3OQI9rC/view?usp=drivesdk
1838,Messenger Bag,Clothing,M,A black messenger bag with an adjustable shoulder strap and white text print on the front flap.,Black,21,44.35,1838.jpg,https://drive.google.com/file/d/1W1B85YNq0LE_SgX4sGjVySlyRR2g4hHo/view?usp=drivesdk
1839,Leather Belt,Clothing,S,Brown leather belt with a decorative metal buckle featuring an eagle design.,Brown,33,24.32,1839.jpg,https://drive.google.com/file/d/1nDgRQAlPwDLpvtYGNqrE3ks6VKqSDPGP/view?usp=drivesdk
1840,V-neck Swimsuit,Clothing,L,A black one-piece swimsuit with green trim and a V-neck design.,Black,6,38.35,1840.jpg,https://drive.google.com/file/d/1zUpb7hQTMRs06-_O4O3B6EsIc-NbuWCF/view?usp=drivesdk
1841,Black Swimdress,Clothing,M,A black sleeveless swimdress with a V-neck and ruched detail at the bust.,Black,33,27.26,1841.jpg,https://drive.google.com/file/d/1CZVxskK_-IOeTzsWxERbkIq13wKfkcOK/view?usp=drivesdk
1842,V-neck Swimsuit,Clothing,L,A sleeveless one-piece swimsuit with a V-neckline and contrasting trim.,Magenta,5,40.16,1842.jpg,https://drive.google.com/file/d/1b4kMMFKzgNqySeFGoO5naZnDSgKzQw6Z/view?usp=drivesdk
1843,Black Bodysuit,Clothing,S,A sleeveless black bodysuit with a V-neck and short legs.,Black,21,47.49,1843.jpg,https://drive.google.com/file/d/1ta-MwOK5VUSHWyg2hkPhPaNYvMNd4m1C/view?usp=drivesdk
1844,V-neck Bodysuit,Clothing,XL,A sleeveless V-neck bodysuit with a fitted silhouette.,Magenta,13,25.45,1844.jpg,https://drive.google.com/file/d/1_HxXfcoNPbRZixg0S76ov57IAs0UJ-QQ/view?usp=drivesdk
1845,Studded Swimsuit,Clothing,XL,A black one-piece swimsuit featuring a V-neckline with gold stud embellishments.,Black,32,32.92,1845.jpg,https://drive.google.com/file/d/1FvNc2EjUC_EdyD66ur0d0ylTYfDhAIKg/view?usp=drivesdk
1846,Nike Boardshorts,Clothing,XL,Black Nike boardshorts with a white drawstring and side zipper pocket.,Black,0,20,1846.jpg,https://drive.google.com/file/d/1iUX4HQcaPKpxcePr2K49MDG6JqOIU5KO/view?usp=drivesdk
1847,White Sports Shorts,Clothing,L,A pair of white sports shorts with an elastic waistband and a small logo on the leg.,White,48,32.96,1847.jpg,https://drive.google.com/file/d/172Gtqp5TkTIVg7A8W-8hdZpXAKBSqrBu/view?usp=drivesdk
1848,Capri leggings,Clothing,L,Gray capri leggings with a wide turquoise waistband.,Gray,11,33.05,1848.jpg,https://drive.google.com/file/d/1o6XkI-9i7C9ggv3tqCi_BAb0mLljf_Zc/view?usp=drivesdk
1849,Yoga Pants,Clothing,L,Comfortable high-waisted yoga pants with a slight flare at the bottom.,Dark Blue,20,16.91,1849.jpg,https://drive.google.com/file/d/1ELv4zOJ4NplI2CVqZRMBWVg21jjOrIRC/view?usp=drivesdk
1850,Flared Yoga Pants,Clothing,L,Dark green flared yoga pants with a contrasting light green waistband and logo.,Green,16,15.06,1850.jpg,https://drive.google.com/file/d/13isaFdc9VRokSSuJnt5WigWeLVAg__LP/view?usp=drivesdk
1851,Yoga Pants,Clothing,XL,Black yoga pants with a purple waistband and a small purple logo on the side.,Black,50,49.67,1851.jpg,https://drive.google.com/file/d/1rTXyS1MnDlvYT9Tuc6rIDkySV4_tN8pq/view?usp=drivesdk
1852,Sporty Wristwatch,Clothing,M,A sporty wristwatch with a black strap and a round dial featuring orange and black markings.,Black,24,11.57,1852.jpg,https://drive.google.com/file/d/1eSiHjWpomQJWL7XMQkG6YhXS9igOLXee/view?usp=drivesdk
1853,Blue Strap Watch,Clothing,M,A wristwatch with a blue fabric strap and a round dial featuring blue and black accents.,Blue,23,30.45,1853.jpg,https://drive.google.com/file/d/1VdwcM-mKQnST_9p-MCIY2BfQqE3RbvPf/view?usp=drivesdk
1854,Leather Strap Watch,Clothing,XL,A wristwatch with a square dial and black leather strap featuring pink stitching.,Black,44,45.03,1854.jpg,https://drive.google.com/file/d/103IgnNPVeixvGxcABLl6wNzQmChXshu7/view?usp=drivesdk
1855,Silver Mesh Watch,Clothing,L,A sleek silver wristwatch with a rectangular dial and a mesh strap.,Silver,10,35.06,1855.jpg,https://drive.google.com/file/d/1AABp8IwyDnQqlWvmuRTd4cPZtPIJIl5M/view?usp=drivesdk
1856,Digital Wristwatch,Clothing,M,A black digital wristwatch with a silver metallic case and multiple display functions.,Black,5,26.69,1856.jpg,https://drive.google.com/file/d/1jpeBzCeOI2bGirQiZhz2VgAKtKWEiDVL/view?usp=drivesdk
1857,Cute Frog T-shirt,Clothing,M,Red short-sleeve T-shirt featuring a yellow frog face and the text 'If you think I'm cute you should see my mom.',Red,45,37.85,1857.jpg,https://drive.google.com/file/d/1u0lYtKMviZnpy9X167iaJzTzfHC_qqn7/view?usp=drivesdk
1858,Black Dress,Clothing,M,A short black dress with lace detailing on the upper part and short sleeves.,Black,25,49.04,1858.jpg,https://drive.google.com/file/d/1h3eFEHH94Ws_PWUmgKN6TDlqK3Mzuuk3/view?usp=drivesdk
1859,White Shirt,Clothing,M,A short-sleeve white button-up shirt with a front pocket.,White,36,10.1,1859.jpg,https://drive.google.com/file/d/1XmA9fBvYgORpERnIxz2r_vxD2sWcLday/view?usp=drivesdk
1860,Rolled Hem Shorts,Clothing,L,Pink rolled hem shorts with a fitted style.,Pink,6,40.3,1860.jpg,https://drive.google.com/file/d/1Ie6q4Cy6fzIiXEg4SXxADnq3jsj8eoWl/view?usp=drivesdk
1861,Striped Sweater,Clothing,XL,A long-sleeve sweater with horizontal blue and teal stripes and a wide neckline.,Blue,21,30.49,1861.jpg,https://drive.google.com/file/d/1upsZDoozU8DbngE18OuOjFb_kfl-UjUz/view?usp=drivesdk
1862,V-neck top,Clothing,L,A purple V-neck short sleeve top with button details on the sleeves.,Purple,50,34.06,1862.jpg,https://drive.google.com/file/d/1Gqj71otIqExiKSxjhj2Mt6AjgaCVRee3/view?usp=drivesdk
1863,Floral Mini Dress,Clothing,L,A light pink short-sleeve mini dress with floral print and fabric flower embellishments on the chest.,Pink,33,12.54,1863.jpg,https://drive.google.com/file/d/1qLAMysmc1AADURVMCjkTEEhamnBOdQc3/view?usp=drivesdk
1864,Reebok Flip Flop,Clothing,M,A green and black flip flop sandal with a printed footbed and branded strap.,Green,45,17.12,1864.jpg,https://drive.google.com/file/d/1x3vXklksWFKrFK9l25OMLJdJcurdEuIq/view?usp=drivesdk
1865,Reebok Sneakers,Clothing,M,White Reebok sneakers with maroon decorative patterns and a comfortable cushioned interior.,White,50,37.08,1865.jpg,https://drive.google.com/file/d/1dGxOVdzMNZ9Eaw0PjDcwF8fjG6aUEdMA/view?usp=drivesdk
1866,Leather Wallet,Clothing,L,A black leather bifold wallet with brown edges.,Black,16,36.49,1866.jpg,https://drive.google.com/file/d/1cctdFdCes6NdZmuupHkrkfkfTJcyy93l/view?usp=drivesdk
1867,Leather Wallet,Clothing,S,A black leather bi-fold wallet with a textured finish.,Black,38,32.97,1867.jpg,https://drive.google.com/file/d/1buTObmJnkSgkUOyGpHy8G4jr6moBTr5B/view?usp=drivesdk
1868,Men's Jeans,Clothing,L,A pair of blue faded denim jeans worn by a man.,Blue,12,43.92,1868.jpg,https://drive.google.com/file/d/1UcNmfnNUAUdhq-VapDLem2K6p-IB2pwv/view?usp=drivesdk
1869,Casual Moccasin,Clothing,L,A casual moccasin shoe with visible stitching and a comfortable sole.,Olive,50,19.62,1869.jpg,https://drive.google.com/file/d/1O-iRwm1_73to8alffIcrWTUD5Um7n2Da/view?usp=drivesdk
1870,Striped Midi Dress,Clothing,M,A sleeveless midi dress with navy blue top and horizontal navy and white stripes on the body.,Navy Blue,24,32.01,1870.jpg,https://drive.google.com/file/d/1WtP33eQdAzpbCHuhiQO_cukEgjYaC2pP/view?usp=drivesdk
1871,Sleeveless Dress,Clothing,M,"A sleeveless, knee-length dress with a fitted waist in a solid color.",Navy Blue,18,28.65,1871.jpg,https://drive.google.com/file/d/1WGxzfEKvku1XCvhWLQbDT_HmHZC80sPl/view?usp=drivesdk
1872,Printed Dress,Clothing,L,"A short-sleeve, red dress with a gathered waist and small printed pattern.",Red,23,30.18,1872.jpg,https://drive.google.com/file/d/1rvSDV2HS7TrLepTSzH5t_08azyU1axkF/view?usp=drivesdk
1873,Navy Mini Skirt,Clothing,XL,"A navy blue mini skirt with pockets, styled with a high waist.",Blue,22,17.05,1873.jpg,https://drive.google.com/file/d/1InkbsZ-LYJkoIJ3nE3NloO1y43aTF1D7/view?usp=drivesdk
1874,Slim Trousers,Clothing,XL,"A pair of slim-fit, tailored trousers with a clean front and side pockets.",Black,2,33.31,1874.jpg,https://drive.google.com/file/d/1Hu7lmB8UueVPzcGv4EtIPBNe1zu4qRPJ/view?usp=drivesdk
1875,Graphic T-shirt,Clothing,XL,A brown short-sleeve T-shirt featuring an intricate graphic design on the front.,Brown,7,13.21,1875.jpg,https://drive.google.com/file/d/1M-XLjtOtTNSNjuETVHrkJ_oVwRHyH1Y5/view?usp=drivesdk
1876,Black Dress,Clothing,M,"A sleeveless black dress with thin straps and an asymmetrical hem, featuring a white belt tied at the waist.",Black,30,40.86,1876.jpg,https://drive.google.com/file/d/1v_5yXtv9IW_6R49XyGbimQRD0eqPtzsU/view?usp=drivesdk
1877,Tie Waist Shorts,Clothing,S,Bright orange shorts with a tie waist and cuffed hem.,Orange,46,20.87,1877.jpg,https://drive.google.com/file/d/1iweAWQmcPhgyTWUTFeCOINz6C3Z7Jl5g/view?usp=drivesdk
1878,Tie Waist Shorts,Clothing,M,Purple high-waisted shorts with a tie belt and front pockets.,Purple,4,41.52,1878.jpg,https://drive.google.com/file/d/1HKpkhoEmxdZRA_wnlc7hoVriHR-G6Gac/view?usp=drivesdk
1879,White Tunic Dress,Clothing,S,A white tunic dress featuring lace detailing and wide sleeves.,White,31,21.87,1879.jpg,https://drive.google.com/file/d/1OiK7Mi_eTi_wn9lL8yjf_2Jxry63tzOM/view?usp=drivesdk
1880,Motorace T-shirt,Clothing,XL,Yellow short-sleeve T-shirt with a motorbike graphic and text print on the front.,Yellow,14,10.65,1880.jpg,https://drive.google.com/file/d/18Fx-US9YtlaiWLxG02shYLeET8AFXDh9/view?usp=drivesdk
1881,Beaded Necklace Set,Clothing,M,A red beaded necklace with matching earrings featuring gold and multicolored embellishments.,Red,7,28.8,1881.jpg,https://drive.google.com/file/d/1gXUuotUr2qIkFck7FoArocebxmtlG3z7/view?usp=drivesdk
1882,Pearl Necklace Set,Clothing,S,A pearl necklace set featuring a pendant with intricate gold detailing and matching earrings.,White,39,22.39,1882.jpg,https://drive.google.com/file/d/1wkrHpqBkUTJUiYXKGRY0iXgXi9o8XAfK/view?usp=drivesdk
1883,Rhinestone Bangles,Clothing,S,A pair of gold-colored bangles adorned with sparkling rhinestones.,Gold,47,28.35,1883.jpg,https://drive.google.com/file/d/1TOPuTh38JPJTzHZzQgwAyNhzbsWacDIh/view?usp=drivesdk
1884,Gold Bangles,Clothing,L,A pair of gold bangles adorned with intricate diamond-like embellishments.,Gold,0,36.41,1884.jpg,https://drive.google.com/file/d/1-UIn85aSH7-tVW1A5Zqtdd6HD9XzYXEo/view?usp=drivesdk
1885,Embellished Bangles,Clothing,L,Gold bangles adorned with clear and red gemstones in a floral pattern.,Gold,14,29.36,1885.jpg,https://drive.google.com/file/d/1Hyx6PisQ_bWLvsXa4fI0VTF7k5m7dsR-/view?usp=drivesdk
1886,Gold Bangles,Clothing,L,A pair of intricately designed gold bangles adorned with small sparkling stones.,Gold,37,10.11,1886.jpg,https://drive.google.com/file/d/1utWyOVKaRbihUiYk12l9uI2b4S8uNiK4/view?usp=drivesdk
1887,Gemstone Bangles,Clothing,M,Gold bangles adorned with alternating red and clear gemstones.,Gold,46,42.03,1887.jpg,https://drive.google.com/file/d/1SqQuqBU6iGKuSfxTWoHp0AGoES2pR7DZ/view?usp=drivesdk
1888,Wavy Rhinestone Bangles,Clothing,L,Gold-tone wavy bangles adorned with multicolored rhinestones.,Gold,47,49.56,1888.jpg,https://drive.google.com/file/d/1Jy7PaZzznOiN2jNlbSWZobM1WHUQDsOB/view?usp=drivesdk
1889,Embellished Bangles,Clothing,L,A pair of gold-tone bangles adorned with clear and red gemstones.,Gold,10,47.24,1889.jpg,https://drive.google.com/file/d/1nd0C4V_IFe2y2LUjgtpkQC8VUdz5Y95R/view?usp=drivesdk
1890,Pearl Bangles,Clothing,M,"Gold bangles adorned with pearls, red stones, and small crystals.",Gold,49,23.67,1890.jpg,https://drive.google.com/file/d/1zoZSzE-vf_6GoUbykZuLe-BjuUtuShb0/view?usp=drivesdk
1891,Embellished Earrings,Clothing,M,"Gold-tone earrings with pearl and red stone embellishments, featuring a green drop detail.",Gold,4,20.9,1891.jpg,https://drive.google.com/file/d/1ARDc3esqCjpWAi-7gEaujr2ulGypS_c7/view?usp=drivesdk
1892,Filigree Hoop Earrings,Clothing,S,Gold filigree hoop earrings with a black teardrop pendant.,Gold,1,34.29,1892.jpg,https://drive.google.com/file/d/1i_UTDr2Mxw4cqSVMCAcDItpxpSOxZziV/view?usp=drivesdk
1893,Teardrop Earrings,Clothing,S,Gold-tone teardrop earrings adorned with brown and white stones and pearl accents.,Gold,15,13.14,1893.jpg,https://drive.google.com/file/d/1C-rncuZRfl94j7vLdjk1WRnwE5W7bnit/view?usp=drivesdk
1894,Blue Drop Earrings,Clothing,S,Gold-toned earrings with blue teardrop stones and pearl accents.,Gold,47,21.93,1894.jpg,https://drive.google.com/file/d/13JGN3XmcOJJJxIHutlLDjJQqoybmnuUb/view?usp=drivesdk
1895,Pearl Stud Earrings,Clothing,XL,"Gold-toned earrings adorned with pearl-like beads and a central purple gemstone, featuring a teardrop-shaped purple pendant.",Gold,34,39.31,1895.jpg,https://drive.google.com/file/d/1TU_mghBUBvcdiWdcDkUI9hpQYSjjR1EE/view?usp=drivesdk
1896,Pearl Earrings,Clothing,L,Gold-tone earrings adorned with white pearls and black teardrop-shaped stones.,White,28,34.99,1896.jpg,https://drive.google.com/file/d/1mlHZsw8jWJ9igFEM78gL5xhY_YNH3yOG/view?usp=drivesdk
1897,Pearl Jhumka Earrings,Clothing,XL,Traditional jhumka earrings adorned with pearls and turquoise stones.,White,40,19.16,1897.jpg,https://drive.google.com/file/d/1xTQNYuaqcp_GN889FP86yjMaQzfZkczJ/view?usp=drivesdk
1898,Pearl Jhumka Earrings,Clothing,XL,Traditional jhumka earrings adorned with pearls and teal stones.,Teal,35,16.3,1898.jpg,https://drive.google.com/file/d/1hxgVrdNakOg2Bxpl_CZeNugG43O-7NQ-/view?usp=drivesdk
1899,Pearl Jhumka Earrings,Clothing,S,Traditional jhumka earrings adorned with pearls and a central maroon stone.,White,46,39.58,1899.jpg,https://drive.google.com/file/d/1-BGxSzkvdruOXEByt9yNvqvSPgGT9AKB/view?usp=drivesdk
1900,Jhumka Earrings,Clothing,XL,"Traditional Indian jhumka earrings with intricate gold detailing, pearls, and colorful stones.",Gold,0,17.97,1900.jpg,https://drive.google.com/file/d/1rBcvYL6J_oJbA6lVcVlB6LmynI99siJm/view?usp=drivesdk
1901,Jhumka Earrings,Clothing,L,"Traditional Indian jhumka earrings with red stones, pearls, and gold detailing.",Gold,33,40.31,1901.jpg,https://drive.google.com/file/d/1_0WoifNSRjAHIpwg2F48ikB-EXrrsD_e/view?usp=drivesdk
1902,Pearl Drop Earrings,Clothing,S,Elegant earrings featuring pearl embellishments with green accents and a teardrop-shaped green bead.,Green,34,28.16,1902.jpg,https://drive.google.com/file/d/1uywiuMFsUJr5cgpGagHTDxqkF0Eby-ZG/view?usp=drivesdk
1903,Jhumka Earrings,Clothing,XL,"Traditional gold-tone jhumka earrings with intricate designs, green and red accents, and a red bead drop.",Gold,23,43.78,1903.jpg,https://drive.google.com/file/d/1RMO9qg-_wZlW0hIgBjzDX4DmqHhcP0yz/view?usp=drivesdk
1904,Embellished Earrings,Clothing,S,Gold-toned earrings with red and green stones and pearl embellishments.,Gold,25,24.13,1904.jpg,https://drive.google.com/file/d/1CPr5_phRMfYm0A0Buf5c0Ddr79qV52xG/view?usp=drivesdk
1905,Pearl Drop Earrings,Clothing,M,"Gold-tone earrings featuring a central maroon stone, surrounded by small pearls and a dangling large pearl.",Gold,12,17.47,1905.jpg,https://drive.google.com/file/d/1cPHOHQ6A6CQ9lOGWtGU2Kd2VJuY9fIYM/view?usp=drivesdk
1906,Suede Desert Boot,Clothing,XL,A brown suede desert boot with lace-up closure and a light-colored sole.,Brown,25,45.01,1906.jpg,https://drive.google.com/file/d/1XKNtJWxcNy9IiYDjkeMaCsBJsk9dQlCd/view?usp=drivesdk
1907,Motorcycle T-shirt,Clothing,M,A grey short-sleeve t-shirt featuring a graphic print of classic motorcycles.,Grey,10,11.91,1907.jpg,https://drive.google.com/file/d/1kbJ-ch5za8SkWHAcvV7YfigCFzVYRMCe/view?usp=drivesdk
1908,Ankle Strap Sandal,Clothing,XL,High-heeled sandal with ankle strap and peep toe in a textured beige pattern.,Beige,12,12.11,1908.jpg,https://drive.google.com/file/d/1bWSavtGKtryOPoVqIe_AMnPT5PXQTiwe/view?usp=drivesdk
1909,Superhero Graphic Tee,Clothing,S,Black short-sleeve t-shirt featuring a monochrome graphic print of three superheroes.,Black,1,16.15,1909.jpg,https://drive.google.com/file/d/1y7vl5b_1IKRTADyyjy-LDwjc317zLJXg/view?usp=drivesdk
1910,Graphic Polo,Clothing,XL,A light grey short-sleeve polo shirt featuring a blue graphic print on the chest.,Grey,2,29.46,1910.jpg,https://drive.google.com/file/d/16be8VdndZlIWYyPr4c3Ry_1znELVXGxm/view?usp=drivesdk
1911,Strawberry Flip-Flops,Clothing,S,Navy blue flip-flops with red strawberry print and red straps.,Blue,21,11.71,1911.jpg,https://drive.google.com/file/d/19eF5cr46xRLUsfqie3iomr38yybNojMQ/view?usp=drivesdk
1912,Nike Running Shoe,Clothing,XL,White and purple Nike running shoe with mesh and synthetic upper and cushioned sole.,White,50,18.84,1912.jpg,https://drive.google.com/file/d/10eOyUNH659HEt8XrbZZoC2WEDntR-10p/view?usp=drivesdk
1913,Checkered Sneaker,Clothing,L,A red and white checkered sneaker with white laces and a white sole.,Red,38,20.11,1913.jpg,https://drive.google.com/file/d/1hi7qSFBUzZtn-2s10Ewl0Br8cHh2KGet/view?usp=drivesdk
1914,Textured Handbag,Clothing,XL,"A black handbag with a textured, crocodile-like pattern and dual handles.",Black,46,47.51,1914.jpg,https://drive.google.com/file/d/1oFqZZzaS3rolG7hFEqpGTbMtBmMwtb9I/view?usp=drivesdk
1915,Yellow Wallet,Clothing,M,A yellow leather wallet with a zip and snap closure.,Yellow,25,30.87,1915.jpg,https://drive.google.com/file/d/1U0DVuWkc87dbEqpHfBa1l_g6cYii_woo/view?usp=drivesdk
1916,Men's Chinos,Clothing,L,"A pair of beige men's chinos with a straight fit, worn with a black belt.",Beige,43,41.21,1916.jpg,https://drive.google.com/file/d/1WB6s7rurooYSRR_otKPnRg-ttbfsHmus/view?usp=drivesdk
1917,Striped Polo,Clothing,L,A short-sleeve polo shirt with horizontal brown and white stripes.,Brown,2,40.63,1917.jpg,https://drive.google.com/file/d/1WTwp3hFqZkubP6wytnAdEpbgwNh7R5Ib/view?usp=drivesdk
1918,Checkered Shorts,Clothing,XL,Men's knee-length shorts with a gray and white checkered pattern.,Gray,23,20.29,1918.jpg,https://drive.google.com/file/d/1AlJg3_P6vVtXpGRIGAfjjjQxxmfQUTUW/view?usp=drivesdk
1919,casual shorts,Clothing,S,"Men's casual shorts with a button and zipper closure, featuring side pockets.",Olive,34,22.94,1919.jpg,https://drive.google.com/file/d/1-usoINwJl8Igdt8VzRlDK9EM4U0sFhzK/view?usp=drivesdk
1920,Denim Vest,Clothing,M,A sleeveless denim vest worn over a black and white striped t-shirt paired with denim shorts.,Blue,43,25.02,1920.jpg,https://drive.google.com/file/d/1_zVF9E4p_iCA-N4k0YuYFG_3GSKLJaEb/view?usp=drivesdk
1921,Leather Slip-On,Clothing,XL,A dark brown leather slip-on shoe with a low heel and stitched detailing.,Brown,38,16.64,1921.jpg,https://drive.google.com/file/d/1PE7gKX1NWh7hnQ-54T-3Vsm-DyiMI_l_/view?usp=drivesdk
1922,Leather Oxford,Clothing,M,A black leather oxford shoe with lace-up closure and cushioned sole.,Black,37,31.05,1922.jpg,https://drive.google.com/file/d/1to8-K7zsZnopWVpadnL4oK1agN-kvhlp/view?usp=drivesdk
1923,White Slide Sandal,Clothing,XL,A white open-toe slide sandal with a black sole and two wide straps.,White,7,36.55,1923.jpg,https://drive.google.com/file/d/1IOk6mHHlijKOag0JNrTM6YssndIEVBgD/view?usp=drivesdk
1924,Kobe Bryant Tee,Clothing,S,White t-shirt featuring a graphic of Kobe Bryant playing basketball with the word 'VENOMENON'.,White,13,10.84,1924.jpg,https://drive.google.com/file/d/1XefONNT_alTJ-ooI5VbzoMiwVTA5eJd8/view?usp=drivesdk
1925,Leather Sandal,Clothing,L,A brown leather sandal with crisscross straps and a toe loop.,Brown,42,44.22,1925.jpg,https://drive.google.com/file/d/1ec2c-2pyb3WEH7rmvQSEiAVPDJUGkOkK/view?usp=drivesdk
1926,Manchester Jacket,Clothing,S,Black zip-up jacket with Manchester United logo and red Nike swoosh.,Black,7,42.95,1926.jpg,https://drive.google.com/file/d/1JUc4bZyl1ieXHOcMwxtZGQz2AfUVfUyQ/view?usp=drivesdk
1927,Brazil Track Jacket,Clothing,XL,Black zip-up track jacket featuring the Brazil football team logo and Nike swoosh in yellow.,Black,41,22.02,1927.jpg,https://drive.google.com/file/d/1ymHqj69txIsrmX_Sgb2rNVxCl511h987/view?usp=drivesdk
1928,Men's Track Pants,Clothing,L,Black men's track pants with a relaxed fit and elastic waistband.,Black,8,24.83,1928.jpg,https://drive.google.com/file/d/1r8Do5HtNcfq3xiUBEdMIpsivH0bSCVde/view?usp=drivesdk
1929,Nike Track Pants,Clothing,S,Dark green Nike track pants with an elastic waistband and a white swoosh logo on the left thigh.,Green,23,41.76,1929.jpg,https://drive.google.com/file/d/1OHJfjGvJHRTZu3YNWJKy-d8xPyo7g1gG/view?usp=drivesdk
1930,Pencil Skirt,Clothing,L,A black knee-length pencil skirt with a slim fit and a white belt.,Black,40,24.09,1930.jpg,https://drive.google.com/file/d/1UZ04PLt_0U-6TvaKcvDiDc_qvmAEh9Xt/view?usp=drivesdk
1931,Slim Fit Pants,Clothing,L,"A pair of slim fit, straight-leg pants in a solid dark color.",Black,32,22.76,1931.jpg,https://drive.google.com/file/d/1xGkB7fhVUlvh_PRSZtz53wp0wbx2_nWb/view?usp=drivesdk
1932,Formal Trousers,Clothing,L,A pair of dark gray formal trousers with a tailored fit.,Gray,1,24.05,1932.jpg,https://drive.google.com/file/d/1ygLZnkOmBBFYBetWKFlMCqzvf9W_UBx-/view?usp=drivesdk
1933,Slim Fit Pants,Clothing,M,A pair of slim fit pants with a double button closure and rolled cuffs.,Purple,13,23.49,1933.jpg,https://drive.google.com/file/d/10G6ss80bI36T4tXbNbPzmJyzxa1uYiNJ/view?usp=drivesdk
1934,Running Shoe,Clothing,XL,A red and silver running shoe with black laces and a cushioned sole.,Red,10,43.34,1934.jpg,https://drive.google.com/file/d/1nhN50fNeT83__5rNmtkgJPHQBbdRVjZh/view?usp=drivesdk
1935,Graphic Flip Flop,Clothing,XL,A green flip flop with a graphic print on the sole and fabric straps.,Green,9,30.19,1935.jpg,https://drive.google.com/file/d/1iK_MAPPcZf8YJA320O583JIvvEadkYT0/view?usp=drivesdk
1936,Black Sports Shoe,Clothing,XL,A black sports shoe with green accents and laces.,Black,42,12.95,1936.jpg,https://drive.google.com/file/d/1hcd2vcuPmnA07sZFipg0FdrlU-CDDitm/view?usp=drivesdk
1937,Running Shoe,Clothing,S,A white running shoe with black accents and a breathable mesh design.,White,13,10.55,1937.jpg,https://drive.google.com/file/d/1LLHf4iLeh5vKG9Ru1YLFRAQpCgrGeUbu/view?usp=drivesdk
1938,V-neck T-shirt,Clothing,L,A fitted short-sleeve V-neck T-shirt in a solid color.,Blue,22,33.08,1938.jpg,https://drive.google.com/file/d/1w0Vt26UbimEgYE_6ft2FOEbiYzfNBVSP/view?usp=drivesdk
1939,Colorblock T-shirt,Clothing,M,A short-sleeve black T-shirt with red colorblock accents and a small logo on the chest.,Black,46,35.5,1939.jpg,https://drive.google.com/file/d/1CEulda3bu9amIQI8L1eoI4CcLTfL9hLu/view?usp=drivesdk
1940,Colorblock Polo,Clothing,M,"A short-sleeve polo shirt featuring a grey upper section, white lower section, and a green horizontal stripe across the chest and sleeves.",White,35,49.81,1940.jpg,https://drive.google.com/file/d/1FJXCtpX6jzMsll-7ohkF_4oKa-I2VYkR/view?usp=drivesdk
1941,Men's Red Shorts,Clothing,XL,Men's casual red shorts with an elastic waistband and a subtle logo on the side.,Red,37,22.88,1941.jpg,https://drive.google.com/file/d/1RdKzJklhg1rR5pL4iibrYTbSKw5-en3j/view?usp=drivesdk
1942,Puma Trackpants,Clothing,M,Men's navy blue Puma trackpants with white side stripes and an elastic waistband.,Navy Blue,29,47.24,1942.jpg,https://drive.google.com/file/d/1lLYNILrv5isDsc-5mr3CczyVWN-8XRlv/view?usp=drivesdk
1943,White Capris,Clothing,S,White capri pants with an elastic waistband and side pockets.,White,27,32.04,1943.jpg,https://drive.google.com/file/d/1DlfIayA9DmjKsnwra-OFGGvuKtwUkSgR/view?usp=drivesdk
1944,Black Sweatpants,Clothing,M,Loose-fitting black sweatpants with an elastic waistband.,Black,8,24.19,1944.jpg,https://drive.google.com/file/d/1t7GiXv6MOgJy7ZenTtMPOODPemphQGVc/view?usp=drivesdk
1945,White Trackpants,Clothing,XL,Loose-fitting white trackpants with an elastic waistband.,White,5,47.99,1945.jpg,https://drive.google.com/file/d/1TX67NvSLSUvX4oyFrs2-2UvPeaSrEgdV/view?usp=drivesdk
1946,Sport Sneakers,Clothing,M,White and navy blue sport sneakers with lace-up closure and cushioned sole.,White,13,31.61,1946.jpg,https://drive.google.com/file/d/1gvy6xRLO0CPLyTIFI5WWUmMTc8d4rfE0/view?usp=drivesdk
1947,Men's Jeans,Clothing,XL,A pair of dark blue denim jeans with a slightly faded wash and rolled cuffs.,Blue,15,36.68,1947.jpg,https://drive.google.com/file/d/1MgPzN7HLa25XUJZNoDp0PA4nfrh2T0OE/view?usp=drivesdk
1948,Foldover Ankle Boot,Clothing,S,A brown leather foldover ankle boot with lace-up closure and a black sole.,Brown,36,27.89,1948.jpg,https://drive.google.com/file/d/1TB78qCSPTihzFdN_aTX6nbzwTHH8VyEh/view?usp=drivesdk
1949,Pointed Dress Shoe,Clothing,L,"A sleek, pointed-toe men's dress shoe with lace-up closure and a low heel.",Brown,26,44.11,1949.jpg,https://drive.google.com/file/d/1DXRTVwze4kHmOiq2TIUDCSRFhBL2NT6E/view?usp=drivesdk
1950,One-Shoulder Dress,Clothing,S,A black one-shoulder dress with a cinched waist and a single long sleeve.,Black,24,17.73,1950.jpg,https://drive.google.com/file/d/1h-rVK13Urp2b9tSUrDWzffcooPOPmS_D/view?usp=drivesdk
1951,Pink Wristwatch,Clothing,XL,"A pink wristwatch with a textured strap, a crystal-studded bezel, and a silver dial featuring a floral design.",Pink,30,45.53,1951.jpg,https://drive.google.com/file/d/1uF9DbTiIrx7-Hp82vSIm1AOnqcv5_8HU/view?usp=drivesdk
1952,Digital Watch,Clothing,XL,A black and silver digital wristwatch with a round face and multiple function buttons.,Black,32,14.86,1952.jpg,https://drive.google.com/file/d/1Cl9dw8ch0rbE3LOnaEAd3mjXC1Lx-G70/view?usp=drivesdk
1953,Digital Sports Watch,Clothing,L,A black digital sports watch with a round silver bezel and rubber strap.,Black,43,14.86,1953.jpg,https://drive.google.com/file/d/1z7anv-Xp-DMXNQ-WgmU81tkBdfcci-i8/view?usp=drivesdk
1954,Digital Sports Watch,Clothing,S,"A digital sports watch with an olive green and black strap, featuring alarm and chrono functions.",Olive Green,13,15.04,1954.jpg,https://drive.google.com/file/d/1s9QA70LbbJDPAUP25sgPViHArAVAAyWN/view?usp=drivesdk
1955,Black Wristwatch,Clothing,M,A black wristwatch with a textured strap and a round dial featuring white numerals and a date display.,Black,46,30.34,1955.jpg,https://drive.google.com/file/d/1_H8SVup9rcQ60mGcvHMQI4l83seYPl7u/view?usp=drivesdk
1956,Leather Strap Watch,Clothing,S,A wristwatch with a black leather strap and a round white dial featuring black and red markings.,Black,7,22.95,1956.jpg,https://drive.google.com/file/d/1dur0i_-hBb-akfz-szHuX7029QIPnGtS/view?usp=drivesdk
1957,Men's Wristwatch,Clothing,S,A men's wristwatch with a black dial and silver metal strap.,Silver,32,18.33,1957.jpg,https://drive.google.com/file/d/12T5DCt0lEFtncWsLLFcGRyu2NVZOilfF/view?usp=drivesdk
1958,Silver Wristwatch,Clothing,XL,A rectangular silver wristwatch with a black dial and metal strap.,Silver,7,16.44,1958.jpg,https://drive.google.com/file/d/1wvWaE7zoueny86y5jf0oJvxAYjhQ0UQV/view?usp=drivesdk
1959,Metal Wristwatch,Clothing,L,A silver metal wristwatch with a dark blue dial and quartz movement.,Silver,44,44.22,1959.jpg,https://drive.google.com/file/d/1WqGiRJHWPHpuA5rxD4_uEe-ERSI1Eu4o/view?usp=drivesdk
1960,Metal Wristwatch,Clothing,XL,A silver metal wristwatch with a white dial and rose gold bezel.,Silver,16,48.93,1960.jpg,https://drive.google.com/file/d/1MnR03fceGlcu65fY0spoZcwZjBuqtCMW/view?usp=drivesdk
1961,Metal Wristwatch,Clothing,S,A Casio wristwatch with a silver and gold metal strap and a round dial featuring multiple subdials.,Silver,2,37.92,1961.jpg,https://drive.google.com/file/d/1sCOREMmRmNvjOG_p7ALWWMD-h2nnynT8/view?usp=drivesdk
1962,Leather Strap Watch,Clothing,M,A wristwatch with a white dial and black leather strap featuring a date display.,Black,38,36.69,1962.jpg,https://drive.google.com/file/d/10roWmmOOnhD7qZopW-Tedm-OLf1DAI7U/view?usp=drivesdk
1963,Metal Wristwatch,Clothing,S,A Casio metal wristwatch with a black and blue dial and a silver metal strap.,Silver,16,39.32,1963.jpg,https://drive.google.com/file/d/1DnpynLdfDulm_qGYvA6cn60tpL5K29Nz/view?usp=drivesdk
1964,Metal Wristwatch,Clothing,M,A Casio metal wristwatch with a blue dial and silver strap.,Silver,35,38.54,1964.jpg,https://drive.google.com/file/d/1KCQWAU_bfykRfgD56dV_qEvYyNKUAdUZ/view?usp=drivesdk
1965,Casio Wristwatch,Clothing,S,A silver metal bracelet wristwatch with a black octagonal dial and gold-tone markers.,Silver,4,10.7,1965.jpg,https://drive.google.com/file/d/1MjwZ1sU-7p4SnyhlIS1z1df75jFVSJTh/view?usp=drivesdk
1966,Leather Strap Watch,Clothing,L,A classic analog wristwatch with a gold-tone dial and a dark brown leather strap.,Brown,5,45.66,1966.jpg,https://drive.google.com/file/d/1xS-kHwaQYbyTlKK1HJ2aLHyiT2hn9KSX/view?usp=drivesdk
1967,Silver Link Watch,Clothing,M,A silver link bracelet watch with a black dial and large numerals.,Silver,44,31.64,1967.jpg,https://drive.google.com/file/d/1uDa9QHPY-5ATT1XXRWJV60ZMpTU1wHUk/view?usp=drivesdk
1968,Silver Wristwatch,Clothing,XL,A silver metal wristwatch with a black round dial and Roman numeral markers.,Silver,37,46.01,1968.jpg,https://drive.google.com/file/d/1ZeDzYSxXQ9KuLGVUZpADTxhNIKMy8flZ/view?usp=drivesdk
1969,Silver Wristwatch,Clothing,XL,A silver metal wristwatch with a rectangular face and a blue dial featuring heart patterns and Roman numerals.,Silver,22,20.3,1969.jpg,https://drive.google.com/file/d/1hYrVlYl5E7UES9X_EBzmRCdZmGSMBtLL/view?usp=drivesdk
1970,Running Shoe,Clothing,L,A white running shoe with black accents and a lime green inner lining.,White,15,30.15,1970.jpg,https://drive.google.com/file/d/1Ly_D9sfRltFYgdcgeEqJK-e4LLbvVzJs/view?usp=drivesdk
1971,Digital Sports Watch,Clothing,L,"A black digital sports watch with a round face, featuring world time, illuminator, and water resistance up to 200 meters.",Black,25,38.83,1971.jpg,https://drive.google.com/file/d/1lpt7GVDXhkGAqIjBWI-mYYjZoIfITbAh/view?usp=drivesdk
1972,Silver Wristwatch,Clothing,L,A silver metal wristwatch with a black dial and multiple sub-dials.,Silver,21,42.86,1972.jpg,https://drive.google.com/file/d/1End_bsche5uktZETCmc7CkRyUbC4L-98/view?usp=drivesdk
1973,G-Shock Watch,Clothing,S,"A durable Casio G-Shock watch with a black dial and red bezel, featuring shock resistance and multiple function buttons.",Black,42,36.55,1973.jpg,https://drive.google.com/file/d/1ly3759x6Hch435-trRroM0CMQdS6iFiD/view?usp=drivesdk
1974,Digital Watch,Clothing,XL,A rugged digital watch with shock and mud resistance features.,Gray,12,41.11,1974.jpg,https://drive.google.com/file/d/10qMduUokQLP5J9yNnD5didFw8SxZ_ZNZ/view?usp=drivesdk
1975,Running Shoe,Clothing,XL,A white running shoe with black and blue accents and a cushioned sole.,White,12,39.4,1975.jpg,https://drive.google.com/file/d/1ec3TdiMW-twXeggr5IEp_mdcj1arMOPK/view?usp=drivesdk
1976,Floral Wedge Sandal,Clothing,M,White wedge sandal with ankle strap and decorative floral accents on the front.,White,13,37.45,1976.jpg,https://drive.google.com/file/d/19q7g6RItrYFu5tIdSaAdssviZMuHvNff/view?usp=drivesdk
1977,Wedge Sandal,Clothing,M,"A tan wedge sandal with a patterned fabric strap featuring circular designs in red, orange, and brown.",Tan,46,15.68,1977.jpg,https://drive.google.com/file/d/1XHEvys5DVoUQH_V0vNnkdvbcSNekwF56/view?usp=drivesdk
1978,Nike Sneakers,Clothing,XL,Black low-top Nike sneakers with blue accents and white soles.,Black,37,42.62,1978.jpg,https://drive.google.com/file/d/1LUlF7rNSv-q_BxJk-Q48Ya4p2by4W1yH/view?usp=drivesdk
1979,Black Shorts,Clothing,XL,Casual black shorts with an elastic waistband and a small logo on the lower leg.,Black,27,26.16,1979.jpg,https://drive.google.com/file/d/15Pve0w8KgfQizVj4Qqg6R5kFaJMquzd8/view?usp=drivesdk
1980,Track Pants,Clothing,L,Navy blue track pants with elastic waistband and cuffs.,Navy Blue,0,29.37,1980.jpg,https://drive.google.com/file/d/1HmR34nI9-KrzW_Dr0ilnyGlRezAdRk9D/view?usp=drivesdk
1981,Leather Oxford,Clothing,XL,A brown leather Oxford shoe with laces and a low heel.,Brown,22,28.69,1981.jpg,https://drive.google.com/file/d/1XNgFyn_BESWnkytZIDYSyphN6iHbHYQg/view?usp=drivesdk
1982,Leather Oxford,Clothing,XL,A classic brown leather Oxford shoe with lace-up closure and a low heel.,Brown,33,48.67,1982.jpg,https://drive.google.com/file/d/1IetfAd5JbsDLhNqHrlqDyxEN6MaI53Sq/view?usp=drivesdk
1983,Leather Oxford,Clothing,S,A black leather Oxford shoe with lace-up closure and subtle perforated detailing.,Black,30,16.6,1983.jpg,https://drive.google.com/file/d/1vcKVME8RqPXdN55WqLk-hzVRpRKChtTp/view?usp=drivesdk
1984,Woven Dress Shoe,Clothing,S,Black woven leather dress shoe with lace-up closure and pointed toe.,Black,12,45.7,1984.jpg,https://drive.google.com/file/d/19bS1DPsXwbSJbzAJvptP-BVwiBljQ527/view?usp=drivesdk
1985,Black Loafer,Clothing,M,A sleek black leather loafer with a low heel and slip-on design.,Black,38,33.79,1985.jpg,https://drive.google.com/file/d/1NiQrByIvbxRynnJFKEkbTZzDdSGWZ_km/view?usp=drivesdk
1986,Chelsea Boot,Clothing,XL,A brown suede Chelsea boot with elastic side panels and a pull tab at the back.,Brown,41,40.02,1986.jpg,https://drive.google.com/file/d/1RbIy00EdzJa81ds2o667xRS9RGJ6V7qc/view?usp=drivesdk
1987,Braided Slide Sandal,Clothing,M,A black slide sandal featuring braided straps in a reddish-brown color.,Black,47,26.21,1987.jpg,https://drive.google.com/file/d/1aCmr8xz8ZyHPEXhUHarZtoBvwCitvGrb/view?usp=drivesdk
1988,Men's Wristwatch,Clothing,S,"A men's wristwatch with a black dial, silver bezel, and black textured strap.",Black,15,23.99,1988.jpg,https://drive.google.com/file/d/1-mK-aeXV8cFKin4QusvYOakf-pNDzjOg/view?usp=drivesdk
1989,Men's Wristwatch,Clothing,S,A men's wristwatch with a square black dial and a silver metal strap.,Silver,3,16.85,1989.jpg,https://drive.google.com/file/d/13nkgj6OIyxc0E9FMBZhQ8WDXXLKXP7aB/view?usp=drivesdk
1990,Men's Wristwatch,Clothing,L,"A men's wristwatch with a silver case, white dial, and black strap.",Black,18,17.82,1990.jpg,https://drive.google.com/file/d/10bCKviI_vUkNCh21WaQ5qjf2dF9-IrBP/view?usp=drivesdk
1991,Leather Watch Strap,Clothing,S,A black leather watch strap with visible stitching.,Black,10,19.06,1991.jpg,https://drive.google.com/file/d/1UfyHdiBWv_iSEbAQESUfjWLYYbZ9zTyP/view?usp=drivesdk
1992,Black Leather Strap,Clothing,M,Black leather strap with a textured pattern.,Black,22,19.67,1992.jpg,https://drive.google.com/file/d/1NWF8JmBFeZG0HvUVEHm7wknVDTMUxQAH/view?usp=drivesdk
1993,Running Backpack,Clothing,XL,A blue and black backpack with a running shoe graphic and the word 'SPRING' printed on it.,Blue,42,14.74,1993.jpg,https://drive.google.com/file/d/1uT6bVKguohj3b_h48fjV3u8kjhQLv7BJ/view?usp=drivesdk
1994,Printed Saree,Clothing,M,A white saree with black printed leaf patterns and a black border.,White,34,23.82,1994.jpg,https://drive.google.com/file/d/1ypGOSYnj6ouutxfjmV6ueJmCXProf5eY/view?usp=drivesdk
1995,Traditional Saree,Clothing,XL,A traditional Indian saree with a sheer texture and a golden border.,Green,33,31.94,1995.jpg,https://drive.google.com/file/d/1Xi_Xn4ty-4kRI_D0cYWdZXXc4Zecx39K/view?usp=drivesdk
1996,Red Saree,Clothing,M,"A traditional red saree with a golden border, worn with a sleeveless golden blouse.",Red,26,27.57,1996.jpg,https://drive.google.com/file/d/1xatYVKNiiMy_eUPRQdvfrbCRQOmXld8Z/view?usp=drivesdk
1997,Printed Saree,Clothing,M,A traditional cream-colored saree with red printed patterns and border.,Cream,7,27.3,1997.jpg,https://drive.google.com/file/d/1wa7mJ4DCgg72b4Ha8Q5xrOTFSHdambBY/view?usp=drivesdk
1998,Floral Saree,Clothing,L,A traditional saree featuring a floral pattern with green and peach accents.,White,39,31.67,1998.jpg,https://drive.google.com/file/d/15CeXuzASAdig9f-zIEp4ROz2DixSg10a/view?usp=drivesdk
1999,Printed Saree,Clothing,XL,A light blue printed saree with intricate floral and geometric patterns.,Blue,9,17.51,1999.jpg,https://drive.google.com/file/d/1kjG0fPsEVeOs4uxC1pvQJSUiLDfqHfYD/view?usp=drivesdk
2000,Striped Saree,Clothing,S,"A traditional saree with blue and green vertical stripes, draped elegantly.",Blue,16,22.13,2000.jpg,https://drive.google.com/file/d/1PtKyvWPJNtSLTWmINdHSCEMB5wwEELTG/view?usp=drivesdk
2001,Striped Saree,Clothing,M,"A traditional saree featuring red and orange horizontal stripes, draped elegantly.",Red,46,35.12,2001.jpg,https://drive.google.com/file/d/1nkXCK0N4rkDlnwxnwaRByikWzFysfWGZ/view?usp=drivesdk
2002,Maroon Saree,Clothing,S,A maroon saree with black and red floral border and subtle striped patterns.,Maroon,4,21.54,2002.jpg,https://drive.google.com/file/d/1vp8RnlEyUTb4pLk_56d--iso1F6u_uZF/view?usp=drivesdk
2003,Black Saree,Clothing,L,"A black saree with a maroon and pink border, draped elegantly.",Black,16,19.68,2003.jpg,https://drive.google.com/file/d/19Q_Qmf-iToG1T9NeVvf1IRvJ_T20rdbL/view?usp=drivesdk
2004,Gold Necklace Set,Clothing,S,A gold necklace set adorned with clear stones and matching earrings.,Gold,31,16.16,2004.jpg,https://drive.google.com/file/d/1hxkdm75rjsPj9cL-RgpQI_BP2Q5bVoot/view?usp=drivesdk
2005,Crystal Necklace Set,Clothing,XL,A gold-tone necklace and matching earrings set adorned with clear crystals in a wavy design.,Gold,47,47.68,2005.jpg,https://drive.google.com/file/d/1zlBtkYmuvoCmbeNzYVpZ0z3bkWzxHeCG/view?usp=drivesdk
2006,Football Cleat,Clothing,S,A blue and neon green football cleat with white stripes and studded sole for traction.,Blue,6,13.94,2006.jpg,https://drive.google.com/file/d/1ehqP8vgkA3M7XrQWF9_NSyjKnidcsNjw/view?usp=drivesdk
2007,Blue Backpack,Clothing,L,A blue and black backpack with multiple zippered compartments and padded shoulder straps.,Blue,44,29.5,2007.jpg,https://drive.google.com/file/d/1Q2UKKYPL_7TdJdFLmngw8fzOSX5c2zsF/view?usp=drivesdk
2008,Red Sneakers,Clothing,S,A pair of red sneakers with gold stripes and a white toe cap.,Red,6,33.85,2008.jpg,https://drive.google.com/file/d/1vCeJzxoc8_p2U6wkwSv3liLYGmVJxhtr/view?usp=drivesdk
2009,Black Jacket,Clothing,S,A black zip-up jacket with a high collar and side pockets.,Black,28,39.49,2009.jpg,https://drive.google.com/file/d/1P5mdnXnBzqSqdJJFRh5BYYgWZRvURqnw/view?usp=drivesdk
2010,Silver Necklace,Clothing,L,A silver chain necklace featuring a series of intricately designed spherical and circular links.,Silver,28,36.38,2010.jpg,https://drive.google.com/file/d/1tE02-dsJB-TcKWDiwQXXcOxHS4-JvJXz/view?usp=drivesdk
2011,Beaded Necklace,Clothing,XL,"A multi-strand necklace featuring colorful beads in red, blue, yellow, and orange.",Red,35,11.46,2011.jpg,https://drive.google.com/file/d/1cmUC9K4NQBj6ydkJjSdVfqvglyyiOAUP/view?usp=drivesdk
2012,Beaded Necklace,Clothing,L,"A multi-strand beaded necklace featuring blue, red, and orange beads with a silver clasp.",Blue,45,45.68,2012.jpg,https://drive.google.com/file/d/1CNi0uCm2ZKz9ghSIVXzPrke9WzOHaLQA/view?usp=drivesdk
2013,Beaded Necklace,Clothing,S,A necklace featuring alternating crochet and glass beads on a string.,Beige,16,19.52,2013.jpg,https://drive.google.com/file/d/1MLSBXswTmiQGvuuY_tiF6J6fFMo5oGBe/view?usp=drivesdk
2014,Beaded Necklace,Clothing,XL,A multi-strand beaded necklace featuring colorful beads with a dominant blue tone.,Blue,2,10.49,2014.jpg,https://drive.google.com/file/d/1uD-4ykhUPKtLR6J4ecpcju5iWVQ0tpKt/view?usp=drivesdk
2015,Beaded Necklace,Clothing,XL,A multi-strand beaded necklace with a knotted design and dangling beads.,Purple,29,31.61,2015.jpg,https://drive.google.com/file/d/1cerUBVlvuGs-09rz_YOknHBFI9cfmWc5/view?usp=drivesdk
2016,Beaded Necklace Set,Clothing,M,"A colorful beaded necklace and matching earrings set with blue, green, and copper accents.",Blue,35,41.91,2016.jpg,https://drive.google.com/file/d/1qOUsv8mKY1kweGqsnSLEn-NAQWMPbtQd/view?usp=drivesdk
2017,Ethnic Necklace Set,Clothing,L,A traditional ethnic necklace with matching earrings featuring intricate patterns and beadwork.,Brown,10,33.56,2017.jpg,https://drive.google.com/file/d/1FE0ZwLf9j5ABQDd4vSDveRgKK_onA9dN/view?usp=drivesdk
2018,Floral Necklace Set,Clothing,XL,A handcrafted necklace and earring set featuring floral motifs with pink and brown accents on a black string.,Brown,38,26.45,2018.jpg,https://drive.google.com/file/d/1uTn5bakMLZYtaiEEem4k23_tt7fd3r_R/view?usp=drivesdk
2019,Sleeveless Dress,Clothing,XL,"A sleeveless, knee-length dress with pleated detailing and decorative embellishments on the front.",Blue,2,12.45,2019.jpg,https://drive.google.com/file/d/11iWx5kC_O9apxW05tVq4euF6rJHF2P4K/view?usp=drivesdk
2020,Two-tone Watch,Clothing,XL,A two-tone metal wristwatch with a silver and gold band and a crystal-studded bezel.,Silver,37,16.28,2020.jpg,https://drive.google.com/file/d/1NUBUsLe5Axw3Ct3CUa_gOqBRPsa9j6M7/view?usp=drivesdk
2021,Striped Shirt,Clothing,M,"A long-sleeve, button-up shirt with vertical stripes and chest pockets.",Blue,35,31.69,2021.jpg,https://drive.google.com/file/d/1EKUvmBaoy5tOFrz2RT6qAjZ9Obj9JuAY/view?usp=drivesdk
2022,Black Hoodie,Clothing,XL,A black zip-up hoodie with a front pocket and red and white lettering on the chest.,Black,21,41.8,2022.jpg,https://drive.google.com/file/d/1Jq6FaG0lLqgS-Gchg66cWPdj4jemILal/view?usp=drivesdk
2023,Plaid Shirt,Clothing,XL,"A long-sleeve button-up shirt with a blue, white, and green plaid pattern.",Blue,11,45.6,2023.jpg,https://drive.google.com/file/d/1TIjeHNZ6rpZaGO37POwqlDfD190a6-TM/view?usp=drivesdk
2024,Track Jacket,Clothing,S,A zip-up track jacket with a blue upper section and white lower section featuring black stripes on the sleeves.,White,30,45.19,2024.jpg,https://drive.google.com/file/d/1SWSG88szauvMnp7UBQ9ldupYgGIMyAOU/view?usp=drivesdk
2025,Black Trousers,Clothing,S,A pair of black casual trousers worn with a brown belt.,Black,28,43.85,2025.jpg,https://drive.google.com/file/d/1nEQzw-ev7cpilMLJhrNRtRac7fJchJax/view?usp=drivesdk
2026,Leather Strap Watch,Clothing,S,A classic wristwatch with a gold-tone case and black leather strap.,Black,32,46.9,2026.jpg,https://drive.google.com/file/d/1BL_bLw47L9beNBWL0o5J-lo6TGb5VTqo/view?usp=drivesdk
2027,Leather Strap Watch,Clothing,L,A wristwatch with a black leather strap and a round gold-tone case featuring a multi-function dial.,Black,21,31.3,2027.jpg,https://drive.google.com/file/d/1WlEk_pa3hFvpp3I1Y6RTewteA3aCYVKK/view?usp=drivesdk
2028,Silver Wristwatch,Clothing,S,A silver metal wristwatch with a rectangular face and a linked band.,Silver,3,25.78,2028.jpg,https://drive.google.com/file/d/1zYbuERSwHvIY7SmX-WWWs7UgBGCuRekt/view?usp=drivesdk
2029,Crystal Bezel Watch,Clothing,XL,A stylish wristwatch with a two-tone metal band and a crystal-studded bezel.,Gold,44,12.81,2029.jpg,https://drive.google.com/file/d/1MyvieCE6LyZ8By0W7aN6_L0egA4Dl5Fq/view?usp=drivesdk
2030,Black Sports Watch,Clothing,S,"A black sports watch with a round dial, multiple sub-dials, and a black rubber strap.",Black,44,44.32,2030.jpg,https://drive.google.com/file/d/140uZGAY2XFoR56pjeNzzX9__cIbADEM4/view?usp=drivesdk
2031,White Sneakers,Clothing,M,White athletic sneakers with pink accents and a black sole.,White,6,46.1,2031.jpg,https://drive.google.com/file/d/1vDzb0bRvDeWKzCBDHZsp67TBM7p6LrnA/view?usp=drivesdk
2032,Sport Watch,Clothing,M,A black dial sport watch with a yellow strap and multiple dials.,Yellow,28,40.05,2032.jpg,https://drive.google.com/file/d/18YopJbaM6bQzlib5frnpcMRL3tbQw25o/view?usp=drivesdk
2033,Strappy Sandal,Clothing,XL,A black flat sandal with multiple thin straps crossing over the foot and a closed heel.,Black,30,42.9,2033.jpg,https://drive.google.com/file/d/1wSoUNzPm-IIKidpeNknawDEK3MPiCavb/view?usp=drivesdk
2034,Sporty Sneaker,Clothing,S,"A sporty sneaker featuring a combination of beige, black, and white with a durable sole and lace-up design.",Beige,49,11.06,2034.jpg,https://drive.google.com/file/d/12aAocKGbl49Q50UXsKVkvJNDWuoGC5wT/view?usp=drivesdk
2035,Cotton Shorts,Clothing,XL,Beige cotton shorts with front pockets and a button closure.,Beige,2,25.6,2035.jpg,https://drive.google.com/file/d/1nTPUPaVNQbfozLBzE8EE8mPUPeb4vouP/view?usp=drivesdk
2036,Leather Strap Watch,Clothing,S,A wristwatch with a black leather strap and a round black dial featuring a date display.,Black,31,33.28,2036.jpg,https://drive.google.com/file/d/1r3hJ5E58-XOfrZt8chag7rzyPyyUMLF-/view?usp=drivesdk
2037,Track Pants,Clothing,L,Black track pants with an elastic waistband and white side stripes.,Black,17,34.92,2037.jpg,https://drive.google.com/file/d/19xmnAyIxcDCL0GyqlqkPHh0EGTUV4ldy/view?usp=drivesdk
2038,Nike Track Pants,Clothing,M,Black Nike track pants with an elastic waistband and a small white swoosh logo on the side.,Black,7,41.04,2038.jpg,https://drive.google.com/file/d/19ubNtCLP8mQxpYLxRfmVQe0UUX-KuoM2/view?usp=drivesdk
2039,Track Pants,Clothing,M,Navy blue track pants with an elastic waistband and white side stripes.,Navy Blue,16,40.7,2039.jpg,https://drive.google.com/file/d/1sW2RR1n2BGgcheebN-jiGfvAKWvNZJ-5/view?usp=drivesdk
2040,Leather Loafers,Clothing,M,"Black leather loafers with a sleek, polished finish and a low heel.",Black,13,49.18,2040.jpg,https://drive.google.com/file/d/16M5eGlGuNHq1OlXdHRKjoA8SetbaJfQ4/view?usp=drivesdk
2041,Adidas Backpack,Clothing,M,Black Adidas backpack with white diagonal logo and side mesh pockets.,Black,10,15.04,2041.jpg,https://drive.google.com/file/d/1BcMhsMXWQlRySWfiWWy2lyi6prvs64Mj/view?usp=drivesdk
2042,Pink Skirt,Clothing,M,A bright pink skirt with front pockets and a butterfly embroidery detail.,Pink,32,41.91,2042.jpg,https://drive.google.com/file/d/1zMrL2-RPkzphcDPyGuK-JxZeeQmzVLWA/view?usp=drivesdk
2043,Girls Skirt,Clothing,L,A bright pink girls' skirt with front pockets and a butterfly embroidery detail.,Pink,34,41.88,2043.jpg,https://drive.google.com/file/d/1G0YAt1OJqvB8LZqz7IN5-4CuL0KqyE3q/view?usp=drivesdk
2044,Men's Jeans,Clothing,M,A pair of classic blue denim jeans with a slightly faded wash and a straight fit.,Blue,16,41.21,2044.jpg,https://drive.google.com/file/d/14pnALrOHeM6HbiuZiXDmxwigSQ8Dr8LL/view?usp=drivesdk
2045,Floral Harem Pants,Clothing,L,Loose-fitting floral print harem pants with a gathered ankle design.,Multicolor,48,28.47,2045.jpg,https://drive.google.com/file/d/1uEykxk5XgT2cVPpGFvdc2foT3ntpYl2f/view?usp=drivesdk
2046,Floral Patiala,Clothing,XL,Loose-fitting floral printed Patiala pants with a gathered ankle design.,Purple,29,40.86,2046.jpg,https://drive.google.com/file/d/1ZmKgFfPWEp3KKbdUZoE3RvV1u6BUdJCx/view?usp=drivesdk
2047,Printed Patiala,Clothing,M,Colorful printed Patiala pants paired with an orange kurta.,Orange,31,43.35,2047.jpg,https://drive.google.com/file/d/1lwHTj4u9NT3fRXQkVnm7QzFFtoq5cEpt/view?usp=drivesdk
2048,Floral Patiala,Clothing,S,Loose-fitting Patiala pants with a vibrant floral print on a teal background.,Teal,33,38.25,2048.jpg,https://drive.google.com/file/d/1cCbT9iuh6H3c_dqgaX227P-KyvhdDY13/view?usp=drivesdk
2049,Printed Harem Pants,Clothing,XL,Loose-fitting printed harem pants with a gathered ankle design.,Black,33,20.62,2049.jpg,https://drive.google.com/file/d/1rqR7vBI6l3D5kMD6hwU-vUOdXne03IGj/view?usp=drivesdk
2050,Floral Patiala,Clothing,L,White Patiala pants with vibrant multicolor floral prints.,White,22,31.53,2050.jpg,https://drive.google.com/file/d/1MEGetaAXPe-3mg7CziBBYdcy8gZfCiF8/view?usp=drivesdk
2051,Striped Tote,Clothing,S,A casual tote bag with red and white horizontal stripes and rope handles.,Red,43,49.57,2051.jpg,https://drive.google.com/file/d/1IqwJhNN0ogaNkDU5OL9oOw8SIKvmdF-0/view?usp=drivesdk
2052,Printed Tote Bags,Clothing,L,Two cotton tote bags with printed text and contrasting colored handles.,White,5,27.3,2052.jpg,https://drive.google.com/file/d/14tUIc-utjVak6LclmEsZ6C1RdSgHWcMw/view?usp=drivesdk
2053,Digital Sport Watch,Clothing,S,A black digital sport watch with a colorful polka dot pattern on the strap and around the display.,Black,24,36.6,2053.jpg,https://drive.google.com/file/d/1PHZ3udyrpIQeUzdmYzWUbaNE1QyTcL_6/view?usp=drivesdk
2054,Ruffled Shorts,Clothing,L,Black shorts featuring ruffled pocket details and a button closure.,Black,1,24.35,2054.jpg,https://drive.google.com/file/d/1JLKbCDGCAHGO4uS7r2DxI3NVmpTlxZ_I/view?usp=drivesdk
2055,Pink Shorts,Clothing,XL,A pair of pink knee-length shorts with front pockets and a button closure.,Pink,41,18.47,2055.jpg,https://drive.google.com/file/d/1yNGuniSHXgb-6dSJv-IDJFs1NY-gNFgN/view?usp=drivesdk
2056,Leather Loafers,Clothing,XL,A pair of dark brown leather slip-on loafers with a low heel and stitched detailing.,Brown,40,48.29,2056.jpg,https://drive.google.com/file/d/1NBBA4zHoyWFcmMwDq1wUXWDmVyqVQNiZ/view?usp=drivesdk
2057,Leather Loafers,Clothing,M,Black leather loafers with a pointed toe and perforated design on the upper.,Black,41,33.21,2057.jpg,https://drive.google.com/file/d/1JLOoqlvD2HGHe8HLyBfrXt4fyhfVKyBG/view?usp=drivesdk
2058,Pointed Loafers,Clothing,XL,Black pointed-toe loafers with a low heel and stitched detailing.,Black,4,23.13,2058.jpg,https://drive.google.com/file/d/1ThWn5i3PjzbHtw7GAr2SKhUKuUL5eO6t/view?usp=drivesdk
2059,Pointed Slip-on,Clothing,L,A sleek pointed toe slip-on shoe made of smooth leather.,Black,33,29.58,2059.jpg,https://drive.google.com/file/d/1qz-69QvB7S3-nPUtUo3bb93ctLoE8FlT/view?usp=drivesdk
2060,Leather Oxford,Clothing,XL,A classic men's leather Oxford shoe with lace-up closure and detailed stitching.,Brown,20,42.82,2060.jpg,https://drive.google.com/file/d/1B1BhwUdJaxlg5DF7_R5te_rZaekv8dES/view?usp=drivesdk
2061,Leather Slide,Clothing,L,A black leather slide sandal with a cushioned sole and open toe design.,Black,8,24.86,2061.jpg,https://drive.google.com/file/d/13Mop8gyKndlBu2E29MtlX6Wu2m7nGSFm/view?usp=drivesdk
2062,High Top Sneaker,Clothing,XL,A shiny high-top sneaker with laces and a strap around the ankle.,Red,31,40.79,2062.jpg,https://drive.google.com/file/d/15VPx1B22CLIDBpz54WiP6JBo1Zp6i8m6/view?usp=drivesdk
2063,High-top sneaker,Clothing,S,A purple high-top sneaker with laces and a white rubber sole.,Purple,2,15.83,2063.jpg,https://drive.google.com/file/d/1RDgMGSXn6gglMksxVHO8U6wcIWmTA4Xn/view?usp=drivesdk
2064,Leather Dress Shoe,Clothing,M,A black leather dress shoe with perforated detailing and lace-up closure.,Black,48,37.56,2064.jpg,https://drive.google.com/file/d/1yAqsTR0ToteZJ06IQsrc3NQwUre8Iwoc/view?usp=drivesdk
2065,Patterned Tote,Clothing,XL,A black tote bag featuring a patterned front panel and dual shoulder straps.,Black,25,11.42,2065.jpg,https://drive.google.com/file/d/1K-SI5bJQgZUcokrg88nywlNTzhELTR9b/view?usp=drivesdk
2066,Leather Shoulder Bag,Clothing,S,A black leather shoulder bag with a flap closure and adjustable strap.,Black,19,11.92,2066.jpg,https://drive.google.com/file/d/1iw8M08wI9iVvWgoHL-vmrOP3D8uoVDUx/view?usp=drivesdk
2067,Velvet Shoulder Bag,Clothing,M,A navy blue velvet shoulder bag with a front zipper pocket and a decorative bow.,Blue,9,20.75,2067.jpg,https://drive.google.com/file/d/1ZM0IefC0MoRNer1k5M_BKr4EPWNFzI5i/view?usp=drivesdk
2068,Plaid Shoulder Bag,Clothing,M,A plaid patterned shoulder bag with pleated detailing and a single strap.,Gray,10,31.91,2068.jpg,https://drive.google.com/file/d/1jt7f-HrUKFy5HM0yTku1qtQq-kmpWVf1/view?usp=drivesdk
2069,Studded Tote,Clothing,L,A navy blue tote bag with studded detailing and a detachable shoulder strap.,Blue,4,40.52,2069.jpg,https://drive.google.com/file/d/19TlzhuPfQ27SoXdWerX0z_lqStQfEftQ/view?usp=drivesdk
2070,Green Tote,Clothing,XL,A large green tote bag with knotted details on the handles.,Green,21,33.97,2070.jpg,https://drive.google.com/file/d/1j0hrcJo1QM6B-VUZJTmPr8i3YnV2RHli/view?usp=drivesdk
2071,Green Handbag,Clothing,L,"A green handbag with dual handles and a zippered top, featuring a combination of fabric and leather materials.",Green,45,48.03,2071.jpg,https://drive.google.com/file/d/1Ad2frLKgwssfVexlDiSy7uC9ZadVa-vh/view?usp=drivesdk
2072,canvas pouch,Clothing,M,A small teal canvas pouch with a front flap and zipper closure.,Teal,10,47.52,2072.jpg,https://drive.google.com/file/d/1e1VYvvj-H9JwGz21MQpQj4Be0aEmgylO/view?usp=drivesdk
2073,Black Handbag,Clothing,S,A black handbag with textured handles and a front zipper pocket.,Black,34,33.33,2073.jpg,https://drive.google.com/file/d/1X05qtKcCzn6XdXuWTp8T5-IiozBLCll8/view?usp=drivesdk
2074,Tie-Dye Backpack,Clothing,S,A purple tie-dye backpack with a flap closure and a black strap with buckle detail.,Purple,44,25.7,2074.jpg,https://drive.google.com/file/d/1jv1FOyKZJaWut38TQChj2-wjKg83IsYy/view?usp=drivesdk
2075,Men's Flip Flop,Clothing,L,A brown men's flip flop sandal with a patterned footbed and black sole.,Brown,24,37.46,2075.jpg,https://drive.google.com/file/d/1NVeiGezVHOJaWGGLrnfb_z9qYXWNGV6k/view?usp=drivesdk
2076,Wedge Sandal,Clothing,XL,Black wedge sandal with open toe and decorative buckle strap.,Black,45,45.82,2076.jpg,https://drive.google.com/file/d/1hAEaSldapgIt_VF8c-1ObPk9zXUcV3KY/view?usp=drivesdk
2077,Striped Tank Top,Clothing,M,A blue tank top with red and black striped shoulder straps and a printed design on the chest.,Blue,1,13.65,2077.jpg,https://drive.google.com/file/d/1q79vKM4QuvIuWN5NFBPhZsIJDk6-MKvR/view?usp=drivesdk
2078,Leather Dress Shoe,Clothing,M,A sleek black leather dress shoe with lace-up closure and pointed toe.,Black,43,20.06,2078.jpg,https://drive.google.com/file/d/1jAhJ9gq9FqtXKB_0SI3wVhVcKUTfp7zS/view?usp=drivesdk
2079,Leather Oxford,Clothing,S,A sleek brown leather Oxford shoe with lace-up closure and a pointed toe.,Brown,26,21.38,2079.jpg,https://drive.google.com/file/d/1gLkfY_MXe4dw5ZizhUy3NiU9rChI9Oqu/view?usp=drivesdk
2080,Lace Mini Dress,Clothing,L,A black lace mini dress featuring short sleeves and a scalloped hem.,Black,26,42.51,2080.jpg,https://drive.google.com/file/d/1fGHtvDQsr1A7oO5Ai0Rvk9MjXygW8qZs/view?usp=drivesdk
2081,Floral Pleated Skirt,Clothing,XL,A knee-length pleated skirt with a floral pattern and a slim belt at the waist.,Black,6,39.52,2081.jpg,https://drive.google.com/file/d/1iZcNDENJNcKRUtoq2b11ESIrnFVsG9QG/view?usp=drivesdk
2082,Striped Skirt,Clothing,S,"A knee-length skirt featuring horizontal stripes in purple, black, white, and pink.",Purple,9,47.97,2082.jpg,https://drive.google.com/file/d/1NngrhdZ2j7M_PbCavDnAWeUjroWUzzIS/view?usp=drivesdk
2083,Heart Print Dress,Clothing,M,Sleeveless white dress with black heart prints and a sheer black yoke.,White,34,10.68,2083.jpg,https://drive.google.com/file/d/1cEHecUu7i9xIcmC8uwFwi7k-cAvFMTF5/view?usp=drivesdk
2084,Leopard Dress,Clothing,XL,Sleeveless V-neck dress with a leopard print pattern and a cinched waist.,Beige,44,23.07,2084.jpg,https://drive.google.com/file/d/1wl-UcCLhzyJvPvW9M4NxGiY0zE9imLKm/view?usp=drivesdk
2085,Leather Shoulder Bag,Clothing,M,A dark brown leather shoulder bag with a tassel detail and a single strap.,Brown,9,32.14,2085.jpg,https://drive.google.com/file/d/1OsEyiLlvr_pG3nF1rRaR-YeWfiMSlJK0/view?usp=drivesdk
2086,Pink Trackpants,Clothing,M,Light pink trackpants with white side stripes and an elastic waistband.,Pink,15,33.71,2086.jpg,https://drive.google.com/file/d/1EDM--DqEusoFOV5uqo8zImjZh9c7dXO4/view?usp=drivesdk
2087,Adidas Track Pants,Clothing,S,Black Adidas track pants with white side stripes and a slim fit.,Black,38,40.95,2087.jpg,https://drive.google.com/file/d/1V0h576atRpso_vvdG3N6dwhrDL-FG3L1/view?usp=drivesdk
2088,Black Handbag,Clothing,L,"A black handbag featuring a textured body with a glossy, crocodile-patterned circular handle and front pocket detail.",Black,6,10.87,2088.jpg,https://drive.google.com/file/d/1UEKGBr0r0zPuLAzMtk9_amMbjiGD1no2/view?usp=drivesdk
2089,Vintage Shoulder Bag,Clothing,L,A maroon textured shoulder bag featuring a vintage portrait print on the front.,Maroon,13,43.64,2089.jpg,https://drive.google.com/file/d/1dirhlB3DV8a54ABbtP81zWoDktPY6-5l/view?usp=drivesdk
2090,Athletic Shorts,Clothing,M,Black athletic shorts with white side stripes and an elastic waistband.,Black,22,24.4,2090.jpg,https://drive.google.com/file/d/1m8Q0i7ufC9wSPHcAypY9D2QegKDeXfe-/view?usp=drivesdk
2091,Floral Tote,Clothing,S,A floral patterned tote bag with a woven straw top and fabric handles adorned with wooden beads.,Pink,31,49.61,2091.jpg,https://drive.google.com/file/d/1Uz4iO685y8VPH-Yvt-eQwu_1DS2Lw06A/view?usp=drivesdk
2092,Floral Tote,Clothing,S,A floral patterned tote bag with a woven top and wooden bead accents on the straps.,Blue,21,49.83,2092.jpg,https://drive.google.com/file/d/1fWarYP8iqkEFFF3CklqQEBwvXSWYIlYV/view?usp=drivesdk
2093,Blue Shorts,Clothing,M,Casual blue shorts with an elastic waistband and white side stripes.,Blue,10,38.67,2093.jpg,https://drive.google.com/file/d/1FjblnYmtWoLc-hK5yJzkUXhDGjxrxhon/view?usp=drivesdk
2094,Athletic Shorts,Clothing,M,Gray athletic shorts with an elastic waistband and white side stripes.,Gray,44,38.89,2094.jpg,https://drive.google.com/file/d/16CmYi7XjgX87DzGb0aKfIb6Mn5dzx0ZN/view?usp=drivesdk
2095,Square Wristwatch,Clothing,L,A square-faced wristwatch with a white strap and gold-tone frame.,White,33,30.43,2095.jpg,https://drive.google.com/file/d/1vznZJP0yNp2nZ8-Pm1HiBu99EilEbFQ1/view?usp=drivesdk
2096,Pink Leather Watch,Clothing,S,A wristwatch with a pink leather strap and a silver-tone case featuring a white dial.,Pink,4,17.41,2096.jpg,https://drive.google.com/file/d/1HUqBC-PDIu_2AkLbRDpT9q_sci2SrxId/view?usp=drivesdk
2097,Nautica Watch,Clothing,L,A silver metal band wristwatch with a black dial and multiple subdials.,Silver,13,22.98,2097.jpg,https://drive.google.com/file/d/1zZrvSBTlYYiG-qeBALks0tpzhwJu6YgL/view?usp=drivesdk
2098,Black Wristwatch,Clothing,M,A black Nautica wristwatch with a rubber strap and multiple dials.,Black,1,24.85,2098.jpg,https://drive.google.com/file/d/1w0-z2zorfallKBM5Ph5ZwYlMMx1vvfZg/view?usp=drivesdk
2099,Halter Dress,Clothing,L,A sleeveless halter neck dress with a navy blue top and an orange skirt hem.,Navy Blue,26,11.18,2099.jpg,https://drive.google.com/file/d/1bx5WiQYz2M4qkBZor67JO3rIpestWtY-/view?usp=drivesdk
2100,Cuffed Trousers,Clothing,L,Beige cuffed trousers paired with a brown belt and worn with a light blouse.,Beige,18,14.72,2100.jpg,https://drive.google.com/file/d/1ROYM1EOvZ_5oAJMI8CVfXWk_r5mNUH_B/view?usp=drivesdk
2101,Lace-up Shorts,Clothing,S,Red lace-up shorts with front pockets.,Red,25,44.2,2101.jpg,https://drive.google.com/file/d/1snJywAmQ2UuNRGbfNDBgvLFHw1Nnex-T/view?usp=drivesdk
2102,Leather Belt,Clothing,L,A slim brown leather belt with colorful bead accents and a gold buckle.,Brown,24,30.99,2102.jpg,https://drive.google.com/file/d/1Hi1KpK_W3BslIGlr6jNyJmqOdlS1Q_Fk/view?usp=drivesdk
2103,Leather Wallet,Clothing,XL,A tan leather wallet with a snap closure and embossed Fossil logo.,Beige,7,16.74,2103.jpg,https://drive.google.com/file/d/1ZmqRfC97nJkqlHzjG2PVj89fM0-Dj21b/view?usp=drivesdk
2104,Chain Strap Bag,Clothing,M,A black textured handbag with a gold chain strap and an additional black strap.,Black,17,21.69,2104.jpg,https://drive.google.com/file/d/1awQLSm78IjpmlH1ipNnYbWORrHl9eW7v/view?usp=drivesdk
2105,Athletic Shorts,Clothing,XL,Black athletic shorts with white trim and an elastic waistband.,Black,0,42.4,2105.jpg,https://drive.google.com/file/d/1jE3LbdGPf_0T1tE_gqTVD1S7WRbbG0wd/view?usp=drivesdk
2106,Leather Wallet,Clothing,XL,A brown leather wallet with a flap closure and a Fossil brand patch on the front.,Brown,43,25.55,2106.jpg,https://drive.google.com/file/d/1BCZLeWRRRm-h5flmssgPwKuQXWGfvvww/view?usp=drivesdk
2107,Leather Shoulder Bag,Clothing,L,A stylish leather shoulder bag with adjustable straps and metal accents.,Rust,20,39.2,2107.jpg,https://drive.google.com/file/d/1R1T-xjSBCTRVm1FeKrYCKgU0RDl5bBsJ/view?usp=drivesdk
2108,Aviator Sunglasses,Clothing,M,Aviator style sunglasses with gradient gray lenses and black and silver frames.,Black,33,46.87,2108.jpg,https://drive.google.com/file/d/1rNCfSqhXCLaVtyRfqB8Nbr8QayYzV3Tj/view?usp=drivesdk
2109,Track Pants,Clothing,M,Black Adidas track pants with an elastic waistband and a relaxed fit.,Black,12,34.16,2109.jpg,https://drive.google.com/file/d/1n_fqVWaHQS1ADF8MwVVomjUme7kcBvDP/view?usp=drivesdk
2110,Track Pants,Clothing,S,Black Adidas track pants with an elastic waistband and a relaxed fit.,Black,10,47.63,2110.jpg,https://drive.google.com/file/d/1tkAWNsm6AKGlvTmeRtyAAyV3OerRwLmp/view?usp=drivesdk
2111,Grey Sweatpants,Clothing,XL,Comfortable grey sweatpants with an elastic waistband and side stripes.,Grey,13,34.7,2111.jpg,https://drive.google.com/file/d/1V9g4neeHgUr38Y_ntnpaJQEDS5B2YDbO/view?usp=drivesdk
2112,Track Pants,Clothing,M,Black track pants with white side stripes and an elastic waistband.,Black,8,14.47,2112.jpg,https://drive.google.com/file/d/1CCijQygWOSLvUIm7kL5CY1XHjGqqKHY3/view?usp=drivesdk
2113,Track Pants,Clothing,XL,Navy blue track pants with white side stripes and an elastic waistband.,Navy Blue,36,44.61,2113.jpg,https://drive.google.com/file/d/1-pyCxeX52vUF6yPbktTYMIuEzlQrNV2d/view?usp=drivesdk
2114,Adidas Trackpants,Clothing,L,Black Adidas trackpants with grey and yellow side stripes and an elastic waistband.,Black,37,41.12,2114.jpg,https://drive.google.com/file/d/1zt1nfefn7mDJE5PWKti57USgI0Z19RSY/view?usp=drivesdk
2115,Track Pants,Clothing,L,Navy blue track pants with white and blue side stripes and an elastic waistband.,Navy Blue,2,45.78,2115.jpg,https://drive.google.com/file/d/1ed8tM4PMQyesXtFx1zqoSO-oevrCoq08/view?usp=drivesdk
2116,Silver Necklace,Clothing,L,"A silver-colored necklace with a textured, braided design and a beaded chain.",Silver,45,25.22,2116.jpg,https://drive.google.com/file/d/1x_Vk_bkTknO65FLubtmnxlKAzaz690WN/view?usp=drivesdk
2117,Geometric Necklace,Clothing,M,A gold-colored necklace featuring interconnected geometric square shapes.,Gold,48,10.55,2117.jpg,https://drive.google.com/file/d/1razYQHemvJA9AfqDcLJy4xhdlrH4VHBk/view?usp=drivesdk
2118,Checked Shirt,Clothing,M,A long-sleeve button-up shirt with a blue and white checkered pattern.,White,5,11.85,2118.jpg,https://drive.google.com/file/d/1YQkgOT78mO1TFHoIQPK5xjgNvmcpMjcK/view?usp=drivesdk
2119,Faded Jeans,Clothing,M,A pair of slim-fit faded blue denim jeans with a slightly worn look.,Blue,23,12.92,2119.jpg,https://drive.google.com/file/d/1lrvvYQkkr3Uyf66pQ-Dailxr-QYikoel/view?usp=drivesdk
2120,Black Jeans,Clothing,L,A pair of black slim-fit jeans worn with casual sneakers.,Black,4,12.55,2120.jpg,https://drive.google.com/file/d/1ds-WURt1ZuffTsjzRhN8p7JS021C0jnG/view?usp=drivesdk
2121,Black Trousers,Clothing,XL,A pair of black formal trousers worn with a brown belt.,Black,2,15.38,2121.jpg,https://drive.google.com/file/d/1UfQ79eWQmdKl_mi5_GaGVsvP_2WLf95F/view?usp=drivesdk
2122,Headphone Graphic T-shirt,Clothing,L,White short-sleeve T-shirt with a black headphone graphic on the front.,White,37,30.92,2122.jpg,https://drive.google.com/file/d/11WfCc0oeTlLUkqVyiNA3gyl1Q_rI2ffs/view?usp=drivesdk
2123,Plaid Cargo Shorts,Clothing,XL,Men's knee-length cargo shorts with a multicolor plaid pattern and side pockets.,Brown,8,34.96,2123.jpg,https://drive.google.com/file/d/100A19PByE3BAdXfmUxDgxHMA2iVu8Q7X/view?usp=drivesdk
2124,casual shorts,Clothing,XL,Lightweight casual shorts with a relaxed fit and subtle texture.,Gray,43,19.55,2124.jpg,https://drive.google.com/file/d/1t9SlItrQlTctq8G85pqEJ5LuJATFzZOU/view?usp=drivesdk
2125,Plaid Cargo Shorts,Clothing,M,Green plaid cargo shorts with multiple pockets and a relaxed fit.,Green,29,20.22,2125.jpg,https://drive.google.com/file/d/1htg9kVkFNkvN1N3kHjKi7zONfYMYj5SN/view?usp=drivesdk
2126,Ruffled Dress,Clothing,XL,A sleeveless dress with ruffled details and an abstract black and white pattern.,Black,13,19.68,2126.jpg,https://drive.google.com/file/d/1Fit5VTajvmBptaBJQIUDAVPm68Mp5e8i/view?usp=drivesdk
2127,Black Mini Dress,Clothing,L,A black short-sleeve mini dress with a V-neck and subtle pattern detailing.,Black,2,13.31,2127.jpg,https://drive.google.com/file/d/168PhQoQQtmJtxzeGOwRYiqt2xnspEk9T/view?usp=drivesdk
2128,Adidas Windbreaker,Clothing,S,A black Adidas windbreaker jacket with white stripes on the sleeves and a front zipper.,Black,8,11.09,2128.jpg,https://drive.google.com/file/d/1WYZIjO6_DyOjZKy04NpInN7l5LXMrAZ7/view?usp=drivesdk
2129,Strapless Dress,Clothing,L,A strapless mini dress featuring a blue and black butterfly print on a beige background.,Beige,37,49.34,2129.jpg,https://drive.google.com/file/d/1V46nbBi5MUU19n7jS0Tgq9Jrv_MY23kl/view?usp=drivesdk
2130,Black Embellished Dress,Clothing,XL,A sleeveless black dress featuring decorative embellishments on the front and sides.,Black,42,32.91,2130.jpg,https://drive.google.com/file/d/16jLi2jX_fXk2vGRJiHrtEMLczhVUnYIb/view?usp=drivesdk
2131,Strapless Dress,Clothing,XL,A white strapless dress with a pleated design and a matching belt at the waist.,White,10,10.25,2131.jpg,https://drive.google.com/file/d/111s1zgVUQKlyGfWojovBWp6L6VbtaZLg/view?usp=drivesdk
2132,Adidas Windbreaker,Clothing,XL,A navy blue Adidas windbreaker jacket with white stripes on the sleeves and a front zipper.,Blue,42,46.52,2132.jpg,https://drive.google.com/file/d/1OeL7rn1RgFsAPvH9bxpOr0MFvnicjX1u/view?usp=drivesdk
2133,Floral Dress,Clothing,L,A red short dress with floral prints and a gathered waist.,Red,15,19.44,2133.jpg,https://drive.google.com/file/d/1NsPkFcq6gRsnWXh3DzMsLHV4BDJM_Yjo/view?usp=drivesdk
2134,Navy Dress,Clothing,XL,A navy blue short dress with white speckled pattern and ruffled cap sleeves.,Blue,11,17.02,2134.jpg,https://drive.google.com/file/d/1XJ2kbQ2haeHCdFgYvwJSaEBbu-kWrLrM/view?usp=drivesdk
2135,Black Skirt,Clothing,M,A short black skirt with a gathered waistband and a flared silhouette.,Black,38,10.75,2135.jpg,https://drive.google.com/file/d/1ejdRy6kdudGHAFgKs-VXT-Z8I88iyJLe/view?usp=drivesdk
2136,Skinny Jeans,Clothing,S,A pair of fitted skinny jeans in a dark grey wash.,Grey,38,28.2,2136.jpg,https://drive.google.com/file/d/173wimvuwmpBSDkxaeytLRgZxVaz2-Qci/view?usp=drivesdk
2137,Striped Tube Dress,Clothing,L,"A strapless, short dress with horizontal blue and white stripes and an elasticized waist.",White,12,15.37,2137.jpg,https://drive.google.com/file/d/1uP_UDVBo0A-TvjTPJ5nVSWOVNs_kceAl/view?usp=drivesdk
2138,Leather Belt,Clothing,M,A dark brown leather belt with a square metal buckle and metal rivet details.,Brown,15,20.94,2138.jpg,https://drive.google.com/file/d/1h9dvXRmm2KD41wxCjBzajO55u6qD-UR1/view?usp=drivesdk
2139,Metal Link Bracelet,Clothing,S,A silver metal link bracelet with black inlays and a clasp closure.,Silver,1,45.22,2139.jpg,https://drive.google.com/file/d/1QDAIVitbpe6ZxTxXB7l-GhnNqnuv5MdK/view?usp=drivesdk
2140,Mesh Bracelet,Clothing,S,A stylish bracelet featuring a silver mesh band with black and silver accents and a small embedded gem.,Silver,30,43.91,2140.jpg,https://drive.google.com/file/d/1zQfSNVcDANMzFfGh6ZFlydfEzInUSRcS/view?usp=drivesdk
2141,Two-tone Bracelet,Clothing,XL,A stylish bracelet featuring alternating gold and silver oval links.,Gold,41,13.53,2141.jpg,https://drive.google.com/file/d/1vrji8MgfU7wlrWjNXxfPsc2_59zNf7om/view?usp=drivesdk
2142,Tribal Chain Bracelet,Clothing,XL,A silver chain bracelet featuring a tribal design on a central plate.,Silver,13,16.88,2142.jpg,https://drive.google.com/file/d/17Jn2I-Kx1CooinxM8DyYogtw36cVluuA/view?usp=drivesdk
2143,Crystal Hoop Earrings,Clothing,M,Silver hoop earrings adorned with small crystals along the front.,Silver,15,29.8,2143.jpg,https://drive.google.com/file/d/1h3PpMuP-GO_Gih1cxQ1ymfb8ugs6wez0/view?usp=drivesdk
2144,Decorative Earrings,Clothing,XL,Round black earrings with silver floral embellishments and hook closures.,Black,17,23.11,2144.jpg,https://drive.google.com/file/d/1TE5DbZvNgfR2VWE7Wj-epDx4ZuE_0Kw7/view?usp=drivesdk
2145,Diamond Hoop Earrings,Clothing,M,Silver hoop earrings adorned with small diamonds.,Silver,3,40.23,2145.jpg,https://drive.google.com/file/d/1Vp20C_UuE3xVgZkoSMEaftGoWsG5mIMW/view?usp=drivesdk
2146,Diamond Stud Earrings,Clothing,M,Silver earrings featuring a row of sparkling round diamonds.,Silver,25,22.84,2146.jpg,https://drive.google.com/file/d/1lo46e0KylKVg9FW0p6T905d-1-3QcZXe/view?usp=drivesdk
2147,Diamond Stud Earrings,Clothing,L,A pair of silver stud earrings each featuring a single round-cut diamond.,Silver,30,45.32,2147.jpg,https://drive.google.com/file/d/1XuwD0xciwxXA7Z4ecCrI792TiK1qhiQ-/view?usp=drivesdk
2148,AC Milan Jersey,Clothing,M,A short-sleeve AC Milan football jersey with red and black vertical stripes and sponsor logo.,Red,33,35.33,2148.jpg,https://drive.google.com/file/d/1jotfjagQbvrXIM_6aXtifMv37TrPeKYl/view?usp=drivesdk
2149,Diamond Stud Earrings,Clothing,S,A pair of stud earrings featuring clusters of sparkling diamonds.,Silver,25,47.84,2149.jpg,https://drive.google.com/file/d/1NRzWqDtmJU_NGMr_sjBjvjdtd4ZRT8Ec/view?usp=drivesdk
2150,Silver Drop Earrings,Clothing,M,Elegant silver drop earrings with intricate detailing and a central yellow gemstone.,Silver,37,49.82,2150.jpg,https://drive.google.com/file/d/1lmODyMWa5O4Ese8xHWpdIkr08WziSsZD/view?usp=drivesdk
2151,Silver Earrings,Clothing,L,Elegant silver earrings with a single clear gemstone on each.,Silver,17,33.03,2151.jpg,https://drive.google.com/file/d/1z65yyin1s5RQlhdaCzE1luXx2R-VBSB7/view?usp=drivesdk
2152,Silver Earrings,Clothing,XL,Elegant silver earrings with a flowing design and a small clear gemstone at the bottom.,Silver,35,34.24,2152.jpg,https://drive.google.com/file/d/12NovmUIiN0l74MbvO0124u1qALwPWYfz/view?usp=drivesdk
2153,Crystal Earrings,Clothing,XL,Elegant silver earrings adorned with sparkling crystals in a unique curved design.,Silver,41,14.46,2153.jpg,https://drive.google.com/file/d/1QtUbh_8bHlqHG2bn47IIrBlb__VrvqMA/view?usp=drivesdk
2154,Diamond Stud Earrings,Clothing,S,A pair of silver stud earrings adorned with multiple small sparkling diamonds arranged in a floral pattern.,Silver,21,34.9,2154.jpg,https://drive.google.com/file/d/1p4u9D7Xi0iFuujPkRlG_Qv0xWKnPa9sw/view?usp=drivesdk
2155,Triangle Stud Earrings,Clothing,S,Silver triangle-shaped stud earrings adorned with three clear gemstones each.,Silver,11,49.35,2155.jpg,https://drive.google.com/file/d/16_G48s73Vf6GxcQySd3-l1MefBHgxcnN/view?usp=drivesdk
2156,Heart Earrings,Clothing,S,Silver heart-shaped earrings adorned with small sparkling stones.,Silver,10,12.6,2156.jpg,https://drive.google.com/file/d/1CrAGd_alBBIb0kg4qbDYg1a9-C4Jk32L/view?usp=drivesdk
2157,Crystal Flower Earrings,Clothing,M,Silver earrings featuring a flower design adorned with clear crystals.,Silver,15,42.75,2157.jpg,https://drive.google.com/file/d/1ZEkkrZXY8VIld9kYa1HHMQvHU6yoIo3x/view?usp=drivesdk
2158,Silver Hoop Earrings,Clothing,L,Elegant silver hoop earrings adorned with small sparkling stones.,Silver,25,35.11,2158.jpg,https://drive.google.com/file/d/1N4FxQ8k77nhqyyj17oTe6ciakj7QJG_T/view?usp=drivesdk
2159,Diamond Hoop Earrings,Clothing,S,Small gold hoop earrings adorned with a row of diamonds.,Gold,13,48.51,2159.jpg,https://drive.google.com/file/d/1QzRWwhNZV42T4YfGYTQ10fKffXPg215C/view?usp=drivesdk
2160,Diamond Hoop Earrings,Clothing,L,Silver hoop earrings adorned with small diamonds along the outer edge.,Silver,32,42.77,2160.jpg,https://drive.google.com/file/d/1ObaRTzXP7xk4GKcGEq2bP4muXyFXEntr/view?usp=drivesdk
2161,Diamond Hoop Earrings,Clothing,M,A pair of silver hoop earrings adorned with small diamonds.,Silver,6,17.13,2161.jpg,https://drive.google.com/file/d/1Pl7kuIvycbDxdP3UDKB7IDRwToOBGET1/view?usp=drivesdk
2162,Crystal Stud Earrings,Clothing,L,A pair of silver-tone stud earrings adorned with clear crystals in a decorative pattern.,Silver,46,25,2162.jpg,https://drive.google.com/file/d/1_6KdexDzlqdqfs4J_mrOq0qVEdk9Bwf8/view?usp=drivesdk
2163,Braided Bracelet,Clothing,XL,A black braided bracelet with metallic and gold-tone beads.,Black,33,25.09,2163.jpg,https://drive.google.com/file/d/1d4D0OdPD0h440sv-pT-1DJ-goh5t2VBE/view?usp=drivesdk
2164,Silver Bracelet,Clothing,S,A delicate silver bracelet adorned with small sparkling stones.,Silver,26,39.17,2164.jpg,https://drive.google.com/file/d/1sIoUXU7F-ATUUdqc3Gbo5cM8ZvB8Tvvy/view?usp=drivesdk
2165,Silver Bracelet,Clothing,M,A sleek silver bracelet with a minimalist design featuring two small embedded stones.,Silver,6,21.03,2165.jpg,https://drive.google.com/file/d/1_8my03MEYJAir4zyvH7_VdY-6vw4On0f/view?usp=drivesdk
2166,Silver Hoop,Clothing,L,A sleek silver hoop earring with a row of small embedded stones.,Silver,24,22.6,2166.jpg,https://drive.google.com/file/d/1QU8n83gCqd_zPhp0OIMPZWfJehgDXXI8/view?usp=drivesdk
2167,Silver Hoop,Clothing,M,A sleek silver hoop earring with embedded small stones along one side.,Silver,43,21.84,2167.jpg,https://drive.google.com/file/d/1sMaYFGgec-kN-0AHqHxptsA-KoswloqB/view?usp=drivesdk
2168,Silver Bracelet,Clothing,M,A sleek silver bracelet adorned with small sparkling stones.,Silver,21,19.71,2168.jpg,https://drive.google.com/file/d/1nGC6arOm2W2s_b371U2HHpebkZX_5yxo/view?usp=drivesdk
2169,Pearl Jewelry Set,Clothing,S,A pearl necklace and matching earrings set featuring cream-colored pearls and silver accents with small crystals.,Cream,33,24.91,2169.jpg,https://drive.google.com/file/d/1Fmmap3nDrGStgPY4-ysQWELJMlYaTCj1/view?usp=drivesdk
2170,Pearl Jewelry Set,Clothing,M,A pearl necklace and matching pearl stud earrings with silver diamond-shaped accents.,Beige,21,13.87,2170.jpg,https://drive.google.com/file/d/1U6scEFN8VNN3fkx6zViMnDBib-okDIWX/view?usp=drivesdk
2171,Pearl Jewelry Set,Clothing,XL,A set featuring a pearl necklace and matching earrings with crystal flower accents.,Beige,30,44.72,2171.jpg,https://drive.google.com/file/d/18k65gVlo8Vr5izqwF97mAZMM7_6RDV1Q/view?usp=drivesdk
2172,Flower Necklace,Clothing,XL,Silver chain necklace with three flower-shaped diamond pendants.,Silver,8,13.75,2172.jpg,https://drive.google.com/file/d/1cVFKzUYYnzDlVTPZhHTH9dUGSsnYTwNp/view?usp=drivesdk
2173,Gemstone Pendant,Clothing,M,A silver pendant featuring a black section adorned with multicolored gemstones.,Silver,50,48.42,2173.jpg,https://drive.google.com/file/d/1h4VzZmawEF0Wlntw3VlnYbPsbdGgsTug/view?usp=drivesdk
2174,Flame Cross Pendant,Clothing,XL,A silver pendant shaped like a cross with flame-like edges.,Silver,24,19.07,2174.jpg,https://drive.google.com/file/d/1nOa3p5gGI_LPffhv9tiSVA3vAGZxBTQ-/view?usp=drivesdk
2175,Gold Pendant Necklace,Clothing,L,A gold chain necklace featuring a wavy pendant adorned with three small clear gemstones.,Gold,38,23.02,2175.jpg,https://drive.google.com/file/d/1bXqkJxda2vNheN-Z1KRe3fF8KZ2HA_8Z/view?usp=drivesdk
2176,Gold Pendant,Clothing,XL,A gold circular pendant adorned with a row of sparkling white gemstones.,Gold,16,27.11,2176.jpg,https://drive.google.com/file/d/1xpnyXe5LB5S-llpb2FaZazd1doHqWAPu/view?usp=drivesdk
2177,Circle Pendant,Clothing,S,A silver circular pendant necklace adorned with small sparkling stones.,Silver,9,48.71,2177.jpg,https://drive.google.com/file/d/1z_BxDteJLIXiHFXkjyCISnc-jP449OCd/view?usp=drivesdk
2178,Diamond Circle Necklace,Clothing,XL,A silver necklace featuring a circular pendant encrusted with small diamonds.,Silver,6,40.17,2178.jpg,https://drive.google.com/file/d/1UdGJzFaM2vjgmJGoYPs0iWL7uPWn13Y2/view?usp=drivesdk
2179,diamond pendant,Clothing,M,A silver chain necklace with a diamond-studded pendant featuring a floral design.,Silver,35,42.73,2179.jpg,https://drive.google.com/file/d/1gh_0o9DkiM_3a2JGtJ5Ag2b9N4_KFlHK/view?usp=drivesdk
2180,Diamond Cross,Clothing,M,A silver cross pendant adorned with multiple sparkling diamonds.,Silver,48,29.01,2180.jpg,https://drive.google.com/file/d/1uhbTnqFNYC-xg1tN6Bdj5OzmuUXkHRyt/view?usp=drivesdk
2181,Silver Pendant,Clothing,L,A silver pendant necklace featuring a vertical bar design with three embedded clear gemstones.,Silver,37,49.76,2181.jpg,https://drive.google.com/file/d/1DYa8uiYJQUEbCCUJvpo1l6GaPFSgfrhV/view?usp=drivesdk
2182,Circle Pendant,Clothing,XL,A silver circular pendant necklace adorned with small sparkling stones.,Silver,14,16.81,2182.jpg,https://drive.google.com/file/d/1TyP3D0e1iO4I0RuvCRFN8XhBoCrGdYNG/view?usp=drivesdk
2183,Heart Ring,Clothing,XL,A silver ring featuring a heart design with embedded small clear stones.,Silver,37,30.52,2183.jpg,https://drive.google.com/file/d/1-OGCJ792H7hl2a_ViE8maC5IIrl741gu/view?usp=drivesdk
2184,Crystal Accent Ring,Clothing,L,"A silver ring featuring alternating black and clear crystal accents in a modern, open design.",Silver,22,30.98,2184.jpg,https://drive.google.com/file/d/1ufRY4YgS9Jsv6xpzJ91kyfujbwEHa-36/view?usp=drivesdk
2185,Silver Gold Ring,Clothing,XL,A silver ring with a gold stripe and four small embedded stones in the center.,Silver,12,38.16,2185.jpg,https://drive.google.com/file/d/1MXDm0hCNBfUolkyk3qmzuZS_29g3JNx4/view?usp=drivesdk
2186,Diamond Band,Clothing,XL,A gold band ring adorned with a row of sparkling diamonds.,Gold,24,43.43,2186.jpg,https://drive.google.com/file/d/1ik4hSi_3H-IKwCxJTWuXxniEORyc45s_/view?usp=drivesdk
2187,Diamond Ring,Clothing,L,A silver ring adorned with a row of sparkling round diamonds.,Silver,38,26.78,2187.jpg,https://drive.google.com/file/d/1d_vzDPq1nL-BYwkUxnGSDpARxjWBe64D/view?usp=drivesdk
2188,Diamond Ring,Clothing,XL,A silver ring adorned with small diamonds arranged in a unique pattern.,Silver,3,39.68,2188.jpg,https://drive.google.com/file/d/1K_LLsL60gpLmN5pHFzugN3eELeguOyzA/view?usp=drivesdk
2189,Diamond Ring,Clothing,XL,A silver ring adorned with multiple clear diamond stones arranged in a row.,Silver,6,32.97,2189.jpg,https://drive.google.com/file/d/1Noj9tGaJmGdjI-lSbm2NAd3lxlYulqCx/view?usp=drivesdk
2190,Diamond Ring,Clothing,S,A silver ring adorned with multiple small diamonds arranged in a floral pattern.,Silver,37,26.59,2190.jpg,https://drive.google.com/file/d/1C5VmcLcmVbcw-dXOgCjAtRsjW3HB0DlK/view?usp=drivesdk
2191,Diamond Ring,Clothing,M,A silver ring adorned with multiple small diamonds arranged in a cluster design.,Silver,23,49.49,2191.jpg,https://drive.google.com/file/d/11LP7plZ9f5XHX_iAVT8SNz3QPzhuunkg/view?usp=drivesdk
2192,Diamond Ring,Clothing,S,A silver ring adorned with a central diamond surrounded by smaller diamonds.,Silver,21,35.38,2192.jpg,https://drive.google.com/file/d/1ZaClf1XqQJe-ZLvAWNb-xhiLIEAuTMr_/view?usp=drivesdk
2193,Diamond Ring,Clothing,M,A silver ring featuring a pear-shaped central diamond surrounded by smaller diamonds.,Silver,24,25.99,2193.jpg,https://drive.google.com/file/d/1Ks7HXS-o1esnU2230fMQNWx7OJyDEi9X/view?usp=drivesdk
2194,Flower Ring,Clothing,XL,A silver ring featuring a flower design with clear stones and an orange center stone.,Silver,12,32.35,2194.jpg,https://drive.google.com/file/d/1d9CDJtNKo-90EV1Ch4qKPFojyel6YYWn/view?usp=drivesdk
2195,Red Baseball Cap,Clothing,XL,A red baseball cap featuring a black letter 'A' on the front.,Red,29,15.64,2195.jpg,https://drive.google.com/file/d/1CF_UzWPc1fcFzmF9if1Alx9w5Ob81ooE/view?usp=drivesdk
2196,Denim Romper,Clothing,XL,A sleeveless denim romper with green button details and a printed design on the chest.,Blue,7,29.29,2196.jpg,https://drive.google.com/file/d/1DumLidUJx-RG66tfpYGn7at3VylNo1Ia/view?usp=drivesdk
2197,Denim Romper,Clothing,M,A sleeveless denim romper with green button details and printed design on the front.,Blue,35,47.53,2197.jpg,https://drive.google.com/file/d/184g3vNrPLmKTeo1s7-lNQpIV8SUhuNau/view?usp=drivesdk
2198,Floral Dress,Clothing,S,A sleeveless dress with blue floral patterns and a decorative flower on the shoulder.,Blue,8,47.7,2198.jpg,https://drive.google.com/file/d/1V6esHP66o_cjf9COSX_Peb6eYgFhNXSc/view?usp=drivesdk
2199,Two-tone Watch,Clothing,XL,A stylish two-tone wristwatch with a silver and gold intertwined band and a rectangular white dial.,Silver,31,31.22,2199.jpg,https://drive.google.com/file/d/1KcUNKZ4jzOEzM4UhpK3upSMlRxAM4jjs/view?usp=drivesdk
2200,Floral Dress,Clothing,M,A sleeveless dress with puffed shoulders featuring a pink floral pattern on a white background.,Pink,32,23.57,2200.jpg,https://drive.google.com/file/d/11ysYkCEw2qOp-KhhLZqmTBCJq1vpAJt5/view?usp=drivesdk
2201,Ruffled Sleeve Top,Clothing,M,White ruffled sleeve top with colorful text print paired with a black and white checkered skirt with pink floral embroidery.,White,21,43.51,2201.jpg,https://drive.google.com/file/d/133CerSzS0MBiIapayGOubGiV__yX72BO/view?usp=drivesdk
2202,Black Sneakers,Clothing,L,Black high-top sneakers with white laces and a white sole.,Black,14,49.82,2202.jpg,https://drive.google.com/file/d/1cnxfgHNGabu48dF8M4xcTwHXzt6jdPC_/view?usp=drivesdk
2203,Canvas Sneakers,Clothing,M,A pair of low-top canvas sneakers with a white rubber sole and lace-up closure.,Gray,4,23.71,2203.jpg,https://drive.google.com/file/d/1WbFRkOCYEuw85uefx-Z-ApNJqVJ7SLhc/view?usp=drivesdk
2204,Casual Sneakers,Clothing,L,Black casual sneakers with purple laces and white soles.,Black,44,42.83,2204.jpg,https://drive.google.com/file/d/19cFLOC82As9I1mgIolxDCLr35TMpOERG/view?usp=drivesdk
2205,Denim Shorts,Clothing,S,Dark blue denim shorts with a light blue belt and elastic waistband.,Blue,17,23.41,2205.jpg,https://drive.google.com/file/d/1Oy-J8X0XFiIPVy2w45pp3MtowQAZ5I85/view?usp=drivesdk
2206,Denim Shorts,Clothing,XL,Dark blue denim shorts with a light blue belt and elastic waistband.,Blue,38,28.98,2206.jpg,https://drive.google.com/file/d/1DAFW-WRA0SAIoiGx2caSMGTQ3JCEnND4/view?usp=drivesdk
2207,Silver Wristwatch,Clothing,M,A silver metal wristwatch with a white dial and black hour markers.,Silver,32,36.69,2207.jpg,https://drive.google.com/file/d/1qFywHJwlkR4Dae08x7FZsTCCoiaE9oHA/view?usp=drivesdk
2208,Embroidered Handbag,Clothing,L,A beige handbag with golden handles featuring an embroidered artistic portrait framed in red and gold detailing.,Beige,7,18.14,2208.jpg,https://drive.google.com/file/d/1K5ruGp6OWqxS_w5PFG_NMDg56NCBzRzQ/view?usp=drivesdk
2209,Embroidered Dress,Clothing,L,"Sleeveless cream dress with floral embroidery on the chest and a loose, flowing fit.",Cream,49,39.06,2209.jpg,https://drive.google.com/file/d/12yUVZetReFXcv3-P2-OBdxDm_DBa_SuV/view?usp=drivesdk
2210,Sleeveless Dress,Clothing,M,"A sleeveless, knee-length dress with a square neckline and gathered skirt in a lightweight fabric.",Turquoise,42,35.04,2210.jpg,https://drive.google.com/file/d/1D_dNbnvpUJxd8LDXDLxyu08Rf7Algdxm/view?usp=drivesdk
2211,Floral Handkerchief Skirt,Clothing,M,A handkerchief hem skirt featuring a floral print with a contrasting patterned border.,Beige,28,43.47,2211.jpg,https://drive.google.com/file/d/1ovIQETAH1S8dHcQxVR4RStJaeWVZHQxL/view?usp=drivesdk
2212,Floral Handkerchief Skirt,Clothing,S,A navy blue handkerchief hem skirt with white floral prints and a contrasting light border.,Blue,1,30.29,2212.jpg,https://drive.google.com/file/d/1tpRxpgWWvm7bUAtSHSsaBQBEDjl0BJ1_/view?usp=drivesdk
2213,Patchwork Skirt,Clothing,S,A knee-length patchwork skirt with a coral waistband and hem detailing.,Coral,22,39.66,2213.jpg,https://drive.google.com/file/d/10hRAC9IY8eiIFllrCog_52llCQx931pE/view?usp=drivesdk
2214,Patchwork Skirt,Clothing,XL,A knee-length skirt featuring a patchwork floral pattern with a green waistband and hem.,Pink,36,34.61,2214.jpg,https://drive.google.com/file/d/1UMi59c9_I4vip6vbDFg5jC96kfXnO1gR/view?usp=drivesdk
2215,Striped Tie,Clothing,M,A blue and black diagonally striped necktie.,Blue,43,43.42,2215.jpg,https://drive.google.com/file/d/1CetLzZhHH4sK4HJ03WVH97xhOqhzhaJV/view?usp=drivesdk
2216,Plaid Shirt,Clothing,M,A short-sleeve green and white plaid button-up shirt with two chest pockets.,Green,18,34.65,2216.jpg,https://drive.google.com/file/d/1G2JKlqh8F-E_QWgAhoMDvFsGqwUI8kJG/view?usp=drivesdk
2217,Patterned Tie,Clothing,S,"A slim, dark red tie with a subtle patterned design.",Red,40,46.45,2217.jpg,https://drive.google.com/file/d/1lPOa3eqGJD_ayY5c8rPkIgPepRdbV6po/view?usp=drivesdk
2218,Patterned Tie,Clothing,S,A grey tie with a subtle paisley pattern.,Grey,46,22.11,2218.jpg,https://drive.google.com/file/d/1AXRXWWZbGFznYF_j_PwU8hCIIMbJhx-3/view?usp=drivesdk
2219,Plaid Shirt,Clothing,S,A short-sleeve yellow plaid shirt with button-down front and chest pockets.,Yellow,37,33.46,2219.jpg,https://drive.google.com/file/d/18owZKgl7d1HfdMOzujsG6T0uyy-9FPIC/view?usp=drivesdk
2220,Striped Tie,Clothing,M,"A slim, light purple tie with subtle diagonal stripes.",Purple,4,38.7,2220.jpg,https://drive.google.com/file/d/1kyp7_mVGbnQj5u23Ii9LNhsDuXouFZJ4/view?usp=drivesdk
2221,Silk Tie,Clothing,XL,"A sleek, light purple silk tie with subtle circular patterns.",Purple,34,34.03,2221.jpg,https://drive.google.com/file/d/1eI2mkiMB1maPJGOsWP8tYlv1XVv0gKR3/view?usp=drivesdk
2222,Beige Leggings,Clothing,S,A pair of fitted beige leggings with a ruched design at the ankles.,Beige,44,16.96,2222.jpg,https://drive.google.com/file/d/1pgULgilA2kzRb6FcgAqc5HQmID0J10Fr/view?usp=drivesdk
2223,White Leggings,Clothing,XL,A pair of plain white fitted leggings with a ruched detail at the ankles.,White,13,16.13,2223.jpg,https://drive.google.com/file/d/1BVWPvSvM4OvFACp9mmoldJfj-EuSWMyL/view?usp=drivesdk
2224,Black Leggings,Clothing,L,A pair of fitted black leggings worn with a colorful tunic.,Black,23,30.5,2224.jpg,https://drive.google.com/file/d/1ZB8fCCqlBOXGZuOxDUpELVD6qSUqnNEk/view?usp=drivesdk
2225,Floral Dress,Clothing,L,Sleeveless dress with a pink floral pattern on a white background and a ruffled hem.,Pink,18,14.1,2225.jpg,https://drive.google.com/file/d/1DNf1BtmZQfMVU5cNZ-ZsvT-4j6nZWoag/view?usp=drivesdk
2226,Floral Dress,Clothing,S,A sleeveless white dress with blue floral prints and a blue waistband.,White,23,27.3,2226.jpg,https://drive.google.com/file/d/1eH3DvpPr4wK_Hs1S1H0Mdq4zx_z_-A24/view?usp=drivesdk
2227,Black Wristwatch,Clothing,S,"A black wristwatch with a round dial, white numerals, and a black strap.",Black,5,36.16,2227.jpg,https://drive.google.com/file/d/1qLfekFfXxfFiG-6va3G1OoDNeSn_bJ8S/view?usp=drivesdk
2228,Gold Wristwatch,Clothing,S,A gold-toned wristwatch with an oval dial and linked bracelet strap.,Gold,21,27.15,2228.jpg,https://drive.google.com/file/d/1PlypPAxOt6217_t1gOjalM75oDFqIWsq/view?usp=drivesdk
2229,Gold Wristwatch,Clothing,L,A sleek gold wristwatch with a round dial and linked bracelet.,Gold,41,35.25,2229.jpg,https://drive.google.com/file/d/1EIB0Sy5ZjOHnSvg4qJ8IqDYznOWwDK2I/view?usp=drivesdk
2230,Plaid Shorts,Clothing,S,A pair of plaid shorts featuring a mix of pink and purple tones with front pockets.,Purple,21,44.92,2230.jpg,https://drive.google.com/file/d/1zZ5pBE0Y4NhRGL0Ynf-M-z026LKi5ZB5/view?usp=drivesdk
2231,Kids Blue Watch,Clothing,XL,A blue children's wristwatch with a cartoon car design on the dial and a silicone strap.,Blue,42,48.92,2231.jpg,https://drive.google.com/file/d/1batSNDD7Nn-nk3uXi3zHe_6PwH1N0ZhU/view?usp=drivesdk
2232,Panda Watch,Clothing,L,A children's wristwatch featuring a panda illustration with a pink and purple strap.,Pink,28,28.42,2232.jpg,https://drive.google.com/file/d/1tsgtjJqZHMvYXXO3tNf0-C8lTAxbBmZe/view?usp=drivesdk
2233,Printed Saree,Clothing,M,A traditional saree with intricate printed patterns and tassel detailing on the pallu.,Navy Blue,25,22.21,2233.jpg,https://drive.google.com/file/d/1H5DKl27d4YLawJXxNXiLm_awdDztJRWO/view?usp=drivesdk
2234,Printed Saree,Clothing,S,A traditional printed saree with intricate patterns and a black border.,Olive Green,20,46.69,2234.jpg,https://drive.google.com/file/d/162DwByBunXh6XpCR4hA3uIGlAMvzeb3m/view?usp=drivesdk
2235,Printed Saree,Clothing,M,A traditional red printed saree with intricate patterns and tassel detailing.,Red,5,28.8,2235.jpg,https://drive.google.com/file/d/1yGi306jPQPi9a3Fau7-JVypp03P0itsh/view?usp=drivesdk
2236,Basic T-shirt,Clothing,M,A plain black short-sleeve crew neck t-shirt.,Black,20,12.55,2236.jpg,https://drive.google.com/file/d/1Q6qHTF9y-NyBlduvCIHtGcKh4Qy4Iynv/view?usp=drivesdk
2237,Graphic Shorts,Clothing,M,Black casual shorts with a drawstring waist and graphic print on the left thigh.,Black,47,47.61,2237.jpg,https://drive.google.com/file/d/1bggq1IKfXCKkRa0VuZBUEURtSatj6Qq9/view?usp=drivesdk
2238,Graphic Sweatpants,Clothing,S,"Gray sweatpants with an elastic waistband, black drawstring, side pockets, and a graphic print on the left thigh.",Gray,23,40.21,2238.jpg,https://drive.google.com/file/d/1Y0c_WEAhUqSlOThX58gsD-kRsJiSzfQ9/view?usp=drivesdk
2239,Lace Trim Leggings,Clothing,M,Black cropped leggings featuring lace trim at the hem.,Black,11,41.42,2239.jpg,https://drive.google.com/file/d/1xs0B8H3j8QxTqj9LuhM3whjiqOLJWrwf/view?usp=drivesdk
2240,Lace Trim Leggings,Clothing,M,Navy blue cropped leggings with lace trim at the hem.,Navy Blue,3,19.7,2240.jpg,https://drive.google.com/file/d/1RWgwhMiCxRkhaIIGyPXP7OeHH71G5ssH/view?usp=drivesdk
2241,Lace Trim Leggings,Clothing,L,Black cropped leggings featuring lace trim at the hem.,Black,30,40.74,2241.jpg,https://drive.google.com/file/d/1ufwES1ri7i9c6tVXEUTWSkog0fYVs6Ec/view?usp=drivesdk
2242,Lace Trim Leggings,Clothing,XL,Light pink cropped leggings with lace trim at the hem.,Pink,3,10.19,2242.jpg,https://drive.google.com/file/d/136goSGdbS_aq3PYaigpHDqRzvABF0jDg/view?usp=drivesdk
2243,Basic Leggings,Clothing,L,A pair of fitted black leggings with a simple design.,Black,42,16.49,2243.jpg,https://drive.google.com/file/d/1xd28gxizf8CBAhohNEzTAb7tq4vPMQuL/view?usp=drivesdk
2244,Denim Skirt,Clothing,XL,A blue denim skirt featuring a floral patterned belt tied at the waist.,Blue,11,24.18,2244.jpg,https://drive.google.com/file/d/1ZhBxq43XQbdX5sVFcNzctl-JaLYW4LQP/view?usp=drivesdk
2245,Red Skirt,Clothing,XL,A vibrant red skirt with pleated details and belt loops.,Red,19,30.97,2245.jpg,https://drive.google.com/file/d/1xkS9GPe_Ef3cKYKmfEd6-QFo5tvh3muh/view?usp=drivesdk
2246,Printed Tote,Clothing,XL,"A vibrant tote bag with a floral and circular pattern in orange and green, featuring orange handles.",Orange,16,32.69,2246.jpg,https://drive.google.com/file/d/1uY1BvS1zcluzVHrbcDaSSfCyFA6P3n8Y/view?usp=drivesdk
2247,Denim Pinafore,Clothing,L,A dark denim pinafore dress with adjustable shoulder straps and front pockets.,Black,1,41.99,2247.jpg,https://drive.google.com/file/d/1OmlNaAOehiqvOxyvOpXcILOxRqOtGZwy/view?usp=drivesdk
2248,Floral Sunglasses,Clothing,M,Sunglasses with a floral patterned frame and gradient lenses.,Black,15,31.24,2248.jpg,https://drive.google.com/file/d/1dMqaAEuptgEtItE5ObVFdSwp1kwrO_m3/view?usp=drivesdk
2249,Sequin Waist Belt,Clothing,XL,A red waist belt featuring a large buckle and sequin embellishments.,Red,30,32.46,2249.jpg,https://drive.google.com/file/d/1atpbCv1Qn-OOhz6YvUyE-V3P5y1GH_9V/view?usp=drivesdk
2250,Pink Waist Belt,Clothing,M,A pink elastic waist belt featuring a decorative fabric flower with a central gem.,Pink,42,44.81,2250.jpg,https://drive.google.com/file/d/17I0AW66UqmoZ6oyD1ZX_QpDDzLSQ4DVb/view?usp=drivesdk
2251,Floral Tote Bag,Clothing,XL,"A pink tote bag featuring colorful floral patterns in blue, yellow, and pink with sequin accents.",Pink,12,22.71,2251.jpg,https://drive.google.com/file/d/1tDuclcIgT7kiwlIKTGuhj7EG3M-3nXVq/view?usp=drivesdk
2252,Butterfly Tote,Clothing,XL,A white tote bag with green handles and colorful butterfly prints.,Green,38,20.21,2252.jpg,https://drive.google.com/file/d/1CQMdU_vOphfy4hdm4BKgkz7Jg_BmZ45q/view?usp=drivesdk
2253,Compression Tights,Clothing,S,Black fitted compression tights designed for athletic performance.,Black,23,46.06,2253.jpg,https://drive.google.com/file/d/1-cyviIRG3llCs_B8Bxj3uQU5AQJcFCxF/view?usp=drivesdk
2254,Striped Tie,Clothing,M,A black necktie with a subtle diagonal striped pattern along one edge.,Black,19,32.57,2254.jpg,https://drive.google.com/file/d/1-P9gZHFkgtuelS9yQPkkOzoAGcerhK_p/view?usp=drivesdk
2255,Checkered Tie,Clothing,XL,A white necktie featuring a subtle checkered pattern along its length.,White,6,21.27,2255.jpg,https://drive.google.com/file/d/1N9j-lc4zvAvj_RZ1hJHipIU0d6rNQ7tS/view?usp=drivesdk
2256,Checkered Tie,Clothing,L,A slim necktie featuring a small checkered pattern in neutral tones.,Beige,0,13.11,2256.jpg,https://drive.google.com/file/d/1yFFXSAkcEIJsPMrbcUFkCqa1FwFAlCLK/view?usp=drivesdk
2257,Pink Tie,Clothing,XL,A pink necktie with a subtle dotted pattern.,Pink,50,19.26,2257.jpg,https://drive.google.com/file/d/1rukvVHpaoRztof5ZibDruRWbGk8lTO7r/view?usp=drivesdk
2258,White Sneakers,Clothing,S,A pair of white casual sneakers with velcro straps and a low profile design.,White,26,37.92,2258.jpg,https://drive.google.com/file/d/13ZFtdyxA-rHhMf3UIOgTw78N7EKGsJMF/view?usp=drivesdk
2259,Charm Bracelet Watch,Clothing,L,A silver chain bracelet watch with black strawberry-shaped charms and a black dial featuring the text 'MISS SIXTY'.,Silver,22,38.36,2259.jpg,https://drive.google.com/file/d/1K1Rfnn2RdtoR5rbv0NmzoCvkT5vnCPd1/view?usp=drivesdk
2260,Drawstring Sweatpants,Clothing,M,"Light grey sweatpants with an elastic waistband and drawstring, featuring side pockets and a small logo on the thigh.",Grey,29,30.18,2260.jpg,https://drive.google.com/file/d/12SfnOQRq6VZ81E_ZkNpMC6HqViuv7lyp/view?usp=drivesdk
2261,Casual Shorts,Clothing,S,A pair of navy blue casual shorts with an elastic waistband and drawstring.,Blue,12,42.21,2261.jpg,https://drive.google.com/file/d/1ZKHQvU6dWQwpgoYyFpJsCmryEUgbNHEf/view?usp=drivesdk
2262,Cropped Sweatpants,Clothing,M,Light grey cropped sweatpants with an elastic waistband and drawstring.,Grey,41,15.6,2262.jpg,https://drive.google.com/file/d/1xqNL-umpCINTCWA96R8b544-dMg_lrNe/view?usp=drivesdk
2263,Capri Pants,Clothing,XL,Men's navy blue capri pants with an elastic waistband and drawstring.,Blue,41,44.33,2263.jpg,https://drive.google.com/file/d/1jg8oYdyAjUutm3Lo8S3NXAFFKyKKEMR8/view?usp=drivesdk
2264,Black Capris,Clothing,L,Black capri pants with white side stripes and a drawstring waist.,Black,5,38.98,2264.jpg,https://drive.google.com/file/d/12TV4dyFRljty4l0yDUMSmlZmPFOv2LDr/view?usp=drivesdk
2265,Men's Capris,Clothing,L,Men's casual black capri pants with side stripes and an elastic waistband.,Black,12,30.16,2265.jpg,https://drive.google.com/file/d/1gE1FLWb9OcTF-izHeBbVFIf0psFRw5ar/view?usp=drivesdk
2266,Colorblock Shorts,Clothing,S,Men's black shorts with white horizontal stripes and an elastic waistband with drawstring.,Black,25,41.36,2266.jpg,https://drive.google.com/file/d/18kzUCIVXZkGEu9mlIwcOh6iH6ZGaDaT4/view?usp=drivesdk
2267,Casual Shorts,Clothing,L,Men's casual shorts with a drawstring waist and contrasting light grey stripes.,Dark Grey,46,46.82,2267.jpg,https://drive.google.com/file/d/1HXGv7cprpLkalwanL3X7thAbqRkjir3A/view?usp=drivesdk
2268,Track Pants,Clothing,XL,Black track pants with red and grey side stripes and a drawstring waist.,Black,40,48.02,2268.jpg,https://drive.google.com/file/d/1etPtcGg68TUmhyCoaP1Y6vKOCIFMiOOn/view?usp=drivesdk
2269,Casual Lace-up,Clothing,L,A beige casual lace-up shoe with a black sole and stitched detailing.,Beige,34,24.75,2269.jpg,https://drive.google.com/file/d/10xwUcDlPrzlbkP9ez7lG-u5DsgElxyJb/view?usp=drivesdk
2270,Leather Belt,Clothing,XL,A black leather belt with a silver rectangular buckle.,Black,38,37.28,2270.jpg,https://drive.google.com/file/d/1R325mSAd5c_AJ6y8vx1CMWhqavM-k5HF/view?usp=drivesdk
2271,Polka Dot Saree,Clothing,L,A traditional saree featuring a cream base with green and black polka dots and decorative border patterns.,Cream,31,15.03,2271.jpg,https://drive.google.com/file/d/1TpXAytIWI14LcM0V21INGfazDk_ZvSfe/view?usp=drivesdk
2272,Polka Dot Saree,Clothing,L,"A vibrant saree featuring a green blouse and a multicolored polka dot and striped pattern in red, green, and mustard.",Red,41,18.49,2272.jpg,https://drive.google.com/file/d/1BOKta184fdJYzdIRdYVzzmapsj49oOS2/view?usp=drivesdk
2273,Printed Saree,Clothing,M,A purple printed saree with golden and orange border detailing.,Purple,27,31.82,2273.jpg,https://drive.google.com/file/d/12BECTAPmNq3mwHsQqbkhyfS5DuWqrvsl/view?usp=drivesdk
2274,Paisley Saree,Clothing,S,A black saree with beige paisley patterns and maroon borders.,Black,38,13.2,2274.jpg,https://drive.google.com/file/d/1nBio-md9LKqprpR0EDTGOg3cPGmk109R/view?usp=drivesdk
2275,Paisley Saree,Clothing,L,A traditional saree featuring a paisley pattern in beige on a black and green base.,Green,37,21.36,2275.jpg,https://drive.google.com/file/d/1Fzpny4nQdvDlqwNxvie8IFz0o4y_OKiz/view?usp=drivesdk
2276,Printed Saree,Clothing,M,A mustard yellow saree with intricate blue and multicolor printed patterns.,Mustard,13,39.21,2276.jpg,https://drive.google.com/file/d/1vAhizCZOekIZtN0lIkWaYOA-x5tW-huL/view?usp=drivesdk
2277,Printed Saree,Clothing,S,A traditional saree featuring a blue and mustard yellow base with maroon floral and striped patterns.,Mustard Yellow,24,26.85,2277.jpg,https://drive.google.com/file/d/1AMr0HvsrZthoWUhYCgpRS_xIgazHXMEr/view?usp=drivesdk
2278,Striped Saree,Clothing,S,A traditional saree featuring green and mustard yellow stripes with intricate maroon patterns.,Green,12,25.46,2278.jpg,https://drive.google.com/file/d/14gK2BIF-EbdZiD-p7_SiRR6adKQwS0C7/view?usp=drivesdk
2279,Graphic T-shirt,Clothing,S,A grey short-sleeve T-shirt with a large printed graphic design on the front.,Grey,15,11.07,2279.jpg,https://drive.google.com/file/d/1l4dlSlRLnrjTDW36eEQBWuflUFzMNAdO/view?usp=drivesdk
2280,Polka Dot Saree,Clothing,XL,A beige saree with black polka dots and green and red leaf patterns along the border.,Beige,42,17.88,2280.jpg,https://drive.google.com/file/d/1s_kJ9zqfbKdL9ty3iNkwf5uOvOAG-j5K/view?usp=drivesdk
2281,Skinny Jeans,Clothing,S,A pair of dark blue skinny jeans with a fitted silhouette.,Blue,20,15.46,2281.jpg,https://drive.google.com/file/d/11Io2XQR2g0gw2_9Jp5PADk5K330rAGY_/view?usp=drivesdk
2282,Skinny Jeans,Clothing,XL,A pair of fitted skinny jeans with a dark wash and chain detail on the pocket.,Black,3,34.45,2282.jpg,https://drive.google.com/file/d/16sDrtJXu5ukZ0hHZSD7BMomGISB92QCp/view?usp=drivesdk
2283,Skinny Jeans,Clothing,S,Dark blue skinny jeans with a fitted silhouette and rolled cuffs.,Blue,13,23.95,2283.jpg,https://drive.google.com/file/d/1aooodQgzls4mpVI9pmFwIcmOZ6X3qS-N/view?usp=drivesdk
2284,Plaid Shirt,Clothing,S,"A short-sleeve button-up shirt with a red, blue, and white plaid pattern.",Red,25,11.59,2284.jpg,https://drive.google.com/file/d/1p6PnbSQRg9dBmf5G4cRNcEzNbY41n3wZ/view?usp=drivesdk
2285,Leather Belt,Clothing,M,A reversible leather belt with a textured surface and a metallic rectangular buckle.,Black,40,10.68,2285.jpg,https://drive.google.com/file/d/1_1qzKICvAOmZF5TBnrksYNoYhQPgdqB2/view?usp=drivesdk
2286,Floral Shirt,Clothing,L,A short-sleeved shirt with an orange floral print on a white background.,White,31,47.93,2286.jpg,https://drive.google.com/file/d/1WFATNgULE0hZBtfaBgp66hk6taUiNfe4/view?usp=drivesdk
2287,Kids Sunglasses,Clothing,L,Pink kids sunglasses with white flower patterns and cartoon character detail on the arms.,Pink,14,15.17,2287.jpg,https://drive.google.com/file/d/1BR1JjOP4Vo-VxhpWIWR8F6dAxvA6ZhuB/view?usp=drivesdk
2288,Rain Poncho,Clothing,S,"A black waterproof rain poncho with a hood, designed to protect from rain.",Black,2,45.87,2288.jpg,https://drive.google.com/file/d/1QF9tz9Fi83RK4XV8BLrd7HuHRnYpAIub/view?usp=drivesdk
2289,Wildcraft Backpack,Clothing,M,A black and grey backpack with multiple compartments and mesh side pockets.,Black,42,17.96,2289.jpg,https://drive.google.com/file/d/1GZYEqD8iBT3e1LS25um9M9Hy5CINThw4/view?usp=drivesdk
2290,Checkered Bag,Clothing,XL,A gray checkered bag with a shoulder strap and handles.,Gray,47,34.08,2290.jpg,https://drive.google.com/file/d/1Xqli4H-E34mL3HJp9qdwBOzCJsIGfjCh/view?usp=drivesdk
2291,Black Windbreaker,Clothing,XL,A black lightweight windbreaker jacket with a hood and front pockets.,Black,35,25.81,2291.jpg,https://drive.google.com/file/d/1WM2MmZ97H8Jiz8NPR9BqF86cYMZ7lNex/view?usp=drivesdk
2292,Hooded Jacket,Clothing,L,A beige lightweight hooded jacket with a front zipper and elastic cuffs.,Beige,25,16.23,2292.jpg,https://drive.google.com/file/d/1bxrsfnhIjLT1rQxUijm45tT1sV6npht2/view?usp=drivesdk
2293,skinny jeans,Clothing,L,Dark blue skinny jeans with a slightly faded texture.,Blue,41,35.7,2293.jpg,https://drive.google.com/file/d/1uDIoDnJhe3Xab87J8QhjLmNkqY7Rz04Y/view?usp=drivesdk
2294,casual shorts,Clothing,L,A pair of knee-length casual shorts in a solid color.,Beige,50,20.96,2294.jpg,https://drive.google.com/file/d/1xMoXA46wiweCi5AJgyJROHi_RYX1PR7z/view?usp=drivesdk
2295,casual shorts,Clothing,S,A pair of black casual shorts with side pockets.,Black,37,22.7,2295.jpg,https://drive.google.com/file/d/1zDlBFLsZzFCD9PlQ9h4pG0W3iqjXvuaZ/view?usp=drivesdk
2296,Plaid Shorts,Clothing,S,Men's knee-length shorts with a blue and white plaid pattern.,Blue,35,41.92,2296.jpg,https://drive.google.com/file/d/1Y4w0dq4mbprjBVRqepvO3D5l02AdR1AI/view?usp=drivesdk
2297,Yellow Shirt,Clothing,XL,A short-sleeve button-up shirt in a solid yellow color with a chest pocket.,Yellow,21,37.15,2297.jpg,https://drive.google.com/file/d/15ZOFvvsi69OHcGyP9QbSr5aZWgk_EBDo/view?usp=drivesdk
2298,Checkered Shirt,Clothing,L,"A short-sleeve button-up shirt with a blue, yellow, and white checkered pattern.",Blue,5,41.09,2298.jpg,https://drive.google.com/file/d/1xKutSyB7TOplVYFZhhTPpR_8H6u8PpIt/view?usp=drivesdk
2299,Checked Shirt,Clothing,S,A short-sleeve button-up shirt with a blue and white checkered pattern.,Blue,29,16.09,2299.jpg,https://drive.google.com/file/d/1HHczplhUot6JjjYJXOcfV7-Xxk-vwDn9/view?usp=drivesdk
2300,Button Shirt,Clothing,M,A long-sleeve button-up shirt with two chest pockets.,Blue,41,33.03,2300.jpg,https://drive.google.com/file/d/1pB8yJmrS8t6j_gMsOmjWGO-t9LIhAGLw/view?usp=drivesdk
2301,Plaid Shirt,Clothing,M,"Short-sleeve button-up shirt with an orange, white, and yellow plaid pattern.",Orange,33,40.94,2301.jpg,https://drive.google.com/file/d/1OFf41czTmnF_1MqK7GdE1Y4NtxcJgPhG/view?usp=drivesdk
2302,Checked Shirt,Clothing,XL,A long-sleeve button-up shirt with a red and white checkered pattern.,Red,48,33.04,2302.jpg,https://drive.google.com/file/d/1id1Wv_BKvw5Nh96VWJ1lHXmDFj9pG7BF/view?usp=drivesdk
2303,Plaid Shirt,Clothing,L,"A long-sleeve button-up shirt with a red, black, and white plaid pattern.",Red,12,25.8,2303.jpg,https://drive.google.com/file/d/1xDU95O8UqzTpwpjpOTlHuj_VoTg0Dqu2/view?usp=drivesdk
2304,Printed Shrug,Clothing,XL,"A short-sleeved, open-front shrug with a pink and black printed pattern.",Pink,16,24.81,2304.jpg,https://drive.google.com/file/d/1Snow6CfhY876Za-Vl3sCFnrlOf9FRT_M/view?usp=drivesdk
2305,Strapless Dress,Clothing,XL,A green strapless mini dress with white floral embroidery and piping details.,Green,24,49.48,2305.jpg,https://drive.google.com/file/d/1GEofZL6_aywm4vD2dwi-Jxe5TvSSrYME/view?usp=drivesdk
2306,Black Jeans,Clothing,M,A pair of black denim jeans with a slightly faded texture.,Black,3,24.92,2306.jpg,https://drive.google.com/file/d/1ZZ3w0VCaFPZhBZahtarLoukRgAm42YXd/view?usp=drivesdk
2307,Plaid Shirt,Clothing,L,A long-sleeve plaid shirt with rolled-up sleeves and a button-down front.,Red,34,36.87,2307.jpg,https://drive.google.com/file/d/1qUWg2xI6nYFqwWqnIv6kdoOYEkC0dkn7/view?usp=drivesdk
2308,casual pants,Clothing,L,"A pair of slim-fit casual pants in a dark color, worn with a belt.",Black,48,28.84,2308.jpg,https://drive.google.com/file/d/1ec40wAycBM8FUPRo_3Ca3inZ6hPLE737/view?usp=drivesdk
2309,Metal Strap Watch,Clothing,L,A square-faced wristwatch with a metal strap and a white dial featuring numeric markers.,Silver,24,45.21,2309.jpg,https://drive.google.com/file/d/1sCEYIkPK0IrLMnKY194ejsJ_p-ZKfQcO/view?usp=drivesdk
2310,Mesh Strap Watch,Clothing,S,A wristwatch with a black dial and a silver mesh strap.,Silver,14,31.45,2310.jpg,https://drive.google.com/file/d/1D5Yp24xrjYoqvROpEYZI1GC1SEcjW6VK/view?usp=drivesdk
2311,Silicone Strap Watch,Clothing,S,A wristwatch with a white dial and a purple silicone strap.,Purple,45,19.41,2311.jpg,https://drive.google.com/file/d/11Yll3OFbV1vp_gCRlXCbop9rRtP8jg3t/view?usp=drivesdk
2312,Graphic T-shirt,Clothing,S,White short-sleeve V-neck T-shirt with a colorful abstract lip print on the front.,White,10,31.41,2312.jpg,https://drive.google.com/file/d/1olzRwzy-QdKNRvfcEk-Hc6PzN9y9BXwa/view?usp=drivesdk
2313,metal wristwatch,Clothing,XL,A silver metal wristwatch with a black dial and red second hand.,Silver,40,18.68,2313.jpg,https://drive.google.com/file/d/1Yr9-HcuuTweBi5FFeDenvzFIvISl-EjJ/view?usp=drivesdk
2314,Black Wristwatch,Clothing,XL,A black wristwatch with a bold white text design on the dial.,Black,35,18.82,2314.jpg,https://drive.google.com/file/d/1oheWjzCg22DD0V-IjxY3Pe4lic9q9CyQ/view?usp=drivesdk
2315,Graphic Wristwatch,Clothing,L,A white wristwatch with a black bezel and a graphic text design on the dial.,White,0,19.77,2315.jpg,https://drive.google.com/file/d/1tPnGmaDtZVWDW13nUIHuG0OS47WYzFDi/view?usp=drivesdk
2316,Silver Wristwatch,Clothing,M,A silver wristwatch with a mesh strap and a round dial featuring numeric and crystal hour markers.,Silver,18,37.99,2316.jpg,https://drive.google.com/file/d/1BPBcMOuXDGZIeD2lbfJ9YlRWiYfmmDp5/view?usp=drivesdk
2317,Silver Wristwatch,Clothing,S,A silver metal wristwatch with a unique square-shaped dial and black and white detailing.,Silver,36,17.89,2317.jpg,https://drive.google.com/file/d/1XWgJ0z-DZ6p2TOAJrFziuGXDccmhAbuT/view?usp=drivesdk
2318,Black Skinny Jeans,Clothing,M,A pair of fitted black skinny jeans worn with a white belt.,Black,37,40.2,2318.jpg,https://drive.google.com/file/d/1W0G1iFiSTEkbrMKdnwL5Im9g9Qh-QFHx/view?usp=drivesdk
2319,Slim Jeans,Clothing,XL,Dark blue slim-fit jeans with a classic design.,Blue,8,26.71,2319.jpg,https://drive.google.com/file/d/1AtjANKgQvUrhDZywgr1tHWuSsBMrfekd/view?usp=drivesdk
2320,Black Skinny Jeans,Clothing,XL,A pair of fitted black skinny jeans with cuffed hems.,Black,13,39.93,2320.jpg,https://drive.google.com/file/d/1ldePgLEOq6ANkJ7Egf2YBBnmmXzeq2Gs/view?usp=drivesdk
2321,Skinny Jeans,Clothing,S,A pair of dark blue skinny jeans with a fitted silhouette.,Blue,18,39.71,2321.jpg,https://drive.google.com/file/d/15WXKAv5_imY_P0sgbK6f-aIpzIxu4PSY/view?usp=drivesdk
2322,Slim Fit Pants,Clothing,L,"A pair of slim fit pants in a solid dark color, designed to fit closely through the legs.",Black,10,41.56,2322.jpg,https://drive.google.com/file/d/1kEGeCVoShDsM2i2yd07ZkVxpNkrsfX0M/view?usp=drivesdk
2323,Skinny Jeans,Clothing,S,A pair of fitted skinny jeans in a solid color.,Gray,9,46.32,2323.jpg,https://drive.google.com/file/d/1mOHPEchhYLtIO7qhd1W2NKqpmjucOUkt/view?usp=drivesdk
2324,Elastic Waist Jeans,Clothing,S,Light blue slim-fit jeans with an elastic waistband.,Light Blue,29,21.43,2324.jpg,https://drive.google.com/file/d/1OIOVai8BkICYTy4kF6f4EjKGSCfJEQiX/view?usp=drivesdk
2325,White Leggings,Clothing,XL,A pair of fitted white leggings made from a stretchy fabric.,White,50,35.15,2325.jpg,https://drive.google.com/file/d/1luIMTGtll1e8QFHP382VLm9YMvRmFj1f/view?usp=drivesdk
2326,Silver Wristwatch,Clothing,L,A silver metal wristwatch with a round face adorned with multicolored stones around the bezel.,Silver,47,47.68,2326.jpg,https://drive.google.com/file/d/1nVyIvngH_1JOzWt912I6OMK_7QYyzib0/view?usp=drivesdk
2327,Silver Bracelet Watch,Clothing,S,A silver bracelet watch with a round face and crystal embellishments on the band and bezel.,Silver,43,12.91,2327.jpg,https://drive.google.com/file/d/1ViRMVZsnOCWE744zA4QpAeaFhKAMRlR6/view?usp=drivesdk
2328,Leather Strap,Clothing,M,A beige leather strap attached to a wristwatch.,Beige,36,14.03,2328.jpg,https://drive.google.com/file/d/1e8U3jzuY9xhWO4qO_y_PAwjvoSF701BC/view?usp=drivesdk
2329,Gold Wristwatch,Clothing,XL,A gold-tone wristwatch with a metal link band and chronograph features.,Gold,28,39.03,2329.jpg,https://drive.google.com/file/d/1dNJME6fGvHCoSiHBFxJbPI9nf2_H_EEl/view?usp=drivesdk
2330,Black Wristwatch,Clothing,M,A black metal wristwatch with a round dial and chronograph features.,Black,4,47.51,2330.jpg,https://drive.google.com/file/d/1gbpZ9LP2OqZzwnCxirQAvzfkx1d2hdsA/view?usp=drivesdk
2331,Silicone Strap Watch,Clothing,M,A wristwatch with a black silicone strap and a round gold-tone bezel.,Black,36,22.97,2331.jpg,https://drive.google.com/file/d/1JCJEhp6Xl1N9frR-d8arWYJ3SsW0MDaq/view?usp=drivesdk
2332,Sport Watch,Clothing,S,A Fossil brand sport watch with a blue dial and black perforated strap.,Black,27,22.01,2332.jpg,https://drive.google.com/file/d/1KbHt1A4jQNvfdg7yK4V1Fbw0YhpEnD7_/view?usp=drivesdk
2333,Black Wristwatch,Clothing,S,A black wristwatch with a round dial and a perforated black strap.,Black,47,40.79,2333.jpg,https://drive.google.com/file/d/1pSubPHD68PmnxWGlPgVGOsb8GjYZQYuW/view?usp=drivesdk
2334,Aviator Sunglasses,Clothing,L,Silver frame aviator sunglasses with dark gray lenses and black temple tips.,Silver,23,42.9,2334.jpg,https://drive.google.com/file/d/1DIz6K4LaKUePufoJSHrbjQSPFLVRwF5N/view?usp=drivesdk
2335,Brown Sunglasses,Clothing,L,A pair of brown gradient lens sunglasses with a rectangular frame.,Brown,10,37.19,2335.jpg,https://drive.google.com/file/d/1sLv4sNPO5mgL7oFuTvmvqdSOjD88BhW5/view?usp=drivesdk
2336,Oversized Sunglasses,Clothing,L,Black oversized sunglasses with gradient dark lenses and decorative side accents.,Black,6,18.64,2336.jpg,https://drive.google.com/file/d/1MUtT5U9YglcVHtljliEV5uq7CL7r7OR5/view?usp=drivesdk
2337,Square Sunglasses,Clothing,L,A pair of square-shaped sunglasses with dark frames and purple-tinted lenses.,Black,17,32.89,2337.jpg,https://drive.google.com/file/d/1m4iGXGHc2gAiLVRbW_M9uPwUO2nT9HFH/view?usp=drivesdk
2338,Peep Toe Heels,Clothing,L,Black peep toe high heels with a tan buckle detail and heel accent.,Black,8,15.41,2338.jpg,https://drive.google.com/file/d/13SwRk4rbwnYBPk8UFs9tAc2Bsv7sS_gf/view?usp=drivesdk
2339,Leather Wallet,Clothing,M,A purple leather wallet with a zipper closure and metal ring detail on the front.,Purple,35,33.18,2339.jpg,https://drive.google.com/file/d/16mBRRLdtCuk2sZJJeXYWwaj4dKqwT9SW/view?usp=drivesdk
2340,Leather Shoulder Bag,Clothing,S,A dark teal leather shoulder bag with metal eyelet and buckle details.,Teal,33,22.19,2340.jpg,https://drive.google.com/file/d/11nMkqFA_9HW0JuUB4MgZ8Uu6vCD2lUcK/view?usp=drivesdk
2341,Ruched Shoulder Bag,Clothing,XL,A ruched leather shoulder bag with a chain strap and a small metal logo plate.,Purple,40,42.49,2341.jpg,https://drive.google.com/file/d/1xOx1_-ukPHSPUOaURyTwT2Zx-DEWdGo6/view?usp=drivesdk
2342,Woven Flap Bag,Clothing,S,A brown handbag featuring a woven flap design with a top handle and a detachable shoulder strap.,Brown,13,30.71,2342.jpg,https://drive.google.com/file/d/1qk_PkqMnyAKxnof4PAROxuzzh9xAvncO/view?usp=drivesdk
2343,Black Tunic,Clothing,L,A black sleeveless tunic with a satin vertical panel paired with black leggings.,Black,27,40.06,2343.jpg,https://drive.google.com/file/d/1G7IV1rWEAiiBfTmJgYmpC_9Vgp9emPgJ/view?usp=drivesdk
2344,Sleeveless Top,Clothing,M,A fitted sleeveless top in a solid color.,Black,50,27.13,2344.jpg,https://drive.google.com/file/d/1t2DFCsSM-Y39X5Qqj-yoKJ9R2IY3vO2y/view?usp=drivesdk
2345,Capri Pants,Clothing,S,Comfortable pink capri pants with a drawstring waist.,Pink,12,23.97,2345.jpg,https://drive.google.com/file/d/1GhapAGMHuqU7EGe-GHNFrKsSYnW9seLj/view?usp=drivesdk
2346,Utility Vest,Clothing,S,Black sleeveless utility vest with multiple pockets and a front zipper.,Black,22,12.06,2346.jpg,https://drive.google.com/file/d/1iwa0yFJpdKog-3O_l5s5M2rafzX19k8b/view?usp=drivesdk
2347,Hooded Jacket,Clothing,M,A black hooded jacket with a front zipper and side pockets.,Black,6,29.55,2347.jpg,https://drive.google.com/file/d/1Ud71ETvpfNx51Y4kN2YN_1UeZEeC5fDm/view?usp=drivesdk
2348,Hooded Jacket,Clothing,XL,A black hooded jacket with front pockets and a zip closure.,Black,9,28.24,2348.jpg,https://drive.google.com/file/d/1QpaZenVAuflLgS45sVgInwK9OqSqfv5l/view?usp=drivesdk
2349,Hooded Jacket,Clothing,S,"A casual hooded jacket with a front zipper and pockets, designed for outdoor wear.",Beige,10,32.76,2349.jpg,https://drive.google.com/file/d/1wy0vdEG5mFvOU6RJY65JBmxmE_ZkY71Z/view?usp=drivesdk
2350,Hooded Windbreaker,Clothing,XL,A hooded windbreaker jacket with a front zipper and red stripe detailing on the chest and sleeves.,Dark Green,29,15.91,2350.jpg,https://drive.google.com/file/d/1eRT6KwD_tJ7bPNZf9jxzXq_q8G8NFLxr/view?usp=drivesdk
2351,Mickey Mouse T-shirt,Clothing,S,A red short-sleeve T-shirt featuring a vintage Mickey Mouse graphic and text.,Red,12,35.07,2351.jpg,https://drive.google.com/file/d/1AClUT-C-k3QU4lTfQoOOeUsZgmUdjAJO/view?usp=drivesdk
2352,Hooded Windbreaker,Clothing,S,A men's hooded windbreaker jacket with black and olive green color blocking and a front zipper closure.,Olive Green,45,17.64,2352.jpg,https://drive.google.com/file/d/1X83cnQBhab9FG9KKcpZNxU90AG-TEg2R/view?usp=drivesdk
2353,Hooded Jacket,Clothing,M,A black hooded jacket with a contrasting gray hood and a zippered chest pocket.,Black,24,31.29,2353.jpg,https://drive.google.com/file/d/1irPyZNnaPsuAn95Na0glWxVvaiKk0BLb/view?usp=drivesdk
2354,Hooded Jacket,Clothing,XL,A red hooded jacket with black accents and a zippered chest pocket.,Red,35,47.16,2354.jpg,https://drive.google.com/file/d/1vL7IOq8lvALUvhvhk5zwvFu6QK9EfCn7/view?usp=drivesdk
2355,Men's Black Jacket,Clothing,S,A black casual jacket with a high collar and snap button closure.,Black,33,44.65,2355.jpg,https://drive.google.com/file/d/1HwAmEKZp-qFK8g438F1bvoeSkR0PnlAX/view?usp=drivesdk
2356,Hooded Jacket,Clothing,L,A black hooded jacket with olive green side panels and red piping details.,Black,0,28.57,2356.jpg,https://drive.google.com/file/d/1W8zV4HNNncvTS8h7Tmzd6K4FU1eSfwQv/view?usp=drivesdk
2357,Hooded Jacket,Clothing,M,A navy blue hooded jacket with white piping details and a front zipper.,Navy Blue,11,19.04,2357.jpg,https://drive.google.com/file/d/14hyvOW_w7SxEdnLXgDKj3zk5gbAWlFWL/view?usp=drivesdk
2358,Hooded Jacket,Clothing,M,A men's olive green hooded jacket with black piping and front pockets.,Olive Green,21,21.13,2358.jpg,https://drive.google.com/file/d/1cSpGrzMfeYzqTjsPyUT6Q7mvJ3ILOJxK/view?usp=drivesdk
2359,Hooded Windbreaker,Clothing,XL,Black hooded windbreaker jacket with red piping details along the sleeves and front.,Black,22,45.8,2359.jpg,https://drive.google.com/file/d/1LO1OQrG4p5tXeIuyMfVb1waQCglO7HDf/view?usp=drivesdk
2360,Striped Polo,Clothing,L,A short-sleeve polo shirt with yellow and navy horizontal stripes and a navy collar.,Yellow,50,15.05,2360.jpg,https://drive.google.com/file/d/1zN20eG0shWLFOdBhqq-Nxby6zqdKKbPe/view?usp=drivesdk
2361,Pink Summer Dress,Clothing,M,A pink short-sleeve dress with a floral and text graphic on the front and a ruffled skirt hem.,Pink,16,14.5,2361.jpg,https://drive.google.com/file/d/1G_usCH-z-ugM181S7OzU7BbbfW7CJ3JX/view?usp=drivesdk
2362,Summer Dress,Clothing,XL,Orange short-sleeve dress with printed floral and text design and ruffled hem.,Orange,1,30.99,2362.jpg,https://drive.google.com/file/d/1Ex-5Xqiln9LTYp9YQfekwLgEK8HdTGkX/view?usp=drivesdk
2363,Pearl Pendant,Clothing,XL,A silver necklace featuring a square clear gemstone and a dangling white pearl.,White,37,16.9,2363.jpg,https://drive.google.com/file/d/18pnzDcqNytnSyksC7jkAY-l7fAkQJUr3/view?usp=drivesdk
2364,Textured Silver Ring,Clothing,L,A wide silver ring with a detailed textured surface design.,Silver,44,21.48,2364.jpg,https://drive.google.com/file/d/1ao4whb-R_2EDdELyOO-QmoT-NeG5hpkN/view?usp=drivesdk
2365,Silver Earrings,Clothing,M,A pair of silver earrings with a curved design and a square clear gemstone at the top.,Silver,27,22.71,2365.jpg,https://drive.google.com/file/d/143w6Xi8mNmMRFwZEcAmwoJom2sNDqujW/view?usp=drivesdk
2366,Silver Earrings,Clothing,S,A pair of silver earrings with two embedded clear stones in each.,Silver,27,33.54,2366.jpg,https://drive.google.com/file/d/1qM0hueVUd3dIF-5hCiHBOJ2BLRhYDS3R/view?usp=drivesdk
2367,Silver Earrings,Clothing,L,A pair of silver earrings with a modern curved design and embedded clear stones.,Silver,49,46.79,2367.jpg,https://drive.google.com/file/d/1Km5c5nOALaASV-bb4HRZKhV-wOf1hQvN/view?usp=drivesdk
2368,Gemstone Earrings,Clothing,L,"Square silver stud earrings featuring blue, red, and clear gemstones.",Silver,36,18.22,2368.jpg,https://drive.google.com/file/d/1W-bfXyPmUP8jN91__VyquqTy72uUvF61/view?usp=drivesdk
2369,Pearl Pendant Necklace,Clothing,S,A delicate silver chain necklace featuring a pendant with a pearl and small decorative stones.,Silver,46,12.48,2369.jpg,https://drive.google.com/file/d/1k3Z862xzK9UEEcR2V_flg4rO5xM_k_ha/view?usp=drivesdk
2370,Striped Polo,Clothing,S,A black short-sleeve polo shirt with red and white striped accents on the collar and sleeves.,Black,15,25.92,2370.jpg,https://drive.google.com/file/d/1axsppu05ZC3Ht65sN320VFqxhqsFxs6H/view?usp=drivesdk
2371,Beaded Necklace,Clothing,M,A multi-strand necklace made of small black beads with a silver clasp.,Black,5,24.48,2371.jpg,https://drive.google.com/file/d/1T-5Dci37e6yUrNLzvVmnc-eZVExXciKp/view?usp=drivesdk
2372,Beaded Necklace,Clothing,XL,"A long silver chain necklace adorned with black, white, and silver beads.",Silver,14,26.64,2372.jpg,https://drive.google.com/file/d/1FTFtAhWqXE6yQRO1sM1urT3E822NvtvI/view?usp=drivesdk
2373,Chevron Bangle,Clothing,S,A wide bangle bracelet with a colorful chevron pattern and gold interior.,Multicolor,31,36.89,2373.jpg,https://drive.google.com/file/d/1UiqCUixpODLr1Y5mc80l93R2DaU9WJ3h/view?usp=drivesdk
2374,Colorful Bangles,Clothing,M,"A set of gold bangles with pink, white, and black accents.",Gold,31,33.05,2374.jpg,https://drive.google.com/file/d/1p24RmBEE1q5_Rj2YPrUY7ehCNXQGSBs0/view?usp=drivesdk
2375,Carved Bangle,Clothing,L,A wide orange bangle with carved leaf patterns around its surface.,Orange,3,18.37,2375.jpg,https://drive.google.com/file/d/1O7hFB-4v0dmJc60MobFFTE7KgyZAF4gm/view?usp=drivesdk
2376,Teal Bangles,Clothing,S,A set of teal-colored bangles with gold accents.,Teal,2,38.19,2376.jpg,https://drive.google.com/file/d/1GgHJj_nHE9DKwL0vp9MzDLiC-zT1LhLb/view?usp=drivesdk
2377,Reebok Soccer Cleat,Clothing,L,A black soccer cleat with white laces and silver Reebok logo detailing.,Black,43,20,2377.jpg,https://drive.google.com/file/d/1yOxLyvPSiPiQxoPF6rbZAep2OoGfs2ta/view?usp=drivesdk
2378,Slim Jeans,Clothing,S,Dark blue slim fit jeans with a decorative chain accessory.,Blue,19,31.14,2378.jpg,https://drive.google.com/file/d/1qIaOCksYNMmH0qH9k9pPfH2ToLKOxouf/view?usp=drivesdk
2379,Slim Jeans,Clothing,S,A pair of slim fit blue denim jeans with a slightly faded wash.,Blue,41,28.15,2379.jpg,https://drive.google.com/file/d/18yKmN51zJJeN41M4K3eOPD5hXkUvaopw/view?usp=drivesdk
2380,Snake Print Clutch,Clothing,L,A green snake print clutch with a silver decorative clasp and wrist strap.,Green,38,42.64,2380.jpg,https://drive.google.com/file/d/1cxGmRqUzk0g64ynwnqRNHb7fF4fIhtDn/view?usp=drivesdk
2381,Silver Wristwatch,Clothing,M,A silver metal wristwatch with a rectangular face and a linked bracelet band.,Silver,19,10.36,2381.jpg,https://drive.google.com/file/d/1-L8ohfav27i2IJXh8pNf3zS319o8dXI9/view?usp=drivesdk
2382,Men's Wristwatch,Clothing,L,"A men's wristwatch with a black dial, silver case, and black strap featuring multiple subdials.",Black,42,27.19,2382.jpg,https://drive.google.com/file/d/137CpQ8tXr8g9uUUjCNQWKG7FoDtfvoLf/view?usp=drivesdk
2383,Leather Wallet,Clothing,M,A black leather wallet with a textured finish and a metal brand plate on the front.,Black,13,29.24,2383.jpg,https://drive.google.com/file/d/1tRrIcNFyb2ZMMBXFLIqee9geqyJYA-9J/view?usp=drivesdk
2384,Jhumka Earrings,Clothing,S,"Traditional Indian jhumka earrings with intricate gold detailing, pearl accents, and maroon drops.",Maroon,40,49.63,2384.jpg,https://drive.google.com/file/d/1ZEkbx3iEaADVik6OK7eQ9sBS1OVQlnj-/view?usp=drivesdk
2385,Jhumka Earrings,Clothing,XL,"Traditional Indian jhumka earrings with gold-tone, black and white enamel, and red bead accents.",Gold,24,33.52,2385.jpg,https://drive.google.com/file/d/1Hf6zZmic3O6qyfTdH2a2Ip7GGvBaFOVy/view?usp=drivesdk
2386,Jhumka Earrings,Clothing,L,Traditional Indian jhumka earrings with red beads and gold detailing.,Red,39,36.7,2386.jpg,https://drive.google.com/file/d/13l-EANm000aVdKkCdArtEe9RmmCOqkht/view?usp=drivesdk
2387,Crossbody Bag,Clothing,L,A grey crossbody bag with orange zipper accents and an adjustable strap.,Grey,36,37.79,2387.jpg,https://drive.google.com/file/d/1TaTzwLahrSm-SVrdaLqvlylm53JQI4E2/view?usp=drivesdk
2388,Jhumka Earrings,Clothing,XL,"Traditional Indian jhumka earrings with gold-tone, green and red enamel detailing, and red bead dangles.",Gold,1,36.8,2388.jpg,https://drive.google.com/file/d/1fowvelTLdykg1jHV1Rix3pKnSOVMyjk6/view?usp=drivesdk
2389,Jhumka Earrings,Clothing,M,Traditional jhumka earrings with intricate green and red detailing and gold accents.,Gold,8,44.62,2389.jpg,https://drive.google.com/file/d/1ihO9HnYxdEw7-Wk1slhIyVrKENLvvKmO/view?usp=drivesdk
2390,Printed Saree,Clothing,XL,A colorful saree featuring floral and geometric patterns in multiple colors.,White,37,39.3,2390.jpg,https://drive.google.com/file/d/1Iw8a_Ow00zjGIvg5rwrwH7jwt5KLk4hM/view?usp=drivesdk
2391,Floral Saree,Clothing,XL,"A colorful saree featuring floral patterns and vibrant stripes in pink, yellow, purple, and green.",White,41,20.17,2391.jpg,https://drive.google.com/file/d/19BfZd-pXwrPIyIH8StnWk4LrrhhhFi54/view?usp=drivesdk
2392,Floral Saree,Clothing,L,A light and airy saree with orange floral patterns and stripes.,Orange,41,10.45,2392.jpg,https://drive.google.com/file/d/13groIX3rmhcJe4yWEOsfuwlNuTzQ_GAz/view?usp=drivesdk
2393,Black Slip-On,Clothing,XL,A black slip-on shoe with a smooth leather upper and cushioned sole.,Black,44,31.32,2393.jpg,https://drive.google.com/file/d/1QrbzkaHi-2zkKE8KrRTJ0qy7dhwqGvYV/view?usp=drivesdk
2394,Striped Saree,Clothing,L,A traditional saree featuring horizontal stripes in multiple colors with floral embroidery on a maroon base.,Maroon,24,32.37,2394.jpg,https://drive.google.com/file/d/1Hama2d0lV9g4elRzPXknW0RuNXKQEEm3/view?usp=drivesdk
2395,Printed Saree,Clothing,M,A traditional saree featuring a vibrant print with floral and polka dot patterns.,Orange,3,37,2395.jpg,https://drive.google.com/file/d/1hXUz9kZ5b2M1tp7Gq_mhZZYjIpdTIQoZ/view?usp=drivesdk
2396,Printed Saree,Clothing,XL,A turquoise printed saree featuring blue and red floral and geometric patterns.,Turquoise,4,24.49,2396.jpg,https://drive.google.com/file/d/1GFfHYuFrmQSeoi6q0x_hfM62AuI6MCoY/view?usp=drivesdk
2397,Printed Saree,Clothing,L,"A green saree with blue and red floral and polka dot prints, paired with a red blouse.",Green,36,23.56,2397.jpg,https://drive.google.com/file/d/1aIXP-dg0oFpa3X1q5gRbqcUBHza9DUH9/view?usp=drivesdk
2398,Black Casual Shoe,Clothing,M,A black leather casual shoe with laces and a textured sole.,Black,37,23.67,2398.jpg,https://drive.google.com/file/d/143QtDySwF10St8DbAHVCzsYUEgDacQb9/view?usp=drivesdk
2399,Printed Saree,Clothing,XL,A pink saree with purple and yellow floral and geometric prints.,Pink,15,24.27,2399.jpg,https://drive.google.com/file/d/1pSWJbsqcRJvo7PbB9KHbDQdftQQ8hrov/view?usp=drivesdk
2400,Floral Saree,Clothing,M,A white saree adorned with large red floral prints and green leaves.,White,43,25.32,2400.jpg,https://drive.google.com/file/d/16SG9fKDzNGq2-RGhi29MyVOqIaCVS2Qs/view?usp=drivesdk
2401,Floral Saree,Clothing,M,"A black saree with red floral prints and green leaves, paired with a red blouse.",Black,40,46.07,2401.jpg,https://drive.google.com/file/d/16EunLwZjS42xKy5Npse7cDAI5ywfin1w/view?usp=drivesdk
2402,Printed Saree,Clothing,S,A purple printed saree with intricate patterns and a traditional design.,Purple,49,49.62,2402.jpg,https://drive.google.com/file/d/1O_yDaN5EP0HwUoaAkA50b_xfTtm3DAoK/view?usp=drivesdk
2403,Floral Saree,Clothing,XL,A pink saree with large floral prints and a striped border.,Pink,17,49.62,2403.jpg,https://drive.google.com/file/d/1TbUkszGoEL5XJUJIdr7YUY7d_rOQJO8s/view?usp=drivesdk
2404,Printed Saree,Clothing,L,"A blue printed saree with geometric and floral patterns, paired with a sleeveless blouse.",Blue,2,41.96,2404.jpg,https://drive.google.com/file/d/1y9epH8WqsPoPwZPAAQj8U2Ct2OTv67YF/view?usp=drivesdk
2405,Embroidered Saree,Clothing,S,A colorful saree featuring floral embroidery on the blouse and a gradient pattern on the drape.,Red,29,29.62,2405.jpg,https://drive.google.com/file/d/15wf8B3FwwmPrpM4QWKFKlUtqTr9SMd66/view?usp=drivesdk
2406,Embroidered Saree,Clothing,L,A purple saree with floral embroidery and a contrasting maroon blouse.,Purple,30,37.22,2406.jpg,https://drive.google.com/file/d/1ONrcLwYp0Hwkc_N4InzXMvKQKwhCVfs2/view?usp=drivesdk
2407,Embroidered Saree,Clothing,L,A sheer maroon saree with green border and floral embroidery.,Maroon,50,11.23,2407.jpg,https://drive.google.com/file/d/1SkGPFJY6hf8T3_4YQYTxM6ZKXugpiEaj/view?usp=drivesdk
2408,Embroidered Saree,Clothing,S,"A turquoise saree with floral embroidery and striped pleats, paired with a red blouse.",Turquoise,49,31.12,2408.jpg,https://drive.google.com/file/d/1vUSCB0vq3Esipih8-NU10IVT_T_8R4mo/view?usp=drivesdk
2409,Embroidered Saree,Clothing,M,A sheer red saree with floral embroidery and a silver-bordered edge.,Red,32,25.74,2409.jpg,https://drive.google.com/file/d/153MQ2WL5IMfDvPY0N9wo7w-GXG9g33_A/view?usp=drivesdk
2410,Green Saree,Clothing,S,A green saree with floral embroidery and a contrasting border.,Green,47,25.8,2410.jpg,https://drive.google.com/file/d/19QTTnUIK-jkpldZst92PL083NlAmBmRH/view?usp=drivesdk
2411,Printed Saree,Clothing,XL,A purple saree with intricate red and black geometric and floral prints.,Purple,13,12.18,2411.jpg,https://drive.google.com/file/d/18ECpcRfaHaLNZ6H_K5RZRzlKszlbEmff/view?usp=drivesdk
2412,Printed Saree,Clothing,M,A black saree with red and white printed patterns and floral embroidery.,Black,6,40.35,2412.jpg,https://drive.google.com/file/d/11dOChpl62HzGst8yu-43esAi2EKK7OgA/view?usp=drivesdk
2413,Embroidered Saree,Clothing,XL,A colorful saree with floral embroidery and a multi-colored border.,Green,30,39.71,2413.jpg,https://drive.google.com/file/d/1xmFzPQtxexyAScU062FMUF9PM_m4fHpK/view?usp=drivesdk
2414,Tie-Dye Saree,Clothing,XL,A traditional saree featuring a tie-dye pattern with floral embroidery and a contrasting border.,Green,24,10.19,2414.jpg,https://drive.google.com/file/d/1kFofNld9gmdrhRtzNp-IJj_pS6dRHQvN/view?usp=drivesdk
2415,Printed Saree,Clothing,M,"A yellow saree with floral and leaf prints, featuring a contrasting border and pallu design.",Yellow,50,13.34,2415.jpg,https://drive.google.com/file/d/1Q5rux99LmGXEr7MRQzIASd2q0GEH0Rgk/view?usp=drivesdk
2416,Floral Saree,Clothing,L,A vibrant saree featuring a colorful floral pattern with red flowers and a mix of yellow and purple hues.,Yellow,24,38.19,2416.jpg,https://drive.google.com/file/d/1aNuvYF0azw-1RQznvdMt7yPhaBxdOBOK/view?usp=drivesdk
2417,Floral Saree,Clothing,S,A colorful floral printed saree with striped patterns and a maroon border.,Multicolor,7,35.72,2417.jpg,https://drive.google.com/file/d/15XRvnJhBCFpCVijAAu3Cx6Bz7wGPdoml/view?usp=drivesdk
2418,Floral Saree,Clothing,S,A colorful saree featuring a floral print with a pink border and a matching blouse.,Blue,23,13.77,2418.jpg,https://drive.google.com/file/d/1ZCbpLLDKD8Q4tphlpJsvJGN7LI2xqAYm/view?usp=drivesdk
2419,Floral Saree,Clothing,XL,A sheer saree featuring a vibrant floral print with a blue and pink border.,Beige,11,17.45,2419.jpg,https://drive.google.com/file/d/1dQDLcS3FbEDSmkgoz6ber28HuFhC3qgy/view?usp=drivesdk
2420,Floral Saree,Clothing,XL,A sheer saree with a floral and polka dot pattern in multiple colors.,Gray,31,37.44,2420.jpg,https://drive.google.com/file/d/1N_6Af51NnO58ZxIelUiUGOuxXVlf0cy-/view?usp=drivesdk
2421,Embroidered Saree,Clothing,XL,A traditional saree with intricate embroidery and a sheer red pallu paired with a golden blouse.,Red,11,20.15,2421.jpg,https://drive.google.com/file/d/1tMkY7wUtRYhkbmsOATdTLYZbMFqE7BMJ/view?usp=drivesdk
2422,Printed Saree,Clothing,M,"A colorful printed saree featuring a mix of green, yellow, purple, and brown patterns.",Green,29,36.01,2422.jpg,https://drive.google.com/file/d/1EdZ4HHHdmhtxKD7wghHZNVPTaK8CKykZ/view?usp=drivesdk
2423,Printed Saree,Clothing,M,"A multicolored printed saree featuring a combination of mustard, teal, purple, and brown hues.",Mustard,33,34.53,2423.jpg,https://drive.google.com/file/d/1stCJW1-LreBuSEhw1rDWySSjyZ4jhoF7/view?usp=drivesdk
2424,Printed Saree,Clothing,M,"A colorful printed saree with floral and abstract patterns, draped elegantly.",Yellow,39,44.89,2424.jpg,https://drive.google.com/file/d/1GYN7IarSEsCkJINw2w5fGXOj82ksPTXB/view?usp=drivesdk
2425,Floral Saree,Clothing,XL,"A maroon saree with green and yellow floral patterns, draped elegantly.",Maroon,18,36.51,2425.jpg,https://drive.google.com/file/d/1Au-JAG5gsO6szkOaV282yCI98a_hpJtv/view?usp=drivesdk
2426,Printed Saree,Clothing,M,A teal saree with striped and geometric multicolor patterns.,Teal,33,24.25,2426.jpg,https://drive.google.com/file/d/1f9AuSxu8PK1FQyqqwfNv1lCeLoI1F6ne/view?usp=drivesdk
2427,Printed Saree,Clothing,L,"A multicolored printed saree with a combination of blue, green, and maroon patterns.",Blue,37,15.34,2427.jpg,https://drive.google.com/file/d/1aHzE8Jxc3PDqBZCuLI3dg-W6sY_CLkzE/view?usp=drivesdk
2428,Printed Saree,Clothing,L,"A traditional saree featuring a multicolor leaf and stripe print with a combination of green, maroon, and mustard hues.",Green,48,12.5,2428.jpg,https://drive.google.com/file/d/1Ot3BYlbCUqdP18DJu3-a7TvuE7rnPc-v/view?usp=drivesdk
2429,Printed Saree,Clothing,S,A colorful printed saree with a mix of patterns and a sheer pallu.,Olive Green,39,17.52,2429.jpg,https://drive.google.com/file/d/17Lc-fXEyk7sRGw33QtuyVsXmFNczrdfs/view?usp=drivesdk
2430,Printed Saree,Clothing,XL,"A blue saree with floral and circular printed patterns, paired with a sleeveless blouse.",Blue,50,20.52,2430.jpg,https://drive.google.com/file/d/10WZwDdOOjGwniVsBbzMuRvQ2mwCe7lWe/view?usp=drivesdk
2431,Printed Saree,Clothing,S,A traditional saree featuring a multicolor printed design with dominant blue and green hues.,Blue,45,40.02,2431.jpg,https://drive.google.com/file/d/1zyA9t8xhJOCMoOsSdsn_-lncMiMUYZyn/view?usp=drivesdk
2432,Quilted Handbag,Clothing,S,A black quilted handbag with a glossy finish and a decorative gold chain adorned with pearls.,Black,41,29.5,2432.jpg,https://drive.google.com/file/d/1Cpprihg7fHY42k-9Cn_3qLW9AJ_z6SLu/view?usp=drivesdk
2433,Embellished Handbag,Clothing,M,A beige woven handbag with gold-toned handles and decorative embellishments on the front.,Beige,23,38.49,2433.jpg,https://drive.google.com/file/d/1pJ-2y8HC_rl5UzjAPpWnYw67yIOsOPk0/view?usp=drivesdk
2434,Embellished Handbag,Clothing,L,"A black handbag adorned with intricate gold and silver bead and sequin embellishments, featuring a beaded handle.",Black,42,27.62,2434.jpg,https://drive.google.com/file/d/1RztOTcGztTHio-KALuhOmyXE-H9QfSfM/view?usp=drivesdk
2435,Patterned Necklace,Clothing,S,A colorful necklace with a green cord and a round pendant featuring a geometric pattern.,Green,49,17.11,2435.jpg,https://drive.google.com/file/d/16kRsQnJsgsUSsHCeqD9hKj1VJJTGL7td/view?usp=drivesdk
2436,Silver Pendant Necklace,Clothing,L,A delicate silver chain necklace featuring a detailed leaf-shaped pendant with black bead accents.,Silver,36,29.03,2436.jpg,https://drive.google.com/file/d/18zypLHeV4chzUMCCbDBq6eFUyYTx15jS/view?usp=drivesdk
2437,Leaf Pendant Necklace,Clothing,XL,A braided necklace featuring a round orange leaf pendant and wooden beads.,Orange,32,30.09,2437.jpg,https://drive.google.com/file/d/1rLx8DSRTx49jihbrNkbylO3DawKZD3EG/view?usp=drivesdk
2438,Leaf Pendant Necklace,Clothing,S,A braided necklace featuring a green leaf-shaped pendant and wooden beads.,Green,6,25.03,2438.jpg,https://drive.google.com/file/d/1b7TdU8R4WVkpenBUnh5ImCDXJ1YOCtZB/view?usp=drivesdk
2439,Floral Earrings,Clothing,S,Silver floral-shaped earrings with intricate cut-out design.,Silver,42,43.79,2439.jpg,https://drive.google.com/file/d/1m9i34NM2k5voJ83f5rWG7TYybxazKsiC/view?usp=drivesdk
2440,Triangle Earrings,Clothing,L,A pair of silver triangular dangle earrings with intricate circular patterns.,Silver,31,11.95,2440.jpg,https://drive.google.com/file/d/1PsPnEsMcJNg5JDKKO3GWm1rxfC1BeG7n/view?usp=drivesdk
2441,Silver Hoop Earrings,Clothing,M,A pair of small silver hoop earrings with a hammered texture and post back closure.,Silver,7,49.26,2441.jpg,https://drive.google.com/file/d/178mIZAmCYHKKm1wF1M167i98dbqk6bs4/view?usp=drivesdk
2442,Beaded Sandal,Clothing,M,A flat sandal with intricate beadwork on the strap and a toe loop design.,Gold,50,42.2,2442.jpg,https://drive.google.com/file/d/1-M4E4-r8TLdbIB_iUlAwJSZTXT5nFNB5/view?usp=drivesdk
2443,Nike Air Max,Clothing,L,A black and pink Nike Air Max sneaker with a white swoosh and cushioned sole.,Black,33,27.11,2443.jpg,https://drive.google.com/file/d/1bpbqkEJCjrzfOz56HM6Gx2UJ9U_mKqgy/view?usp=drivesdk
2444,Leather Slip-on,Clothing,XL,A brown leather slip-on shoe with detailed stitching and a black sole.,Brown,21,35.88,2444.jpg,https://drive.google.com/file/d/1i-TFUd10-zIVn8Nj5Rn-EqZaKGdE9Dg2/view?usp=drivesdk
2445,Striped Shirt,Clothing,L,A light blue long-sleeve shirt with white vertical stripes and a front pocket.,Blue,14,25.86,2445.jpg,https://drive.google.com/file/d/16Lj6Vz63mYfliuX5FlkaTYhpMEAh2ItF/view?usp=drivesdk
2446,Running Shoe,Clothing,S,"A white mesh running shoe with black stripes, silver accents, and a neon yellow sole.",White,18,14.15,2446.jpg,https://drive.google.com/file/d/1gcrO2VYe-zGUfCEuqxNZzSnK8H5VdqlA/view?usp=drivesdk
2447,Formal Trousers,Clothing,S,Men's black formal trousers with a subtle pinstripe pattern.,Black,31,46.51,2447.jpg,https://drive.google.com/file/d/1zZ3jeZFdASL7NZqJf0HE_25XDAe0l_Ad/view?usp=drivesdk
2448,Slim Fit Jeans,Clothing,M,A pair of slim fit denim jeans with a slightly faded wash.,Blue,37,22.32,2448.jpg,https://drive.google.com/file/d/1Y1vUw0KDp4-rw9W883dAV5nPl3zukja7/view?usp=drivesdk
2449,Men's Jeans,Clothing,XL,A pair of faded blue denim jeans with a slim fit design.,Blue,24,28.13,2449.jpg,https://drive.google.com/file/d/1UhkX9mKd3xo0ddVWhpi0hFHvA85CjAU-/view?usp=drivesdk
2450,Puma Backpack,Clothing,M,A black Puma backpack with multiple zippered compartments and a large Puma logo on the front.,Black,27,37.69,2450.jpg,https://drive.google.com/file/d/11cc7AYiakMiw1JODyWOQ57JkZk_l3VWD/view?usp=drivesdk
2451,Puma Shoulder Bag,Clothing,S,A gray Puma shoulder bag with an adjustable black strap and a large logo on the front.,Gray,15,19.53,2451.jpg,https://drive.google.com/file/d/1wJujP4gLKWTQCHEWXFOSBsE_4ms3GbaR/view?usp=drivesdk
2452,Black Track Jacket,Clothing,L,A black full-zip track jacket with white stripes on the sleeves and logo detailing on the chest.,Black,10,31.99,2452.jpg,https://drive.google.com/file/d/1wFv2YA--o992FXXbKC5qBrrYHGpQ2mUa/view?usp=drivesdk
2453,Running Shoe,Clothing,M,White running shoe with blue accents and a black sole tip.,White,35,43.06,2453.jpg,https://drive.google.com/file/d/1F1TKjbbCt-1W_l62Ve6zG_NS601cAg_k/view?usp=drivesdk
2454,Men's Wristwatch,Clothing,M,A men's wristwatch with a silver metal strap and a blue dial featuring large white numerals.,Silver,18,46.87,2454.jpg,https://drive.google.com/file/d/1SWzwPocItiIc5ApUO4ciothKdI1YI625/view?usp=drivesdk
2455,Metal Wristwatch,Clothing,S,A silver metal wristwatch with a round face and Roman numeral markers.,Silver,50,45.54,2455.jpg,https://drive.google.com/file/d/1zexVOPN5-lZCXktJ1DCkaoq9wCd5eIXn/view?usp=drivesdk
2456,Digital Sports Watch,Clothing,L,A black digital sports watch with a red accent and multiple function buttons.,Black,13,11.94,2456.jpg,https://drive.google.com/file/d/1ZlB7VS0eXri3y1j0SMbGvTPvtJ66dw2r/view?usp=drivesdk
2457,Digital Sports Watch,Clothing,XL,"A black digital sports watch with alarm, chronograph, and water resistance features.",Black,50,48.23,2457.jpg,https://drive.google.com/file/d/1wAo9B3m-mA5FUPt7auPnIZeNlNX7A23i/view?usp=drivesdk
2458,Leather Shoulder Bag,Clothing,L,A grey leather shoulder bag with multiple zippered compartments and an adjustable strap.,Grey,3,19.05,2458.jpg,https://drive.google.com/file/d/1PM958lO206xHY5pYaNJ1sUQmuhCY-tJ1/view?usp=drivesdk
2459,Tassel Tote,Clothing,S,"A mustard yellow tote bag with black handles, tassel accents, and a detachable shoulder strap.",Mustard Yellow,11,49.91,2459.jpg,https://drive.google.com/file/d/1E_NXU6cGfGbRM6xYaUNVg3MqgfhGzNfz/view?usp=drivesdk
2460,Track Pants,Clothing,XL,"Dark gray track pants with red side panels and white stripes, featuring an elastic waistband.",Gray,49,34.37,2460.jpg,https://drive.google.com/file/d/1IWDKL9VCD0dgusRfSwIUCV5EXOPiN_uH/view?usp=drivesdk
2461,Black Track Pants,Clothing,XL,Black track pants with a slim fit and subtle pink piping detail.,Black,41,10.65,2461.jpg,https://drive.google.com/file/d/1PeFbiYjFAvTX2VjvOuGIQi0ZlvPstXpv/view?usp=drivesdk
2462,Track Pants,Clothing,XL,Black track pants with pink stripes and a pink waistband.,Black,5,38,2462.jpg,https://drive.google.com/file/d/1EdBbjtHhqAZg3AWMCySyW8zxopEDVgtC/view?usp=drivesdk
2463,Sports Shorts,Clothing,XL,Blue sports shorts with an elastic waistband and a Chelsea football club logo on the left leg.,Blue,27,16.93,2463.jpg,https://drive.google.com/file/d/1MugOHIjYem-SHuIVpPZqgh1xt7BGV1Zg/view?usp=drivesdk
2464,Athletic Shorts,Clothing,M,Lightweight blue athletic shorts with an elastic waistband.,Blue,33,40.39,2464.jpg,https://drive.google.com/file/d/1tMLIy2pjvtwFYbeYUqxThVwyvGkCERB3/view?usp=drivesdk
2465,Black Shoulder Bag,Clothing,XL,A black shoulder bag with handles and an adjustable padded strap featuring a Puma logo.,Black,17,19.26,2465.jpg,https://drive.google.com/file/d/15nQK58mhUYpVYEt8sSA2VNiQ89FQ9NBc/view?usp=drivesdk
2466,Striped Polo Shirt,Clothing,S,A short-sleeve polo shirt with bold horizontal red and black stripes.,Red,22,18.2,2466.jpg,https://drive.google.com/file/d/1-DnFdTlGkuXM3JaPFc0-XG214MnA95Tp/view?usp=drivesdk
2467,Striped Polo,Clothing,L,A short-sleeve polo shirt with horizontal stripes and a collar.,Red,16,41.73,2467.jpg,https://drive.google.com/file/d/1zdZQ2lo3HIQkflgeXbFJG3cx5U7wtXRI/view?usp=drivesdk
2468,Green Shorts,Clothing,L,Bright green knee-length shorts with an elastic waistband and white graphic text on the side.,Green,34,21.96,2468.jpg,https://drive.google.com/file/d/1Sp0IwMuxt_pfzHeAngmAF0DNlF0oVTGZ/view?usp=drivesdk
2469,Polar Bear T-shirt,Clothing,M,White short-sleeve T-shirt featuring a graphic of a polar bear wearing sunglasses and playing a keyboard.,White,32,18.86,2469.jpg,https://drive.google.com/file/d/1QgK71GhyScH2jZn567SEmeWkVQD5-yNl/view?usp=drivesdk
2470,Puma Legends T-shirt,Clothing,M,Black short-sleeve t-shirt with a colorful Puma Legends logo on the front.,Black,31,34.69,2470.jpg,https://drive.google.com/file/d/18mKct7oEsry8O2vxJn6Ej_x4KaDLGHPC/view?usp=drivesdk
2471,Yellow Satchel Bag,Clothing,S,A yellow satchel bag with a crocodile texture and buckle strap details.,Yellow,34,12.58,2471.jpg,https://drive.google.com/file/d/1Cm4CSg25WHJKB6mb5wDwnEMl8pP1KKlG/view?usp=drivesdk
2472,Colorblock Handbag,Clothing,S,A black and red colorblock handbag with dual handles and a metallic clasp.,Black,31,44.49,2472.jpg,https://drive.google.com/file/d/1YBA0FWG3GHkbXVI_WKVsO5fQh2Fo3gas/view?usp=drivesdk
2473,Studded Handbag,Clothing,S,Black handbag with a central strip of silver studs and dual handles.,Black,24,12.05,2473.jpg,https://drive.google.com/file/d/1uzUyAxZtPGFqbGTAXOtLOj4X21WZwTDt/view?usp=drivesdk
2474,Tassel Crossbody,Clothing,S,A teal crossbody bag with a flap closure and tassel detail.,Teal,18,18.7,2474.jpg,https://drive.google.com/file/d/1AF1gvshuL-9W7lclToJmNmCCGiYHz5_a/view?usp=drivesdk
2475,Printed Kurti,Clothing,L,A knee-length kurti with a geometric print in blue and green shades.,Green,2,24.7,2475.jpg,https://drive.google.com/file/d/1hHItL0-5Fje70HNpAnP_GIDOczN1KEc2/view?usp=drivesdk
2476,Solid Leggings,Clothing,XL,"A pair of solid-colored, fitted leggings with a ruched detail at the ankles.",Turquoise,28,11.12,2476.jpg,https://drive.google.com/file/d/16YTUqWWz_93m9HGdwIiGeaqa3looZnZO/view?usp=drivesdk
2477,Green Leggings,Clothing,S,A pair of fitted green leggings with ruched detailing at the ankles.,Green,16,12.69,2477.jpg,https://drive.google.com/file/d/1du4WcS4TjW831IkexuU8yfBqVfDWlGWa/view?usp=drivesdk
2478,Draped Pants,Clothing,XL,Loose-fitting draped pants with a gathered design at the ankles.,Green,4,34.3,2478.jpg,https://drive.google.com/file/d/1lKhvF1Kai-Js5L1G2HME5vlfuQ4-Apez/view?usp=drivesdk
2479,Soccer Cleat,Clothing,M,A bright orange soccer cleat with black stripes and white sole designed for firm ground play.,Orange,11,21.48,2479.jpg,https://drive.google.com/file/d/1gEETH5f32fFVjzCczg4LWxY3rSmwyEhU/view?usp=drivesdk
2480,Ankle Strap Sandal,Clothing,M,A beige ankle strap sandal with a textured sole and a toe loop design.,Beige,31,40.02,2480.jpg,https://drive.google.com/file/d/1-l5hqjMlKQplB8zAIvM9M6VmthV9rrus/view?usp=drivesdk
2481,Heeled Sandal,Clothing,L,A stylish heeled sandal with a metallic strap and decorative stones on the thong.,Silver,42,45.75,2481.jpg,https://drive.google.com/file/d/1up0t1gBB5LpYO1INCbpyOJqunMBoyF3e/view?usp=drivesdk
2482,Colorful Pendant Necklace,Clothing,L,"A gold chain necklace featuring multiple colorful, leaf-adorned pendants.",Gold,48,46.15,2482.jpg,https://drive.google.com/file/d/1qSXvnLlm8q-_ekfzu47dosKOAcDhJZ5z/view?usp=drivesdk
2483,Chain Necklace,Clothing,L,A multi-strand necklace featuring silver chains and pink cords with silver disc accents.,Silver,29,11.83,2483.jpg,https://drive.google.com/file/d/1zZyRe404c8uw90PrHxAIuzWwnrx5l4MP/view?usp=drivesdk
2484,Charm Necklace,Clothing,M,A gold-tone double chain necklace featuring multiple dangling charms and turquoise beads.,Gold,9,48.45,2484.jpg,https://drive.google.com/file/d/1uA-SCFVQoTHjKBjbb4_N4RRYKjqKVbWq/view?usp=drivesdk
2485,Blue Grey T-shirt,Clothing,S,"A short-sleeve T-shirt with blue sleeves and collar, and a grey body featuring a graphic print.",Grey,22,20.3,2485.jpg,https://drive.google.com/file/d/1NJeFVc69pGuHBosO6TLzlCAnDSGkmWCj/view?usp=drivesdk
2486,Blue Leggings,Clothing,XL,A pair of fitted blue leggings worn with a black top and black high heels.,Blue,8,44.84,2486.jpg,https://drive.google.com/file/d/1RfWGYTMaewCg6VvQACN6WNeF4nOXXLEF/view?usp=drivesdk
2487,woven handbag,Clothing,S,A gray woven handbag with double handles and a front zipper pocket.,Gray,16,20.33,2487.jpg,https://drive.google.com/file/d/1tFMWAvT9XKAUbLWL2iRCThD7LLD_EkST/view?usp=drivesdk
2488,knit flap wallet,Clothing,S,A dark green wallet featuring a knit flap with a button closure and a zip around design.,Green,26,32.21,2488.jpg,https://drive.google.com/file/d/1eGrfx9-iqPdY_YY6GzH-3dmRi6dr5Avw/view?usp=drivesdk
2489,Tassel Handbag,Clothing,S,"A taupe leather handbag featuring dual handles, a detachable shoulder strap, and decorative tassels.",Taupe,42,27.91,2489.jpg,https://drive.google.com/file/d/1cPIjZgFzLkxgzvRuuwk8Mt1Awgz67Plr/view?usp=drivesdk
2490,Studded Handbag,Clothing,S,A pink handbag with a studded flap and a single handle.,Pink,4,25.15,2490.jpg,https://drive.google.com/file/d/12t-iM6HGcrwKc5G6lc_RgGlNdtndpkKl/view?usp=drivesdk
2491,Tassel Handbag,Clothing,XL,"A beige handbag featuring a textured front pocket, gold chain detail, and tassel accent.",Beige,13,14.42,2491.jpg,https://drive.google.com/file/d/1SBuHnESUT8s5lZmGJiibdsCsltGUO3Bt/view?usp=drivesdk
2492,Nike Shorts,Clothing,L,A pair of black athletic shorts with an elastic waistband and a small Nike logo near the hem.,Black,8,40.5,2492.jpg,https://drive.google.com/file/d/1In3KQgX3mqDx8-CLwe6X7Jfe2HSlYJ62/view?usp=drivesdk
2493,Metal Wristwatch,Clothing,S,A silver metal wristwatch with a rectangular black dial and red accents.,Silver,39,47.92,2493.jpg,https://drive.google.com/file/d/1pT5NzbmANbuuJnvjWW7qM_V3XxFx7lmo/view?usp=drivesdk
2494,Leather Strap Watch,Clothing,XL,A wristwatch with a black leather strap and a round red dial encased in silver.,Black,30,49.33,2494.jpg,https://drive.google.com/file/d/1cNCx4PXXsu_fsSmMbL9JuaKnHNNfVIoB/view?usp=drivesdk
2495,Black Leather Strap,Clothing,XL,A black leather strap designed for wristwatches.,Black,38,17.86,2495.jpg,https://drive.google.com/file/d/1F10Gv3zbeK7TrYuPjZYr9zdGiAcFzl98/view?usp=drivesdk
2496,Black Wristwatch,Clothing,S,A black wristwatch with a square dial and textured leather strap.,Black,28,36.6,2496.jpg,https://drive.google.com/file/d/17VTeyl6g07zFNL1NjonHQBpFCwYFOPM1/view?usp=drivesdk
2497,Leather Strap Watch,Clothing,M,A wristwatch with a black leather strap featuring pink stitching and a silver dial with large stylized numbers.,Black,0,14.22,2497.jpg,https://drive.google.com/file/d/1ciQwapMMDrJMDK_Z46awRJcP1Oqf6DSt/view?usp=drivesdk
2498,Black Flip Flop,Clothing,M,A black casual flip flop sandal with a textured sole and a wide strap.,Black,26,32.68,2498.jpg,https://drive.google.com/file/d/13ZRh1EJkDIZUSM1ARG9ePg0QlQB0gY8A/view?usp=drivesdk
2499,Leather Crossbody,Clothing,S,A brown leather crossbody bag with a fabric body and buckle detail.,Brown,50,17.39,2499.jpg,https://drive.google.com/file/d/1HTpkZ-KyO_XiUOAMrdHSq6oGS54vvxG3/view?usp=drivesdk
2500,Fur Clutch,Clothing,XL,A brown clutch bag featuring a fur texture with a leather strap and buckle closure.,Brown,10,12.12,2500.jpg,https://drive.google.com/file/d/1jbEfPrgRIo1ENYSEYTQVlQHHGvJ3t6ao/view?usp=drivesdk
2501,Beaded Necklace,Clothing,L,"A multi-layered gold chain necklace adorned with white, green, red beads, and brown spherical accents.",Gold,2,37.07,2501.jpg,https://drive.google.com/file/d/1cLNNpmyVPzW7DnOebMEPLJaYMEE2Gu6L/view?usp=drivesdk
2502,Beaded Necklace,Clothing,M,"A gold chain necklace adorned with white, pink, and beige beads and stones.",Gold,22,28.59,2502.jpg,https://drive.google.com/file/d/12ikVjkCkITK4oGfzHeDe0j-sXSi1oB3K/view?usp=drivesdk
2503,Beaded Necklace,Clothing,S,A multi-layered necklace featuring blue and turquoise beads with gold chains.,Blue,35,46.8,2503.jpg,https://drive.google.com/file/d/1fl3SwUXfvA6n6ybek4nbTiRED7UYWMAL/view?usp=drivesdk
2504,Beaded Necklace,Clothing,M,A colorful beaded necklace featuring a mix of round beads and small dangling charms.,Multicolor,42,30.06,2504.jpg,https://drive.google.com/file/d/1VudK3HWtowKLI1GuQNtYNph0znOIUIw_/view?usp=drivesdk
2505,Beaded Necklace,Clothing,S,"A decorative necklace featuring brown beads, white shell-like pieces, and a large purple pendant.",Brown,37,33.17,2505.jpg,https://drive.google.com/file/d/1OhtI-NW-nCrPZEqcgSHdjpScgVntRdAP/view?usp=drivesdk
2506,Beaded Necklace,Clothing,M,"A colorful beaded necklace featuring a large flower pendant and a mix of yellow, turquoise, and blue beads.",Turquoise,30,24.74,2506.jpg,https://drive.google.com/file/d/1I7e8OjgIy0_XAaxAANDXhKnQ5JgTCVYY/view?usp=drivesdk
2507,casual pants,Clothing,XL,Loose-fitting casual pants with side pockets and a small patch detail on the right leg.,Green,48,17.56,2507.jpg,https://drive.google.com/file/d/1IAV1UUqBeeLanBThV9GdDPjE9wQcoJr3/view?usp=drivesdk
2508,Cropped Cargo Pants,Clothing,XL,Olive green cropped cargo pants with buttoned pockets and printed patches.,Olive,28,44.7,2508.jpg,https://drive.google.com/file/d/1e9PwMF-a6qOXzs1xEc1yPvxtwgtu7Us6/view?usp=drivesdk
2509,Floral Dress,Clothing,L,Sleeveless dark green dress with a purple floral print.,Green,47,23.82,2509.jpg,https://drive.google.com/file/d/1fEEB_XDG11iGTu1NZqRqzxgJCEE6oxvh/view?usp=drivesdk
2510,Black Sleeveless Dress,Clothing,XL,A simple black sleeveless dress with a round neckline and subtle pleat detail on the front.,Black,8,20.8,2510.jpg,https://drive.google.com/file/d/1WtgKKURDACnBfTzs5Q8AGqZtTrEjvT8p/view?usp=drivesdk
2511,Floral Dress,Clothing,L,A short floral dress with a fitted waist belt and short sleeves.,Pink,28,24.54,2511.jpg,https://drive.google.com/file/d/1wlRk3ltoTRWrJN0CDnSxAcULFxM3ViBn/view?usp=drivesdk
2512,Striped Maxi Dress,Clothing,S,"A sleeveless maxi dress featuring horizontal stripes in purple, black, white, and pink.",Purple,7,19.84,2512.jpg,https://drive.google.com/file/d/1-1wQPoiDWGj9pqB-fMntqfAJ9UsWJiU6/view?usp=drivesdk
2513,Graphic T-shirt,Clothing,L,Black short-sleeve T-shirt with a blue cartoon character and white text print.,Black,43,29.88,2513.jpg,https://drive.google.com/file/d/1d4YBM9FyVFgPYEs4uTWCTwEzOsT5BpBu/view?usp=drivesdk
2514,Graphic T-shirt,Clothing,L,A blue short-sleeve crew neck t-shirt with a printed graphic design on the front.,Blue,32,10.25,2514.jpg,https://drive.google.com/file/d/1AX-tblyQBJZ-GeqKuo1S7t4BokCjxT8X/view?usp=drivesdk
2515,Puffer Vest,Clothing,L,"A sleeveless yellow puffer vest with a blue inner collar, worn over a white t-shirt.",Yellow,3,43.96,2515.jpg,https://drive.google.com/file/d/1-Uv4pvsJvZDCXq2hQ0nILL_yoEsEs7FX/view?usp=drivesdk
2516,Puffer Vest,Clothing,XL,A sleeveless black puffer vest with a front zipper and pockets.,Black,36,39.64,2516.jpg,https://drive.google.com/file/d/1obIwjDO6o6sxN7wTr_cE4FlYQK6kYlgq/view?usp=drivesdk
2517,Leather Oxford,Clothing,XL,A black leather oxford shoe with lace-up closure and a low heel.,Black,28,23.08,2517.jpg,https://drive.google.com/file/d/14JkCDa7Wg5dz1m6-JAMw651ZA7-fzd3f/view?usp=drivesdk
2518,Black Leather Shoe,Clothing,S,A sleek black leather formal shoe with laces and a pointed toe.,Black,43,26.31,2518.jpg,https://drive.google.com/file/d/1EhP6P1aCRH-mVp-MpsgAny1blREgFSSD/view?usp=drivesdk
2519,Pleated Mini Skirt,Clothing,L,A light green pleated mini skirt with decorative stitching and a brown trim at the hem.,Green,35,15.22,2519.jpg,https://drive.google.com/file/d/1IiiF2Pib71DCNmDdH-gxaKTpg-dZWkzz/view?usp=drivesdk
2520,Ruffled Mini Skirt,Clothing,L,A multi-layered ruffled mini skirt with a colorful floral pattern.,Red,15,25.84,2520.jpg,https://drive.google.com/file/d/1dS0pvP6h-fi6AIMe1OST8oHfDgJ5fXMP/view?usp=drivesdk
2521,Ruffled Skirt,Clothing,L,A brown skirt with ruffled hem and leopard print triangular inserts.,Brown,28,43.92,2521.jpg,https://drive.google.com/file/d/1LZxSTpcPV4IwkKmmMYf3YBkn9Rb7HK4Y/view?usp=drivesdk
2522,Snake Pendant Necklace,Clothing,M,A delicate gold chain necklace featuring a snake-shaped pendant with a small round detail at the bottom.,Gold,38,29.21,2522.jpg,https://drive.google.com/file/d/10CE9syIpePdSY48pGYyJ_LAoGrS1OWKT/view?usp=drivesdk
2523,Leather Strap Watch,Clothing,L,A wristwatch with a light blue leather strap and a round silver-tone case.,Blue,48,25.61,2523.jpg,https://drive.google.com/file/d/1-Dgiu0ZBk4HjUJYqVogbXbWqv_A5OiGx/view?usp=drivesdk
2524,Casual Sneaker,Clothing,S,"A low-top casual sneaker with olive green fabric and leather upper, white sole, and orange inner lining.",Olive Green,32,21.26,2524.jpg,https://drive.google.com/file/d/1Agrhey_oKoqBmOFNGOgZQ-mZ-CgNiKRf/view?usp=drivesdk
2525,Men's Wristwatch,Clothing,L,A silver metal men's wristwatch with a white dial and black accents.,Silver,47,48.44,2525.jpg,https://drive.google.com/file/d/1s404ry-gUsMj4sglrj_u5K4ffw_cY_tr/view?usp=drivesdk
2526,Steel Wristwatch,Clothing,S,A steel wristwatch with a black dial featuring colorful geometric hour markers and a date display.,Silver,37,20.17,2526.jpg,https://drive.google.com/file/d/1ozZxzXMpICklD3FiNkvhe45KvmzyDh23/view?usp=drivesdk
2527,Leather Strap Watch,Clothing,L,"A wristwatch with a brown leather strap, black dial, and silver and gold-tone case.",Brown,17,47.88,2527.jpg,https://drive.google.com/file/d/1npYvlsLeUHJ44Z4xo-QPSMQI2GEjaiKK/view?usp=drivesdk
2528,Leather Strap Watch,Clothing,XL,A wristwatch with a brown leather strap and a silver and gold-tone dial featuring multiple subdials.,Brown,24,24.81,2528.jpg,https://drive.google.com/file/d/1fq434D88BAiwl4y_5VVLMInXXc6HmxDL/view?usp=drivesdk
2529,Printed Saree,Clothing,L,A traditional red saree with intricate white and black printed patterns.,Red,33,47.58,2529.jpg,https://drive.google.com/file/d/1Zm6qT9uv6RBXlIC_ojtHwSdKqrdTt-wR/view?usp=drivesdk
2530,Striped Shirt,Clothing,L,A blue striped button-up shirt with rolled-up sleeves and a chest pocket.,Blue,12,18.65,2530.jpg,https://drive.google.com/file/d/1bpnRh96cd7S1KYoo_zU2cRSV-lGEvGxY/view?usp=drivesdk
2531,casual shorts,Clothing,L,Men's casual knee-length shorts with side pockets.,Brown,39,13.74,2531.jpg,https://drive.google.com/file/d/1eWd89dWq4iT3AhOgeZwLqSK5OFOuowWP/view?usp=drivesdk
2532,Classic Jeans,Clothing,S,A pair of classic straight-fit blue denim jeans.,Blue,10,30.54,2532.jpg,https://drive.google.com/file/d/1UdsUaBiPD4mzCWtp2EbG49_YMY7cM5fl/view?usp=drivesdk
2533,Dark Jeans,Clothing,M,A pair of dark blue denim jeans with a rolled-up hem.,Blue,23,19.45,2533.jpg,https://drive.google.com/file/d/1CoSBwdqLySLUWatYjHc-HPXcF0swXNFk/view?usp=drivesdk
2534,Textured Flip Flop,Clothing,S,A green textured sole flip flop with yellow straps.,Green,12,11.87,2534.jpg,https://drive.google.com/file/d/1LOPGHpej9Z4DO_NIdwJWvurGh3qlPvXc/view?usp=drivesdk
2535,Gold High Heel,Clothing,M,A shiny gold high heel mule with an open toe and a mid-height heel.,Gold,38,31.81,2535.jpg,https://drive.google.com/file/d/1i8KkKfllXxVwJBRuHSF5J2v_S0LOXaK9/view?usp=drivesdk
2536,Toe Ring Sandal,Clothing,L,A flat sandal featuring a toe ring and a wide strap across the foot.,Beige,30,32.25,2536.jpg,https://drive.google.com/file/d/1ZeoOHGWZB3BYU-HzKPt2Hl6y3tT_MVHN/view?usp=drivesdk
2537,White Romper,Clothing,M,"A white sleeveless romper with tie straps, button front, and eyelet detailing.",White,44,33.05,2537.jpg,https://drive.google.com/file/d/1DFpknTduL6IA6Sk7IX8ABzoIc61GtW3p/view?usp=drivesdk
2538,Denim Dress,Clothing,M,"A short-sleeve, above-knee denim dress with button and pleated detailing on the front.",Blue,16,11.49,2538.jpg,https://drive.google.com/file/d/1LxwqYfjYH2C9qxPsluetXrgh01YZGpj4/view?usp=drivesdk
2539,Black Dress,Clothing,XL,A fitted black dress with short sleeves and a V-neckline.,Black,40,27.03,2539.jpg,https://drive.google.com/file/d/1utKKYqpIPo5CrHm6yfsLw_BjWB5KMD3h/view?usp=drivesdk
2540,Floral Dress,Clothing,M,Sleeveless dress with a floral print in shades of purple and green on a white background.,White,40,49.64,2540.jpg,https://drive.google.com/file/d/1MRoBXRqWr4cj6yqZGLC762EoLUK7nRNJ/view?usp=drivesdk
2541,Embroidered Slip Dress,Clothing,L,A white lace slip dress featuring floral embroidery on the front and thin shoulder straps.,White,24,43.14,2541.jpg,https://drive.google.com/file/d/1wpQ7Cdn-ugZ5EEAscyppu9jQOpgKqh69/view?usp=drivesdk
2542,Sleeveless Lace Dress,Clothing,L,"A sleeveless, short lace dress with floral patterns and a round neckline.",Teal,24,21.99,2542.jpg,https://drive.google.com/file/d/1KePrElK0Gr3fjCsaqzLzxc0M2uEqSFDn/view?usp=drivesdk
2543,Lace Dress,Clothing,L,A short black lace dress with short sleeves and a round neckline.,Black,43,36.57,2543.jpg,https://drive.google.com/file/d/1SN661WejiB5nr7bc7_f_eFSf2vFQ2O_b/view?usp=drivesdk
2544,Denim Jacket,Clothing,XL,"A short-sleeved, light blue denim jacket with button closures and front pockets.",Blue,10,36.48,2544.jpg,https://drive.google.com/file/d/1cDlYfJsjVIWrd_Hd96XBlJFSvspP1rNT/view?usp=drivesdk
2545,White Jacket,Clothing,L,A white button-up cropped jacket with long sleeves.,White,12,42.33,2545.jpg,https://drive.google.com/file/d/1x6rRnlw4wCaHIOAXO6NLffC_Aldi6wYV/view?usp=drivesdk
2546,Draped Jacket,Clothing,L,A black draped open-front jacket with long sleeves.,Black,14,45.01,2546.jpg,https://drive.google.com/file/d/1wVjQaDe2hQHrELWIDHWza_3H7JW7bAMv/view?usp=drivesdk
2547,Green Blazer,Clothing,L,A fitted green blazer with three-quarter sleeves and button closure.,Green,18,38.66,2547.jpg,https://drive.google.com/file/d/1UDfdsiWfF0l4Rj_x-YpItZDkDOhm8qpF/view?usp=drivesdk
2548,Black Vest,Clothing,XL,A sleeveless black vest worn over a white ruffled blouse.,Black,25,24.73,2548.jpg,https://drive.google.com/file/d/1_GuCElBqQ21UVqYhI5n0Qe87QPvmmlBG/view?usp=drivesdk
2549,One-Shoulder Jumpsuit,Clothing,L,A black one-shoulder jumpsuit with wide-leg pants and a bow detail on the shoulder.,Black,50,23.77,2549.jpg,https://drive.google.com/file/d/1jLjESFDcPkyKuQRlqte5ZTB9NgZFM5C4/view?usp=drivesdk
2550,Sleeveless Vest,Clothing,XL,A light blue sleeveless vest with vertical pleats and a single button closure.,Light Blue,31,41.89,2550.jpg,https://drive.google.com/file/d/18T_ik3VdNlZ6JErvVFssZKWa8wd4oZIG/view?usp=drivesdk
2551,Layered Denim Skirt,Clothing,S,A short skirt featuring layered denim fabric with ruffle details.,Blue,47,11.52,2551.jpg,https://drive.google.com/file/d/1RuiXuCD6TZGow6aoep2njsXOSz6x0WU0/view?usp=drivesdk
2552,Denim Skirt,Clothing,XL,A short blue denim skirt with a wrap-around design and an elastic waistband.,Blue,35,20.93,2552.jpg,https://drive.google.com/file/d/1COtGn8eqPN9_fkELINSgJjt4L07KAwfa/view?usp=drivesdk
2553,Denim Skirt,Clothing,XL,A light blue denim skirt with an elastic waistband and a wrap-style front.,Blue,48,32.69,2553.jpg,https://drive.google.com/file/d/14W-Z-16EhQICS864_HnAwd5OCss5gLX0/view?usp=drivesdk
2554,Floral Skirt,Clothing,M,A high-waisted skirt with a vibrant floral print and pleated details.,White,43,10.05,2554.jpg,https://drive.google.com/file/d/1d3-JApYPb_mHyywRQBtZcI-f8Pqx_CvA/view?usp=drivesdk
2555,Ruffled Skirt,Clothing,XL,A pink ruffled mini skirt with layered fabric and a brown belt.,Pink,17,24.59,2555.jpg,https://drive.google.com/file/d/1rEGyvl-nauQ19IYQtQR2sr3CIi8REbji/view?usp=drivesdk
2556,Spaghetti Strap Top,Clothing,L,A light pink spaghetti strap top with a simple and elegant design.,Pink,2,30.61,2556.jpg,https://drive.google.com/file/d/1MlZnqtpqKetrNk_gYJTVPTiJyAcrivxV/view?usp=drivesdk
2557,Embroidered Skirt,Clothing,S,A teal knee-length skirt with black embroidery and a braided belt detail.,Teal,22,24.15,2557.jpg,https://drive.google.com/file/d/1FiyQif79qMHah8AetkN4nreUgosoXx3y/view?usp=drivesdk
2558,Navy Mini Skirt,Clothing,S,A navy blue mini skirt with a fitted waist and a small bow detail.,Blue,23,34.02,2558.jpg,https://drive.google.com/file/d/1BSg5kT5294yL-wlBi4v4Lq3Fori-c-q-/view?usp=drivesdk
2559,Polka Dot Skirt,Clothing,L,A navy blue high-low skirt with white polka dots and a sheer overlay.,Navy Blue,26,28,2559.jpg,https://drive.google.com/file/d/1_LHCRzhGOffExv2coksb8ORZpVUQQLDN/view?usp=drivesdk
2560,Lace Skirt,Clothing,M,A black lace skirt with a flared hem.,Black,33,17.78,2560.jpg,https://drive.google.com/file/d/1Gg-y2KcP1etzyjel975VQaccA4LiVXw3/view?usp=drivesdk
2561,Spaghetti Strap Top,Clothing,M,A light pink spaghetti strap top with a simple and elegant design.,Pink,13,32.73,2561.jpg,https://drive.google.com/file/d/11FmzaHjI17I2xtEOUeLAlYZEj8VRUM5h/view?usp=drivesdk
2562,Denim Shirt,Clothing,S,A blue denim shirt with ruffled collar and three-quarter sleeves.,Blue,2,24.43,2562.jpg,https://drive.google.com/file/d/1hnGEvr295KmUd6qkrblTynXDdX8A-Vnj/view?usp=drivesdk
2563,Denim Shorts,Clothing,L,Light blue denim shorts with a casual fit and front pockets.,Blue,45,45.47,2563.jpg,https://drive.google.com/file/d/1HXP0j4otRjWgRPAiAz2ozSLi579qLmoQ/view?usp=drivesdk
2564,Casual Shorts,Clothing,XL,Light beige casual shorts with a belt and buttoned pockets.,Beige,50,25.25,2564.jpg,https://drive.google.com/file/d/18Jkx5I6oQJc8CjKZo6BanuiamAAjeAqw/view?usp=drivesdk
2565,Purple Handbag,Clothing,M,A purple handbag with dual handles and front zippered pockets.,Purple,12,16.52,2565.jpg,https://drive.google.com/file/d/1CI-qqATtPEiS9i4T2kS1scSrE9cWbL98/view?usp=drivesdk
2566,Leather Tote,Clothing,L,A black leather tote bag with double handles and white stitching details.,Black,43,19.39,2566.jpg,https://drive.google.com/file/d/1x9DmkZwdyq7UTNJBapNn6EBMNkplXXSO/view?usp=drivesdk
2567,Plaid Shirt,Clothing,XL,A short-sleeve button-up shirt with a blue and white plaid pattern.,White,24,41.68,2567.jpg,https://drive.google.com/file/d/1ltpUxym3SCnwPl6zOMB9hSXHRFZjzZq1/view?usp=drivesdk
2568,Angry Birds T-shirt,Clothing,M,A dark grey short-sleeve T-shirt featuring Angry Birds characters and the text 'STOP THE MADNESS!',Grey,14,42.45,2568.jpg,https://drive.google.com/file/d/1TaVYUBsbe9Dnj4WlKFJn4-dzX8SJleRn/view?usp=drivesdk
2569,Black Bermuda Shorts,Clothing,M,A pair of fitted black Bermuda shorts with front pockets and a button closure.,Black,35,44.18,2569.jpg,https://drive.google.com/file/d/1ThaSZ_b6WVsqbOq8fo-LEsFaL0QFjuxB/view?usp=drivesdk
2570,strapless romper,Clothing,M,A navy blue strapless romper with an elastic waistband and loose shorts.,Navy Blue,27,48.24,2570.jpg,https://drive.google.com/file/d/1BS-l4dKZARxdC9YXYepXzHtrg9xbKBrk/view?usp=drivesdk
2571,Mini Crossbody,Clothing,L,Small crossbody bag with front zipper pocket and adjustable strap.,Gray,6,35.33,2571.jpg,https://drive.google.com/file/d/1DuCKSCRZUpAfDvAAdsjjRkdOFIGS7UJM/view?usp=drivesdk
2572,Checkered Shorts,Clothing,S,Pink and white checkered knee-length shorts with a button closure.,Pink,19,37.04,2572.jpg,https://drive.google.com/file/d/1k0dPdHvGgaSR28TZ1DFW4goRHGybjT2v/view?usp=drivesdk
2573,Sleeveless Tank,Clothing,L,"A sleeveless tank top in a solid color, paired with checkered knee-length shorts.",Coral,20,46.12,2573.jpg,https://drive.google.com/file/d/1dSejVq0h0Wb0V0A4NdwFXChTWIcbUaLf/view?usp=drivesdk
2574,Blue Leggings,Clothing,M,A pair of fitted blue leggings worn with a white top and brown heels.,Blue,35,38.62,2574.jpg,https://drive.google.com/file/d/1oZ-8sGvstpa-cYQtm_Ra3rHcJ9BKzeQ5/view?usp=drivesdk
2575,Graphic T-shirt,Clothing,M,White short-sleeve T-shirt with light blue graphic text and subtle printed designs.,White,32,35.67,2575.jpg,https://drive.google.com/file/d/1CNpC8oZvMa4-j0AZS8dqh0ZyfL7HFLB9/view?usp=drivesdk
2576,Basic Leggings,Clothing,L,"A pair of solid-colored, fitted leggings in a dark shade.",Dark Purple,3,39.82,2576.jpg,https://drive.google.com/file/d/1BBxcgeqtKZWTBOEFgfc9IusAHS9EvAtk/view?usp=drivesdk
2577,Denim Shorts,Clothing,XL,Rolled-up denim shorts paired with black leggings underneath.,Blue,44,36.16,2577.jpg,https://drive.google.com/file/d/1ZsP9z0DDWwhEIA_uipXImztbIkBUDru6/view?usp=drivesdk
2578,Black Leggings,Clothing,S,A pair of fitted black leggings worn under denim shorts.,Black,13,42.73,2578.jpg,https://drive.google.com/file/d/1WZSjQp_QJ9R8qI613gg7TBMKCvV4YdlQ/view?usp=drivesdk
2579,Printed Saree,Clothing,S,A black and blue printed saree with floral and abstract patterns.,Black,9,13.25,2579.jpg,https://drive.google.com/file/d/1838rNTg7hWr9dEE-yz-s4G92ie2KeAPV/view?usp=drivesdk
2580,Printed Saree,Clothing,M,A black saree with floral and abstract patterns combined with green and yellow striped design.,Black,3,48.25,2580.jpg,https://drive.google.com/file/d/1BY07oYNo35g7Jnu-9j6o0vC1XmEQtg6o/view?usp=drivesdk
2581,Printed Saree,Clothing,L,A stylish saree featuring a mix of circular and polka dot patterns in contrasting colors.,Maroon,1,29.02,2581.jpg,https://drive.google.com/file/d/1cMoC9rztam5eYG2qq_u8g5UVMZ5q4ClR/view?usp=drivesdk
2582,Plaid Dress,Clothing,M,Sleeveless plaid dress with a fitted bodice and lace-up front detail.,Red,49,37.13,2582.jpg,https://drive.google.com/file/d/1q-sBH-nqk0NhuNVD7aQxQ5aBE1y4WEaV/view?usp=drivesdk
2583,Ruffled Dress,Clothing,XL,A sleeveless blue dress with ruffled detailing along the neckline and a textured pattern.,Blue,19,43.04,2583.jpg,https://drive.google.com/file/d/1i28_XhOu_aDqQ4OnaxZM78Z1xmX8ffSw/view?usp=drivesdk
2584,Embellished Neck Dress,Clothing,M,A sleeveless navy blue dress featuring an embellished neckline with intricate beadwork.,Blue,46,15.61,2584.jpg,https://drive.google.com/file/d/1c4_nsJ477dacGlxmAGX1cTm_AHTEfm2t/view?usp=drivesdk
2585,Pearl Drop Earrings,Clothing,XL,Silver earrings with intricate design and pearl drops.,Silver,24,12.63,2585.jpg,https://drive.google.com/file/d/1EOSJkQgBaXNQjhP7Z8rL361uG-65LAhY/view?usp=drivesdk
2586,Pearl Drop Earrings,Clothing,S,Silver earrings with intricate design and hanging pearl drops.,Silver,20,48.9,2586.jpg,https://drive.google.com/file/d/159JNi2fVlfR4nkeiOEaYR_8bIsTd32qh/view?usp=drivesdk
2587,Silver Hoop Earrings,Clothing,M,Silver hoop earrings with a brown spherical bead accent.,Silver,47,19.79,2587.jpg,https://drive.google.com/file/d/15-sth3M5ykPviQajyc6FlakMSFZa9MBm/view?usp=drivesdk
2588,gold earrings,Clothing,L,"A pair of long, sleek gold-colored earrings with a curved hook design.",Gold,28,14.67,2588.jpg,https://drive.google.com/file/d/1dNcwB2K8E2aepdG3holV_0KGbq1eboto/view?usp=drivesdk
2589,Dangling Earrings,Clothing,XL,Gold and silver floral design earrings with a green teardrop pendant.,Gold,5,47.4,2589.jpg,https://drive.google.com/file/d/1kkbAi0S2GSSozcuba7g4I7mjsAKhTCR4/view?usp=drivesdk
2590,Floral Drop Earrings,Clothing,XL,Earrings featuring purple flower-shaped studs with pink irregular-shaped dangling stones.,Purple,33,12.57,2590.jpg,https://drive.google.com/file/d/1zeHxzMDJ2mBwXaHX0lujaK21UZ2zuZhx/view?usp=drivesdk
2591,Drop Earrings,Clothing,XL,Silver diamond-shaped earrings with light blue teardrop pendants.,Silver,28,11.67,2591.jpg,https://drive.google.com/file/d/1lqplcQYRX4ESwxlomjVlCiEWf-8hKC4X/view?usp=drivesdk
2592,Drop Earrings,Clothing,M,Silver and gold drop earrings with a light blue teardrop pendant.,Silver,18,31.63,2592.jpg,https://drive.google.com/file/d/19JK-PnT-p-HmefOJChp15-AGhU8xnS3L/view?usp=drivesdk
2593,Floral Drop Earrings,Clothing,XL,Pair of drop earrings featuring a floral design with gold and silver tones.,Gold,28,19.22,2593.jpg,https://drive.google.com/file/d/1l2ym8ZFGux2wwGFgu1EY6FVZIB2ljdvp/view?usp=drivesdk
2594,Silver Statement Ring,Clothing,M,"A silver ring featuring a bold, flower-like design with a central black stone.",Silver,26,24.78,2594.jpg,https://drive.google.com/file/d/175dtc0IiuzgZKMOET--7htc3Ya1RXtYo/view?usp=drivesdk
2595,Round Earrings,Clothing,XL,Circular drop earrings with a gold and silver-tone design featuring a central dark stone.,Gold,12,40.49,2595.jpg,https://drive.google.com/file/d/1FR3WnIpiwsM3-sJaF1uGI7TZ2UaztVEN/view?usp=drivesdk
2596,Key Pendant,Clothing,M,A silver key-shaped pendant with intricate ornamental details.,Silver,31,11.34,2596.jpg,https://drive.google.com/file/d/1uARHubKcJ0l19rHcoD6up7idQyh8zFrp/view?usp=drivesdk
2597,Geometric Earrings,Clothing,XL,Silver earrings with black and red geometric inlays and small dangling pearls.,Black,39,25.79,2597.jpg,https://drive.google.com/file/d/1A380ase7pelA_iETyGn8c6wf8KYmoLHx/view?usp=drivesdk
2598,Textured Earrings,Clothing,M,A pair of silver textured drop earrings with an abstract design.,Silver,3,14.13,2598.jpg,https://drive.google.com/file/d/1UWKaEPczV4CJXBBPykL6FonHSM2SEjZB/view?usp=drivesdk
2599,Wire Drop Earrings,Clothing,M,Gold wire drop earrings with a purple teardrop gemstone at the bottom.,Gold,47,22.5,2599.jpg,https://drive.google.com/file/d/1t5JGI9Xq_REIzWGjjgN8RHlf-mLX1Ob9/view?usp=drivesdk
2600,Textured Ring,Clothing,M,A silver ring featuring two black textured oval shapes with wavy lines.,Black,14,32.15,2600.jpg,https://drive.google.com/file/d/1NI74cq675CsyGMG31pgqlcp7iOd2tsOq/view?usp=drivesdk
2601,Round Drop Earrings,Clothing,M,"A pair of round drop earrings with a translucent, light-reflective design encased in a silver frame.",Silver,0,41.97,2601.jpg,https://drive.google.com/file/d/1WQKT_Y7kvDerTXCs7Vm8UN8-SoV5jma5/view?usp=drivesdk
2602,Puma Cap,Clothing,M,A white Puma baseball cap with a curved brim and mesh side panels.,White,11,25.74,2602.jpg,https://drive.google.com/file/d/1v9tB0ZDFub56a236rT0wn8ak9JNCRkzt/view?usp=drivesdk
2603,Wrap Top,Clothing,M,A long-sleeve wrap top with a side knot detail in a deep maroon color.,Maroon,7,11.76,2603.jpg,https://drive.google.com/file/d/1fT6hd-Z4ZxRfOoe9_sQi-SFui8x0Hv3l/view?usp=drivesdk
2604,Black Bandeau Top,Clothing,XL,A black bandeau top with a subtle embossed logo and a small metallic detail at the top center.,Black,12,40.44,2604.jpg,https://drive.google.com/file/d/1NUp5kYZZQlgHinZUJr2pWW4kQNDFalU_/view?usp=drivesdk
2605,Ruched Handle Bag,Clothing,L,A stylish handbag featuring a ruched handle and a combination of grey body with coral pink accents.,Grey,40,11.92,2605.jpg,https://drive.google.com/file/d/1VSWUCwUVBiU6rL-a9N1YH2Ms1wjHJ3NZ/view?usp=drivesdk
2606,Textured Handbag,Clothing,M,A brown textured handbag with dual handles and a central suede-like panel.,Brown,2,13.06,2606.jpg,https://drive.google.com/file/d/1RIbhJwVnqP7PCthjhAlEAue5fcpIYKJf/view?usp=drivesdk
2607,Textured Tote,Clothing,M,A coral pink tote bag with a textured pattern and gold-tone hardware accents.,Coral Pink,16,40.96,2607.jpg,https://drive.google.com/file/d/16yijLoM6UNhEnkEqrdlIgxwYDGbjtM5y/view?usp=drivesdk
2608,Leather Shoulder Bag,Clothing,XL,A dark brown leather shoulder bag with gold hardware accents.,Brown,21,42.92,2608.jpg,https://drive.google.com/file/d/1bDsChbFy50-7yKAhuFPNtIIzbWMeqdUB/view?usp=drivesdk
2609,Leather Wallet,Clothing,S,A black leather bifold wallet with a smooth finish.,Black,36,18.36,2609.jpg,https://drive.google.com/file/d/1IwrKqq1pO2WqwSayRamtBTkrh40BOLxV/view?usp=drivesdk
2610,Floral Harem Pants,Clothing,L,Loose-fitting harem pants featuring a vibrant multicolor floral print.,Multicolor,14,40.28,2610.jpg,https://drive.google.com/file/d/19hFemcIQPMyZ2TCKh_7jWt8ngfXT4rR5/view?usp=drivesdk
2611,Floral Harem Pants,Clothing,L,Loose-fitting harem pants with a colorful floral pattern.,Multicolor,28,46.41,2611.jpg,https://drive.google.com/file/d/103LvWt8Q7ki6jgRALM2e9bbeZ_qi-Q-7/view?usp=drivesdk
2612,Snake Print Wallet,Clothing,M,A black wallet with a snake print texture and a silver ring detail on the front.,Black,26,15.61,2612.jpg,https://drive.google.com/file/d/1cAmkykniACZI4Yf5fMgT8BXaLwIohEqg/view?usp=drivesdk
2613,Black Clutch,Clothing,M,A sleek black clutch bag with a textured finish and a fold-over design.,Black,20,36.35,2613.jpg,https://drive.google.com/file/d/1uLny6jBKCE5T-M4NIqiI8e7VUqOEz2Ks/view?usp=drivesdk
2614,Casual Tote,Clothing,XL,A light grey casual tote bag with dual handles and side bow details.,Grey,0,32.76,2614.jpg,https://drive.google.com/file/d/1qLnGZ1NI5pZwF6HBUPqYOyAVPcw7aPil/view?usp=drivesdk
2615,Graphic T-shirt,Clothing,L,Black short-sleeve T-shirt featuring a colorful graphic print on the front.,Black,19,13.12,2615.jpg,https://drive.google.com/file/d/1fPMXNM_PpwgQ3FuN6hxiERWeWVIqWbDd/view?usp=drivesdk
2616,Striped Dress,Clothing,XL,A black and white striped dress with three-quarter sleeves and front pockets.,Black,50,46.92,2616.jpg,https://drive.google.com/file/d/14KlO1_Y-OiQumLX3D15haJ2Or7jQ8VTK/view?usp=drivesdk
2617,Sleeveless Dress,Clothing,L,A sleeveless white dress with a draped neckline.,White,24,28.19,2617.jpg,https://drive.google.com/file/d/17yqhBCo4M488-eV1qujSTMLF6OS8JgQo/view?usp=drivesdk
2618,Casual Tunic Dress,Clothing,M,"A loose-fitting casual tunic dress with a wide neckline and three-quarter sleeves, featuring a darker hemline.",Gray,18,38.89,2618.jpg,https://drive.google.com/file/d/1RsaJujsUbZcIGRWgoiMthKEJpf6dQeeY/view?usp=drivesdk
2619,Floral Saree,Clothing,XL,A blue saree with intricate floral patterns and border detailing.,Blue,5,19.24,2619.jpg,https://drive.google.com/file/d/1sMMWYoUV0ry0YXVmTDlCCBR6QsqMsKhi/view?usp=drivesdk
2620,Knitted Vest,Clothing,XL,A grey knitted sleeveless vest with buttons down the front and two front pockets.,Grey,37,31.86,2620.jpg,https://drive.google.com/file/d/1l3rDJMgKT2egQN7LbsxqcGzUCJR9th0-/view?usp=drivesdk
2621,Purple Top,Clothing,L,A short-sleeved purple top with decorative detailing on the front.,Purple,14,27.13,2621.jpg,https://drive.google.com/file/d/18Ov1sSEu1BZBfZ_kcIv1CGh9zpfdE9po/view?usp=drivesdk
2622,One-Shoulder Dress,Clothing,M,"A short, one-shoulder dress with a black and white animal print pattern.",Black,1,49.7,2622.jpg,https://drive.google.com/file/d/1EMYY3whm4znBRjQaGHz37ZBde2CUH4-0/view?usp=drivesdk
2623,Hooded Windbreaker,Clothing,XL,A navy blue hooded windbreaker jacket with a light gray inner lining and elastic cuffs.,Navy Blue,24,11.12,2623.jpg,https://drive.google.com/file/d/1itqp-OD0yjA5w2gzAmfPV4iB-x1iObvC/view?usp=drivesdk
2624,Blue Handbag,Clothing,S,A shiny blue handbag with dual handles and a zip closure.,Blue,6,49.73,2624.jpg,https://drive.google.com/file/d/1aRAtHM5lM5A20W_0llumoEqfs5X84ysc/view?usp=drivesdk
2625,Pink Handbag,Clothing,M,A shiny pink handbag with dual handles and a front zipper pocket.,Pink,6,39.06,2625.jpg,https://drive.google.com/file/d/1i3k3oG1Qtx70xTUm3ndsLCHB4f7cJ0lV/view?usp=drivesdk
2626,Men's Black Shorts,Clothing,M,A pair of black casual shorts with a drawstring waist.,Black,29,27.58,2626.jpg,https://drive.google.com/file/d/1twdakyG-J9LxWVNUVT2Eve14dLM7pwKM/view?usp=drivesdk
2627,Black Silver Bangles,Clothing,L,A set of black and silver bangles with various textures and patterns.,Black,14,30.39,2627.jpg,https://drive.google.com/file/d/1eV3hDc4-yGLITanjwsyPvtAly4z0UDu6/view?usp=drivesdk
2628,Puma Polo,Clothing,S,A white short-sleeve polo shirt with black piping detail and a Puma logo on the chest.,White,10,13.58,2628.jpg,https://drive.google.com/file/d/14Bhlom0vklFeRc57_DJXrYePCr2lBKqY/view?usp=drivesdk
2629,Mandarin Collar Shirt,Clothing,L,A beige long-sleeve shirt with a mandarin collar and buttoned chest pockets.,Beige,41,14.55,2629.jpg,https://drive.google.com/file/d/1_QFFLgHukdxIvge2L4fJNs1xMIaIv7_F/view?usp=drivesdk
2630,Striped Shirt,Clothing,S,A light blue long-sleeve shirt with subtle vertical stripes and a front pocket.,Light Blue,46,18.75,2630.jpg,https://drive.google.com/file/d/13TvDr4i9020m9Qi7LqiZpuHTLhovqpfy/view?usp=drivesdk
2631,H Logo Cufflinks,Clothing,XL,Silver cufflinks featuring a black enamel H-shaped design.,Black,36,40.37,2631.jpg,https://drive.google.com/file/d/15OAfGPZ4gAIUKM1025ZYCmWAqwvu2j48/view?usp=drivesdk
2632,Square Cufflinks,Clothing,M,Silver cufflinks with a black square gemstone centerpiece.,Black,18,48.66,2632.jpg,https://drive.google.com/file/d/1Remu5qXjS2EtroZEOQV2aQRk-Sjtj-Nc/view?usp=drivesdk
2633,Square Cufflinks,Clothing,M,Square-shaped cufflinks with black textured metal and blue gemstone accents.,Black,4,31.48,2633.jpg,https://drive.google.com/file/d/1fL--l76FipTnANyrs_MIquqlPs3kSDq3/view?usp=drivesdk
2634,Rectangular Cufflinks,Clothing,S,Rectangular cufflinks with blue accents and embedded clear crystals.,Silver,31,17.31,2634.jpg,https://drive.google.com/file/d/1lf4DLFrFiiP31hchx4-A3XlI9oUVQhkV/view?usp=drivesdk
2635,Geometric Cufflinks,Clothing,XL,Silver cufflinks with black triangular enamel and embedded clear stones.,Silver,36,20.94,2635.jpg,https://drive.google.com/file/d/1LbuU_TY8TZ42C53VCgzvfoMTlbwpLK84/view?usp=drivesdk
2636,Textured Tie,Clothing,M,A light purple textured necktie with a subtle checkered pattern.,Purple,39,28.68,2636.jpg,https://drive.google.com/file/d/17NoXxzRTGSO_4ZXxPqFtkjp-PwKZlTP-/view?usp=drivesdk
2637,Patterned Neck Tie,Clothing,S,A white neck tie featuring a subtle checkered pattern.,White,31,46.42,2637.jpg,https://drive.google.com/file/d/1XGPsIooTfklpFAu5XU4c367lxzF151p8/view?usp=drivesdk
2638,Gray Neck Tie,Clothing,XL,A gray neck tie with a black dotted border.,Gray,19,45.62,2638.jpg,https://drive.google.com/file/d/10hQX3JSMklrxVcEX3EgLEaTSxjNqr3Ix/view?usp=drivesdk
2639,Patterned Tie,Clothing,M,A red tie featuring a subtle geometric and swirl pattern throughout.,Red,38,18.62,2639.jpg,https://drive.google.com/file/d/1CNQLIAMgCcb8p9z5wvvhk-sJbikkDEny/view?usp=drivesdk
2640,Patterned Neck Tie,Clothing,M,A slim neck tie with a red and black pattern featuring small circular designs.,Red,40,33.61,2640.jpg,https://drive.google.com/file/d/1o-ja2-FncbBFp02KuQAc4giL0HWqGbGa/view?usp=drivesdk
2641,Suede Loafers,Clothing,L,Black suede loafers with white stitching and a low profile design.,Black,11,24.39,2641.jpg,https://drive.google.com/file/d/18STpsLc5n0R45Oq-bHmi-htgdXltw2Tp/view?usp=drivesdk
2642,Strappy Sandal,Clothing,S,A beige strappy sandal with a textured pattern and a buckle closure.,Beige,30,21.95,2642.jpg,https://drive.google.com/file/d/1bW2aRFUfQ7wtorlnJnhrC1lcNHbeDWZM/view?usp=drivesdk
2643,Colorblock Jacket,Clothing,M,A casual hooded jacket featuring a black front and brown sleeves with a zip closure.,Black,8,16.88,2643.jpg,https://drive.google.com/file/d/1qzMk_9Qj7k0ocmVcGqxGUWMXrl9hOGmh/view?usp=drivesdk
2644,Hooded Jacket,Clothing,L,"A men's hooded jacket with a zip and velcro closure, featuring a two-tone design.",Olive,38,43.86,2644.jpg,https://drive.google.com/file/d/1wRjm1OmDCQeBSFniqcVUt-I_VwwlzCrC/view?usp=drivesdk
2645,Hooded Jacket,Clothing,S,A casual hooded jacket with red and black stripes on the chest and red accents on the sleeves.,Beige,11,46.6,2645.jpg,https://drive.google.com/file/d/1KPcq4dIPp1MzL7L4u1NkV8W7R7SCpWAQ/view?usp=drivesdk
2646,Colorblock Jacket,Clothing,S,A navy blue jacket with red and white colorblock stripes and a hood.,Navy Blue,35,25.25,2646.jpg,https://drive.google.com/file/d/1P0ncaPQQvwbh86tiYTIjBy-MpyFkFd7v/view?usp=drivesdk
2647,puffer jacket,Clothing,M,A black quilted puffer jacket with a front zipper and a high collar.,Black,7,38.35,2647.jpg,https://drive.google.com/file/d/1CyqZ5hYN9Po3fg2QzXCrh8jDhy1ZKkc0/view?usp=drivesdk
2648,Casual Jacket,Clothing,S,A casual zip-up jacket with buttoned pockets and a stand collar.,Dark Green,29,16.17,2648.jpg,https://drive.google.com/file/d/1Ar6-2HR8TrsesUwox9iy9zfJrxrABxZL/view?usp=drivesdk
2649,Casual Jacket,Clothing,XL,A men's casual jacket with front pockets and a zipper closure.,Black,1,16.77,2649.jpg,https://drive.google.com/file/d/1KRpt1IpcDlGkLlOV6npfQ1RMgjRLqm4A/view?usp=drivesdk
2650,Casual Jacket,Clothing,XL,A men's casual jacket with front pockets and a zipper closure.,Olive Green,23,47.62,2650.jpg,https://drive.google.com/file/d/1w2zlU-vqdp9xo3lmXaXcVRBcszNa6hxl/view?usp=drivesdk
2651,Quilted Jacket,Clothing,XL,Men's hooded quilted jacket with front zipper and patch detailing.,Black,23,43.52,2651.jpg,https://drive.google.com/file/d/1RNK_8wK5OJQB0RfXP_kJ7gOPhIyiKVBr/view?usp=drivesdk
2652,Hooded Puffer Jacket,Clothing,L,A navy blue hooded puffer jacket with a red inner lining and a front zipper closure.,Navy Blue,33,31.42,2652.jpg,https://drive.google.com/file/d/1cut6aKPCJwXC7yTuINYf1c0TtEuKh88f/view?usp=drivesdk
2653,Hooded Jacket,Clothing,M,A black hooded jacket with a front zipper and embroidered logo on the chest.,Black,42,11.23,2653.jpg,https://drive.google.com/file/d/1yaUSG03HoCDuoEC1zndCKhvmmS-k1Nti/view?usp=drivesdk
2654,Hooded Jacket,Clothing,S,A dark green hooded jacket with a front zipper and side pockets.,Green,36,17.5,2654.jpg,https://drive.google.com/file/d/1gBQpBJw9e7i_HrTRm-X6k5BVpY7jr3vy/view?usp=drivesdk
2655,Black Jacket,Clothing,XL,A black zip-up jacket with a high collar and multiple pockets.,Black,24,44.99,2655.jpg,https://drive.google.com/file/d/1XOEOHNTXQ2vVK98eIfUP1jYbB-ItICPg/view?usp=drivesdk
2656,Men's Bomber Jacket,Clothing,S,A black zip-up bomber jacket with ribbed cuffs and multiple pockets.,Black,16,46.96,2656.jpg,https://drive.google.com/file/d/1veD5X_NyZAOcnGo7PsLti_fVG5pkAslg/view?usp=drivesdk
2657,Colorblock Bomber,Clothing,L,A stylish bomber jacket featuring a black body with white sleeves and striped ribbed cuffs and hem.,Black,9,13.4,2657.jpg,https://drive.google.com/file/d/1-8BkLqCJMgai9-pau5dLe2w2PLpeIIRR/view?usp=drivesdk
2658,Bomber Jacket,Clothing,L,"A men's bomber jacket with a zip-up front and ribbed cuffs, featuring a patch on the sleeve.",Olive Green,22,38.93,2658.jpg,https://drive.google.com/file/d/1BCI6V00lShB1QUNW41zMJgTsoIGR9a6x/view?usp=drivesdk
2659,Reversible Vest,Clothing,M,A sleeveless reversible vest with a quilted navy blue side and a black checkered side.,Navy Blue,16,22.43,2659.jpg,https://drive.google.com/file/d/1yR62NG8rv0MYC1F9BEdnyB3yBiJjyJot/view?usp=drivesdk
2660,Casual Jacket,Clothing,L,A dark brown casual jacket with a front zipper and multiple buttoned pockets.,Brown,9,48.51,2660.jpg,https://drive.google.com/file/d/1VcRWb7-KXNlQ6all64e0Rhz_RZyr0Ina/view?usp=drivesdk
2661,Men's Bomber Jacket,Clothing,L,"A men's bomber jacket with a zip closure, multiple front pockets, and elastic cuffs.",Olive Green,22,38.96,2661.jpg,https://drive.google.com/file/d/1MESOZ7vP1E_SqHaEdc956bw-cp-aU6fu/view?usp=drivesdk
2662,Black Jacket,Clothing,XL,A black zip-up jacket with buttoned pockets and a high collar.,Black,43,37.17,2662.jpg,https://drive.google.com/file/d/10ClAKiSvoD-TY0pVFM2I5ef6MVptG9_Z/view?usp=drivesdk
2663,Black Jacket,Clothing,L,A black zip-up jacket with multiple front pockets and a high collar.,Black,15,25.13,2663.jpg,https://drive.google.com/file/d/1B6XMuSdARxxGILZbctw1AgH9tuIQBFI-/view?usp=drivesdk
2664,Black Jacket,Clothing,S,A black zip-up jacket with buttoned flap pockets and a stand collar.,Black,50,27.06,2664.jpg,https://drive.google.com/file/d/1qHWc_NNjQeWU9dRHhzQfc1sTOr0pNOhG/view?usp=drivesdk
2665,Checkered Jacket,Clothing,M,A white jacket with black checkered pattern and black cuffs and collar.,White,38,47.81,2665.jpg,https://drive.google.com/file/d/11k0m-kUZqIhvT3QmuFzHnrOgpT_bwEYo/view?usp=drivesdk
2666,Leather Loafers,Clothing,L,A pair of brown leather slip-on loafers with a low heel and sleek design.,Brown,33,13.44,2666.jpg,https://drive.google.com/file/d/1SUSndUvLi7khVXgJcrOtz44z7BMsQUIC/view?usp=drivesdk
2667,Adidas Sneakers,Clothing,M,White Adidas sneakers with pink and gray stripes and laces.,White,24,32.73,2667.jpg,https://drive.google.com/file/d/1OkmCfusgbj7Kh3n0IVjUQt9rC6JIxOda/view?usp=drivesdk
2668,Leather Loafers,Clothing,XL,Black leather slip-on loafers with detailed stitching.,Black,41,37.53,2668.jpg,https://drive.google.com/file/d/1EJlXRTv6YDNhHwD9Qow2g8X1Imcy0prl/view?usp=drivesdk
2669,Leather Dress Shoe,Clothing,M,A brown leather lace-up dress shoe with a black sole and low heel.,Brown,7,29.91,2669.jpg,https://drive.google.com/file/d/1vS3N18wmCZCss6m3XnibN3eN-92LC0qs/view?usp=drivesdk
2670,Slip-On Loafer,Clothing,XL,A casual slip-on loafer shoe with a stitched design and elastic side panel for easy wear.,Green,46,10.7,2670.jpg,https://drive.google.com/file/d/1vVVifPmQc-74s1Ir2wMblbIp346FgBr2/view?usp=drivesdk
2671,Formal Loafers,Clothing,L,Shiny black formal loafers with a sleek design and low heel.,Black,33,38.99,2671.jpg,https://drive.google.com/file/d/1UfXM_d65DOlzUJyitt_utlXqaIc6cL0q/view?usp=drivesdk
2672,Elegant Wristwatch,Clothing,M,A gold-tone wristwatch with a maroon dial featuring leaf motifs and crystal embellishments.,Gold,15,41.42,2672.jpg,https://drive.google.com/file/d/1R-MhYVXyp9tL7zlwaj46H8d-geZWbuZS/view?usp=drivesdk
2673,Diamond Dial Watch,Clothing,M,A stylish wristwatch with a diamond-shaped black dial and a silver metal strap.,Silver,49,19.8,2673.jpg,https://drive.google.com/file/d/13rK3WuDO3YU9ol38_f2hng5CeZVslusY/view?usp=drivesdk
2674,Leather Strap Watch,Clothing,S,A rectangular silver dial wristwatch with a brown leather strap.,Brown,47,33.29,2674.jpg,https://drive.google.com/file/d/1X34X-QDid70QWf8Ss8esYNaZCjzSMeNm/view?usp=drivesdk
2675,Black Mesh Watch,Clothing,M,A black wristwatch with a mesh strap and a square dial featuring white markers and a date display.,Black,7,26.58,2675.jpg,https://drive.google.com/file/d/1Hik3ENemfaqWLkvIvayTVLbGtsYpzl2M/view?usp=drivesdk
2676,Butterfly Watch,Clothing,L,"A stylish wristwatch with a black leather strap, silver rectangular case adorned with crystals, and a white dial featuring a blue butterfly design.",Black,7,27.07,2676.jpg,https://drive.google.com/file/d/1Orz3fGZ_IuGvgYpvBFkATZ-4bHQxcFbb/view?usp=drivesdk
2677,Casual Shirt,Clothing,S,A long-sleeve casual shirt with rolled-up sleeves and button-down front.,Brown,35,39.25,2677.jpg,https://drive.google.com/file/d/1MKEHRJxpB6Rz9ppRWwMo6Fko37MjclRO/view?usp=drivesdk
2678,Plaid Shirt,Clothing,M,A long-sleeve button-up shirt with a red and black plaid pattern.,Red,48,48.6,2678.jpg,https://drive.google.com/file/d/1BvzoOwNwQhKqj_ubXckijLA5iGWdrmk7/view?usp=drivesdk
2679,Crystal Accent Ring,Clothing,XL,A silver ring featuring black and clear crystal accents in a wave design.,Silver,18,33.67,2679.jpg,https://drive.google.com/file/d/1ukbBATwhHKebZipMprmLnkigtS-D3DdX/view?usp=drivesdk
2680,Crystal Ring,Clothing,XL,A silver ring adorned with multiple clear crystals.,Silver,48,49.95,2680.jpg,https://drive.google.com/file/d/1oQ2VR34Q7RW-WlroRP_LMGNqw6iIsIHu/view?usp=drivesdk
2681,Gold Necklace,Clothing,XL,A delicate gold chain necklace with a small decorative pendant featuring embedded stones.,Gold,5,35.7,2681.jpg,https://drive.google.com/file/d/1kpXPS3zSljwQuRmSmALpA1ZR_sQ1GxHX/view?usp=drivesdk
2682,Pendant Necklace,Clothing,L,A silver chain necklace featuring a circular pendant adorned with small crystals and a teardrop-shaped blue gemstone.,Silver,20,26.37,2682.jpg,https://drive.google.com/file/d/1wllVPhj_eCUgJJ81U12yrYRG8x3d5AvX/view?usp=drivesdk
2683,Silver Necklace,Clothing,L,A silver chain necklace with three interlocking marquise-shaped pendants.,Silver,50,42.64,2683.jpg,https://drive.google.com/file/d/16-LjywA8OB7qguUHZWChFoW5jl0Fs-q1/view?usp=drivesdk
2684,Silver Necklace,Clothing,M,A silver chain necklace with a teardrop-shaped pendant adorned with small crystals.,Silver,29,16.96,2684.jpg,https://drive.google.com/file/d/1yNabAHutvKarCBb4H4bEawxaScs0buxb/view?usp=drivesdk
2685,Silver Hoop Earrings,Clothing,XL,Small silver hoop earrings adorned with clear gemstones.,Silver,45,39.69,2685.jpg,https://drive.google.com/file/d/17TpPwLSqWC6ePTGLB9ng51qJvCsImdr3/view?usp=drivesdk
2686,Diamond Earrings,Clothing,M,Elegant drop earrings featuring a delicate diamond-studded design.,Silver,43,26.66,2686.jpg,https://drive.google.com/file/d/1QX_xMTjSn-yFDkqJCWAK4q7nUX5-YT-D/view?usp=drivesdk
2687,Diamond Earrings,Clothing,L,A pair of elegant silver earrings adorned with small round diamonds.,Silver,27,22.11,2687.jpg,https://drive.google.com/file/d/1G0C2BkBphyOc47Pb250Sht9KZV0BvADR/view?usp=drivesdk
2688,Diamond Earrings,Clothing,S,Elegant silver earrings with a twisted design and embedded diamonds.,Silver,26,30.48,2688.jpg,https://drive.google.com/file/d/1qHXMSpXoUUNNmYw_iBRQ3ECvrgvJ72II/view?usp=drivesdk
2689,Crystal Bar Bracelet,Clothing,XL,A black cord bracelet featuring a silver bar adorned with clear crystals.,Black,18,12.16,2689.jpg,https://drive.google.com/file/d/12Wz2inB72yMQOrGHQeNFsU9ujuahUpye/view?usp=drivesdk
2690,Rectangular Cufflinks,Clothing,XL,A pair of rectangular-shaped cufflinks with a purple gemstone design.,Purple,33,41.97,2690.jpg,https://drive.google.com/file/d/13n4NJMpB7z2J7WGftMWWKvmUwScSRDQ9/view?usp=drivesdk
2691,Square Cufflinks,Clothing,S,Silver square cufflinks with four small embedded crystals arranged diagonally.,Silver,32,31.32,2691.jpg,https://drive.google.com/file/d/1K29NAD9pAjhzV3h3uHgE68VMtkv6jBSL/view?usp=drivesdk
2692,Striped Cufflinks,Clothing,M,Rectangular silver cufflinks with black horizontal stripes.,Silver,11,45.72,2692.jpg,https://drive.google.com/file/d/1ZhJsa18Hkt4vayVHayvdcmRqEwzLdlK3/view?usp=drivesdk
2693,Striped Saree,Clothing,M,A pink and purple striped saree with small floral motifs and a green patterned border.,Pink,34,25.32,2693.jpg,https://drive.google.com/file/d/1oNCDwNQaUBkaAR-iEdDit3Yba0lrF70u/view?usp=drivesdk
2694,Floral Border Saree,Clothing,S,A red saree with a floral patterned beige border and small embellishments.,Red,25,39.9,2694.jpg,https://drive.google.com/file/d/1jtLxD9yZAmEg0FCNjSQBgyZg3UZ8anMV/view?usp=drivesdk
2695,Red Black Saree,Clothing,M,A red saree with black floral patterns and a black lace border.,Red,5,41.56,2695.jpg,https://drive.google.com/file/d/1AwRZSrAkZny3FU_aMZpslOPscBaot3RO/view?usp=drivesdk
2696,Embroidered Saree,Clothing,L,A traditional Indian saree featuring intricate embroidery with a combination of orange and purple colors.,Orange,6,21.17,2696.jpg,https://drive.google.com/file/d/1bVwX85AhNA9FWlPPp5QqisdRz64ERfAj/view?usp=drivesdk
2697,Embroidered Saree,Clothing,S,A traditional embroidered saree with a maroon base and an orange pallu featuring intricate floral designs.,Maroon,10,14.8,2697.jpg,https://drive.google.com/file/d/1ahNh1_HWyW7TNHwf034kLWvGRahEw3E-/view?usp=drivesdk
2698,Embroidered Saree,Clothing,L,A traditional saree featuring intricate embroidery with a combination of red and blue colors.,Red,43,10.31,2698.jpg,https://drive.google.com/file/d/1F9_KFcGjmLRJXPC56CFn-bJ3NU4Fc6t8/view?usp=drivesdk
2699,Plaid Shirt,Clothing,S,A short-sleeve button-up shirt featuring a purple and white plaid pattern.,Purple,31,21.09,2699.jpg,https://drive.google.com/file/d/1CeVqniRrxvT0XCTjHtRFqmsFPERTC5cS/view?usp=drivesdk
2700,Embroidered Saree,Clothing,L,A brown saree with intricate green and gold embroidery and a matching green embroidered blouse.,Brown,17,12.35,2700.jpg,https://drive.google.com/file/d/1Ex1TuJkRngv9nP092u-TDWU0q_CCpdnn/view?usp=drivesdk
2701,Embroidered Saree,Clothing,L,A traditional saree featuring intricate embroidery with a sheer brown pallu and a dark green base with patterns.,Brown,17,25.86,2701.jpg,https://drive.google.com/file/d/1RXgjrnpOMOszEq4JIuW_fj51WDDcG4sU/view?usp=drivesdk
2702,Embroidered Saree,Clothing,M,"A brown saree with intricate golden embroidery and a green border, paired with a matching blouse.",Brown,26,30.04,2702.jpg,https://drive.google.com/file/d/1Bs_1lKraeVu8byyzfs0hYT_O5fSYSiFO/view?usp=drivesdk
2703,Embroidered Saree,Clothing,L,A pink embroidered saree with floral patterns and a matching blouse.,Pink,11,22.65,2703.jpg,https://drive.google.com/file/d/1vCEnvA72si1JPQFT8As00__3LWEF5Jk9/view?usp=drivesdk
2704,Green Saree,Clothing,M,A traditional green saree with intricate golden patterns and borders.,Green,28,38.32,2704.jpg,https://drive.google.com/file/d/1LKXnIbSL5b6Fd0DUyNdziqvA0hG_TiGL/view?usp=drivesdk
2705,Embroidered Saree,Clothing,L,A traditional embroidered saree with intricate patterns and a contrasting border.,Maroon,13,26.74,2705.jpg,https://drive.google.com/file/d/12E5qXQoV0ED-qx8Vi25Y-bAwjzSH0g1n/view?usp=drivesdk
2706,Embroidered Saree,Clothing,S,A sheer embroidered saree with a blend of green and maroon colors and intricate floral designs.,Green,43,29.35,2706.jpg,https://drive.google.com/file/d/1Jw1bXm8MImzqalG7rY79MIyuEoEuzrfp/view?usp=drivesdk
2707,Embroidered Saree,Clothing,XL,A traditional saree featuring red and black colors with intricate floral embroidery and a sheer pallu.,Red,41,25.82,2707.jpg,https://drive.google.com/file/d/1MK31hCp__SDkR1IcloGIoUC0fgKPkYE4/view?usp=drivesdk
2708,Embroidered Saree,Clothing,XL,An orange saree with golden embroidered floral patterns and a maroon border.,Orange,20,42.04,2708.jpg,https://drive.google.com/file/d/1kaQcP6BWY_2RjgBRTeOtfx3prpCMl9PJ/view?usp=drivesdk
2709,Embroidered Saree,Clothing,XL,A brown saree with intricate golden floral embroidery and a green border.,Brown,10,30.46,2709.jpg,https://drive.google.com/file/d/1dGzehN6mKUA-XaO--Pg86p05Uzum-ZNw/view?usp=drivesdk
2710,Embroidered Saree,Clothing,XL,"A traditional saree featuring intricate floral embroidery with a combination of cream, black, red, and green colors.",Cream,20,17.35,2710.jpg,https://drive.google.com/file/d/1tdB2A17R53K6dGU8aOkiKmXN_WbHYXHD/view?usp=drivesdk
2711,Embroidered Saree,Clothing,M,A brown and mustard embroidered saree with floral patterns and a decorative border.,Brown,5,12.06,2711.jpg,https://drive.google.com/file/d/1b4FqI4fBIlyQi9_OGQqSyRHjP2RBQRem/view?usp=drivesdk
2712,Printed Saree,Clothing,L,A colorful printed saree with a predominantly purple base and multicolor patterns.,Purple,37,21.14,2712.jpg,https://drive.google.com/file/d/1_cHQJ7SUj_IsBndCIBXMlA33ze6VswfP/view?usp=drivesdk
2713,Floral Purple Saree,Clothing,M,A purple saree featuring vibrant floral and abstract patterns with a sheer texture.,Purple,34,45.92,2713.jpg,https://drive.google.com/file/d/1v1bF64NA61h_6BjfXeqApDfI_vKxuuee/view?usp=drivesdk
2714,Printed Saree,Clothing,XL,"A colorful saree featuring a mix of orange, purple, and teal with floral and circular patterns.",Orange,19,15.45,2714.jpg,https://drive.google.com/file/d/19f6XC02qFBc69Herz8-XLBL5yx-XNoWA/view?usp=drivesdk
2715,Printed Saree,Clothing,M,A colorful printed saree with geometric patterns and a sheer pallu.,Blue,22,48.56,2715.jpg,https://drive.google.com/file/d/1WOql1cpdx3hn860aJLvCexFb2BdHZGL6/view?usp=drivesdk
2716,Printed Saree,Clothing,M,A traditional saree featuring a green and yellow floral and striped print.,Green,9,26.63,2716.jpg,https://drive.google.com/file/d/1hfzyri3Uz-rUrer8hNQagoO8AABLrars/view?usp=drivesdk
2717,Embroidered Lehenga,Clothing,S,A traditional embroidered lehenga with intricate floral patterns and a sheer dupatta.,Beige,23,38.72,2717.jpg,https://drive.google.com/file/d/1-0hd54-d_VBXRCAB_f94NP897CUyzeRW/view?usp=drivesdk
2718,Embroidered Lehenga,Clothing,L,"A traditional red lehenga with intricate gold embroidery, paired with a matching blouse and dupatta.",Red,0,41.09,2718.jpg,https://drive.google.com/file/d/1-i7VNJsIYIhppAVVu3zn7omiIz-YuMX0/view?usp=drivesdk
2719,Gold Necklace Set,Clothing,S,"A gold necklace with a curved pendant adorned with clear stones, paired with matching stud earrings.",Gold,39,46.98,2719.jpg,https://drive.google.com/file/d/1LTIdUegvNN_2YVcupXXRyTz16r9WeOxB/view?usp=drivesdk
2720,Gold Bracelet,Clothing,XL,A gold bracelet adorned with small flower-shaped crystal embellishments.,Gold,50,32.38,2720.jpg,https://drive.google.com/file/d/11_IBA2mepm0tx6lDYoJei6H_skawa4VQ/view?usp=drivesdk
2721,Gold Bracelet,Clothing,S,A gold bracelet featuring a twisted design with embedded crystals.,Gold,5,21.66,2721.jpg,https://drive.google.com/file/d/1SPHgDOnoUs4ojdR5vlsgNbaZJumL5I-0/view?usp=drivesdk
2722,Striped Tunic,Clothing,S,"A short-sleeve, V-neck tunic with horizontal multicolor stripes.",Blue,47,41.26,2722.jpg,https://drive.google.com/file/d/1j-Sed3tR6YhY64ELZZzGVKayE7JUb8qn/view?usp=drivesdk
2723,Floral Halter Dress,Clothing,M,A sleeveless halter dress with a floral print and gathered waist.,White,34,23.86,2723.jpg,https://drive.google.com/file/d/15GDugyiG-nTSLmBvKX1NaeZVBrKpe0Yw/view?usp=drivesdk
2724,Casual Shirt,Clothing,M,A long-sleeve casual shirt with a button-down front and a chest pocket.,Green,1,44.57,2724.jpg,https://drive.google.com/file/d/1lbXmfpQtU0LVxcKllZ4Dkz0PUKrkswnU/view?usp=drivesdk
2725,Casual Shirt,Clothing,L,A long-sleeve casual shirt with button-down front and a small logo on the chest.,Black,21,44.87,2725.jpg,https://drive.google.com/file/d/1hdUb5a5v00cX-LKFn1mYk1VgsOU1BL3a/view?usp=drivesdk
2726,Striped Shirt,Clothing,M,"A long-sleeve, button-up shirt with thin vertical stripes and a front pocket.",Black,29,26.28,2726.jpg,https://drive.google.com/file/d/1jEXlnne4XJTZBPpdZ8yfxEn9L5SPktJq/view?usp=drivesdk
2727,Sleeveless Dress,Clothing,M,"A sleeveless, button-front dress with a gathered waist in a light peach color.",Peach,4,45.87,2727.jpg,https://drive.google.com/file/d/1Bnoh15YRKyOa6XJpvbXNl26vfo_tCmLX/view?usp=drivesdk
2728,Blue Maxi Dress,Clothing,XL,A sleeveless blue maxi dress with thin straps and a front slit.,Blue,13,11.16,2728.jpg,https://drive.google.com/file/d/12lwg0IZu5aAb2bqh26XZNZICAXalcE3P/view?usp=drivesdk
2729,Abstract Print Dress,Clothing,L,A knee-length dress featuring an abstract multicolor print with a draped neckline.,Black,34,24.55,2729.jpg,https://drive.google.com/file/d/1LU9Bwd8jdA3-0izW_TqXVgZkM-QRUHdb/view?usp=drivesdk
2730,Sleeveless Dress,Clothing,M,A black sleeveless dress with a plaid scarf detail around the neckline.,Black,36,29.73,2730.jpg,https://drive.google.com/file/d/17f1iEHVaGAnUfZ6TKPZmYsYq0Tvw8q3V/view?usp=drivesdk
2731,Patterned Sheath Dress,Clothing,S,Sleeveless sheath dress with a black and white abstract patterned front panel and solid black sides.,Black,44,21.13,2731.jpg,https://drive.google.com/file/d/1gScZhlnRLghTIuWKGiwcRYjqIaEtVXoz/view?usp=drivesdk
2732,Animal Print Dress,Clothing,L,A knee-length dress featuring a mixed animal print pattern with three-quarter sleeves and a side knot detail.,Black,42,11.25,2732.jpg,https://drive.google.com/file/d/1vOeO8h1M_wxi1BrQaEEt8RN1LUlF2zzN/view?usp=drivesdk
2733,Polo Shirt,Clothing,XL,A white short-sleeve polo shirt with light blue trim on the collar and sleeves.,White,28,28.03,2733.jpg,https://drive.google.com/file/d/10JPnMcGODVRn3hfuh3HN6Q2kcky1xRDY/view?usp=drivesdk
2734,Puma Drawstring Bag,Clothing,S,A black drawstring bag featuring a printed design of a white and blue Puma sneaker with a chain detail.,Black,48,26.66,2734.jpg,https://drive.google.com/file/d/1UuNeOyuOhgrxQOTOX9i9d4CXWHZPuqIl/view?usp=drivesdk
2735,Printed Flip Flop,Clothing,M,A casual flip flop with purple straps and a printed white footbed featuring abstract designs.,Purple,41,35.74,2735.jpg,https://drive.google.com/file/d/1MkBqm1f8Ef34EFGh9OPaQSS9SFvv0Iiy/view?usp=drivesdk
2736,Adidas Flip Flop,Clothing,M,A red and black Adidas flip flop with a grey strap featuring the Adidas logo.,Red,25,29.74,2736.jpg,https://drive.google.com/file/d/1hOrMmCQDc6igFMiCe19XZTW5xohpc6Vb/view?usp=drivesdk
2737,Graphic T-shirt,Clothing,L,A white short-sleeve T-shirt with printed text on the front.,White,25,30.92,2737.jpg,https://drive.google.com/file/d/1rAU29BdmmGMCIsboWolZp-Dru2jFPcsL/view?usp=drivesdk
2738,V-neck T-shirt,Clothing,S,A fitted short-sleeve V-neck T-shirt in a light green color.,Green,37,12.57,2738.jpg,https://drive.google.com/file/d/1ePZmRcRxqkYmi5zU6DLFXFBpNqhUK80R/view?usp=drivesdk
2739,V-neck T-shirt,Clothing,XL,A fitted short-sleeve V-neck T-shirt in a solid color.,Blue,16,16.69,2739.jpg,https://drive.google.com/file/d/1ruWL4jgZLb-MJH6duxlIiSeXTlG4a15x/view?usp=drivesdk
2740,Graphic T-shirt,Clothing,XL,A light pink short-sleeve t-shirt with a colorful graphic print and text on the front.,Pink,45,12.36,2740.jpg,https://drive.google.com/file/d/1U1S4Wn1frYLr1l5vERC73gs5kRhbfI9J/view?usp=drivesdk
2741,Black T-shirt,Clothing,S,A plain black short-sleeve T-shirt with a round neckline.,Black,27,15.6,2741.jpg,https://drive.google.com/file/d/1Be1iNfBMGFC4FOzYbGwymV0ej1Z4aXEl/view?usp=drivesdk
2742,Checkered Shirt,Clothing,S,A yellow and white checkered long-sleeve shirt with a button-down front and rolled-up sleeves.,Yellow,36,10.84,2742.jpg,https://drive.google.com/file/d/1GG5J5uABPAE1GeKt0iz9kUFnXiQLanGX/view?usp=drivesdk
2743,Puma Flip Flop,Clothing,M,Blue flip flop sandal with a white Puma logo on the sole and a thong strap design.,Blue,40,41.97,2743.jpg,https://drive.google.com/file/d/1UWbL6LBZKPidFVQIy7tZRDwfrBUKRe5J/view?usp=drivesdk
2744,Puma Sneakers,Clothing,M,Black and white Puma sneakers with lace-up design and suede texture.,Black,41,35.94,2744.jpg,https://drive.google.com/file/d/1w1LctoynYYSLLxTpYxGfLgBDeOSFUrO1/view?usp=drivesdk
2745,Casual Sneakers,Clothing,XL,A pair of casual sneakers featuring a dark navy mesh and suede upper with white detailing and a white sole.,Navy,24,36.57,2745.jpg,https://drive.google.com/file/d/1Jbz9Y7gW1rHEHFLSKi7rIUAomKhIIUF5/view?usp=drivesdk
2746,Canvas Sneaker,Clothing,XL,A low-top canvas sneaker with white laces and a rubber sole.,Black,43,41.87,2746.jpg,https://drive.google.com/file/d/1qZtjnsOnaBmrEHncbTlu-8o0obtzaMXx/view?usp=drivesdk
2747,Striped Flip Flop,Clothing,M,"A casual flip flop with black, blue, and purple striped sole and pink beaded straps.",Black,33,48.05,2747.jpg,https://drive.google.com/file/d/1aBawTA6qnYQs_pUY91s8CuojdBoQ5EcT/view?usp=drivesdk
2748,Adidas Track Jacket,Clothing,L,A white full-zip track jacket with black stripes on the sleeves and an Adidas logo on the chest.,White,44,41.99,2748.jpg,https://drive.google.com/file/d/1gnG_H48XzqlT6srmvYblIEqHs_ERkXGH/view?usp=drivesdk
2749,Track Jacket,Clothing,XL,A grey full-zip track jacket with long sleeves and side pockets.,Grey,30,29.7,2749.jpg,https://drive.google.com/file/d/1tOg5qTcyA1ULDHMYDh0SJNFE2LbtBUwv/view?usp=drivesdk
2750,Adidas T-shirt,Clothing,L,Black short-sleeve Adidas sports T-shirt with a crew neck and logo on the chest.,Black,48,14.84,2750.jpg,https://drive.google.com/file/d/1USsrM-dySzM-El0zunVv0xZrpDCUd1Sv/view?usp=drivesdk
2751,Striped Track Jacket,Clothing,L,A white zip-up track jacket featuring a black horizontal stripe across the chest and black stripes on the sleeves.,White,10,17.94,2751.jpg,https://drive.google.com/file/d/15zNeUqcqBKAZYHGRDFIAwRf2wsfYDHZ1/view?usp=drivesdk
2752,Nike Shorts,Clothing,M,White athletic shorts with an elastic waistband and a small black Nike logo on the left leg.,White,2,28.25,2752.jpg,https://drive.google.com/file/d/1LzlKH5W-Eih5YDP_2uf9uWMZTje4Abg8/view?usp=drivesdk
2753,Capri leggings,Clothing,M,Gray capri-length leggings with an orange stripe detail and a small white logo on the hip.,Gray,47,23.33,2753.jpg,https://drive.google.com/file/d/14j_zIe65lDM1AR1PrRkKbo99kFQHDrTV/view?usp=drivesdk
2754,Pink Sports Skirt,Clothing,M,A bright pink athletic skirt with white side panels and a small logo near the hem.,Pink,18,37.27,2754.jpg,https://drive.google.com/file/d/1jYQ0xJvmMbIn-50dmHm3zxjKmSZXpg1_/view?usp=drivesdk
2755,T90 Sports Shirt,Clothing,L,A dark green short-sleeve sports shirt with light green accents and white side panels.,Green,35,28.83,2755.jpg,https://drive.google.com/file/d/1DEGuasEuEd8LyeBA798AZqkG_neEZxiO/view?usp=drivesdk
2756,Nike Backpack,Clothing,M,A black and gray Nike backpack with a large white logo on the front and a mesh side pocket.,Black,44,27.36,2756.jpg,https://drive.google.com/file/d/1HmsNSwLHq8iimyKxTOx7Ii9Garhb3ZxX/view?usp=drivesdk
2757,Nike Backpack,Clothing,L,A grey Nike backpack with red accents and a large red Nike logo on the front.,Grey,35,37.19,2757.jpg,https://drive.google.com/file/d/1BiwnGAEyurYaH7zAJ9FWifsqteGLgq0y/view?usp=drivesdk
2758,Nike Sports Shorts,Clothing,L,Dark gray knee-length sports shorts with neon green Nike logo and T90 branding.,Gray,22,41.24,2758.jpg,https://drive.google.com/file/d/1bTisAauED1u2kvN2rl8k442YROs1vBcg/view?usp=drivesdk
2759,Nike Shorts,Clothing,M,White athletic shorts with an elastic waistband and Nike logo.,White,8,17.88,2759.jpg,https://drive.google.com/file/d/1mK3e89MIxxoBDBimY8FfUaoNa2n4X0Jb/view?usp=drivesdk
2760,Graphic T-shirt,Clothing,M,Light blue short-sleeve T-shirt with a printed graphic design featuring a bee and text.,Blue,32,30.36,2760.jpg,https://drive.google.com/file/d/1DhpBsPK3WjcjXGKkQqP5vl0KMTZgG5_t/view?usp=drivesdk
2761,Striped Shirt,Clothing,M,A navy blue button-up shirt with light blue vertical stripes and rolled-up sleeves.,Blue,32,32.28,2761.jpg,https://drive.google.com/file/d/1nMFZWGjZDrphBIyVAE2qWY-yKNh3WOYc/view?usp=drivesdk
2762,Brown Sneakers,Clothing,XL,A pair of brown leather sneakers with black sole and laces.,Brown,9,44.75,2762.jpg,https://drive.google.com/file/d/1oDo_w7QkTp6dFtHdIRr4JO5Cd1a2nLN-/view?usp=drivesdk
2763,Nike Running Shoe,Clothing,L,A white and grey Nike running shoe with blue accents and a mesh upper for breathability.,White,2,36.07,2763.jpg,https://drive.google.com/file/d/1_AvPkKzAzwg3v7GW4Dj8XO4RIgQth_5p/view?usp=drivesdk
2764,Logo T-shirt,Clothing,M,A white short-sleeve T-shirt with a logo print on the front.,White,39,13.62,2764.jpg,https://drive.google.com/file/d/1rnP3AmjIqRBk1zuwO0s8noTOZgKrs3RZ/view?usp=drivesdk
2765,Alien Graphic Tee,Clothing,L,A blue short-sleeve t-shirt featuring a cartoon alien graphic on the front.,Blue,32,39.31,2765.jpg,https://drive.google.com/file/d/1fsX_vuCdLeW7eZUTJkVyJmIflkjpgxKY/view?usp=drivesdk
2766,Pink T-shirt,Clothing,XL,A bright pink short-sleeve T-shirt with a round neckline.,Pink,28,43.12,2766.jpg,https://drive.google.com/file/d/1hwxJdRic9c0XyZaAqvXe7tY14SttNgat/view?usp=drivesdk
2767,Graphic T-shirt,Clothing,L,A brown short-sleeve T-shirt with orange and beige nautical-themed graphic print on the front.,Brown,38,44.05,2767.jpg,https://drive.google.com/file/d/1Nl7ubMU4WGm_s4d-71j6WB7Wd9qrCC4X/view?usp=drivesdk
2768,Graphic T-shirt,Clothing,M,White short-sleeve T-shirt with blue graphic print and text on the front.,White,26,25.68,2768.jpg,https://drive.google.com/file/d/1Y_EPBuz9VYTkn5DGEbj6Jr89A90_gK-T/view?usp=drivesdk
2769,Casual Shirt,Clothing,XL,A long-sleeve casual shirt with a front pocket and button closure.,Green,0,24.18,2769.jpg,https://drive.google.com/file/d/1s9w7a1bwG60q442A1_U8Va6AD9UZ_G8y/view?usp=drivesdk
2770,Blue Jacket,Clothing,M,A casual blue jacket with front pockets and a zip closure.,Blue,29,36.42,2770.jpg,https://drive.google.com/file/d/1JdJni0HK0REw0ReBloL5PJUY-0gfp3hS/view?usp=drivesdk
2771,Red Jacket,Clothing,S,A red zip-up jacket with black zipper accents and a high collar.,Red,8,13.59,2771.jpg,https://drive.google.com/file/d/1ThKa_6fqOmo60Lf1Ul-d5BQMXpJ61ZsW/view?usp=drivesdk
2772,Black Jacket,Clothing,S,A black zip-up jacket with a high collar and zippered pockets.,Black,20,22.37,2772.jpg,https://drive.google.com/file/d/1hMvPCx1IoTxX4-V5MdW90Zh1aJfinNb9/view?usp=drivesdk
2773,Layered Mini Skirt,Clothing,XL,"A short, layered mini skirt with an abstract animal print pattern.",Beige,30,15.32,2773.jpg,https://drive.google.com/file/d/1V1skun3quOM5IQxFXxZNkVB0HcLGJCcX/view?usp=drivesdk
2774,Ruffled Mini Skirt,Clothing,S,A black mini skirt featuring ruffle details on the sides.,Black,15,49.75,2774.jpg,https://drive.google.com/file/d/13F44kR3OmGb_oW7deVAilyjysa8qV-oA/view?usp=drivesdk
2775,Tulle Skirt,Clothing,M,A light peach tulle skirt with a ruffled hem and elastic waistband.,Peach,46,25.16,2775.jpg,https://drive.google.com/file/d/1Ujf59ZIq3uo0kjxxfqFdjShsXz1jic4L/view?usp=drivesdk
2776,Floral Pleated Skirt,Clothing,S,A short pleated skirt with a soft floral pattern in pastel shades.,Pink,50,28.15,2776.jpg,https://drive.google.com/file/d/14rIIUcea6kWcy4Xzy19ZZqvaWe3Rm_gd/view?usp=drivesdk
2777,Spaghetti Strap Top,Clothing,XL,A white spaghetti strap top paired with black leggings and black high-heeled sandals.,White,20,46.73,2777.jpg,https://drive.google.com/file/d/1Ofy5u70Uza91H346BurG6SobQczdTwuZ/view?usp=drivesdk
2778,Lace Sleeve Dress,Clothing,S,A black dress featuring sheer lace flutter sleeves and a scoop neckline.,Black,43,35.71,2778.jpg,https://drive.google.com/file/d/1k37Eyi71HpKFuk-1E-STQxLXdWXsoRkv/view?usp=drivesdk
2779,Pink Jacket,Clothing,M,A light pink cropped jacket with 3/4 sleeves and a ruffled collar.,Pink,0,41.32,2779.jpg,https://drive.google.com/file/d/1h7UhuBp2vIb4nZHBIqQhYmLXm0vx9iWK/view?usp=drivesdk
2780,Pink Jacket,Clothing,M,"A light pink jacket with a front zipper, pockets, and three-quarter sleeves.",Pink,42,11.43,2780.jpg,https://drive.google.com/file/d/1-GsZrAePDewSAADbK6E-FwxWoca-sOAF/view?usp=drivesdk
2781,Blue Wool Coat,Clothing,M,A stylish blue wool coat with an asymmetrical zipper and silver button details.,Blue,13,44.3,2781.jpg,https://drive.google.com/file/d/1DTWTPiZzrdFzZreYsiJP8teRJc6rt-kD/view?usp=drivesdk
2782,Double Breasted Coat,Clothing,S,A black double-breasted coat with button details and a flared hem.,Black,9,24.55,2782.jpg,https://drive.google.com/file/d/1ZrWmrB0-YFW-iGHmcV_DO6EfZEjEA01E/view?usp=drivesdk
2783,Belted Trench Coat,Clothing,L,A beige double-breasted trench coat with a belted waist and button details.,Beige,14,18.16,2783.jpg,https://drive.google.com/file/d/1ELamq0NolmzifYv45iquUZmCxyaKSzDO/view?usp=drivesdk
2784,Puff Sleeve Jacket,Clothing,M,A light beige puff sleeve jacket with gathered neckline and sleeves.,Beige,40,14.43,2784.jpg,https://drive.google.com/file/d/1l3IDSFaBqLIuL-dJN0Z2ZwviQQhWh6y-/view?usp=drivesdk
2785,Black Blazer,Clothing,M,A fitted black blazer with structured shoulders and a single-button closure.,Black,15,14.71,2785.jpg,https://drive.google.com/file/d/14byv0zX5ZT_4e45eKQ4lZgDwdHC0dXHh/view?usp=drivesdk
2786,Denim Vest,Clothing,L,"A light blue sleeveless denim vest with front pockets, worn over a floral top.",Blue,0,39.95,2786.jpg,https://drive.google.com/file/d/1L094VbrhCvRDqZfWS1uM1JscuPBGpPOJ/view?usp=drivesdk
2787,Belted Trench Coat,Clothing,XL,A stylish belted trench coat with large buttons and a wide collar.,Beige,34,10.37,2787.jpg,https://drive.google.com/file/d/1bXhPOpyd7aakoT5Dy-f3RPBiucSzvkAp/view?usp=drivesdk
2788,Black Blazer,Clothing,XL,A tailored black blazer with a deep V-neck and long sleeves.,Black,48,18.09,2788.jpg,https://drive.google.com/file/d/1NmZWRL7APSRk-T7LPWpA_mCGkwvrjxNy/view?usp=drivesdk
2789,Black Bodycon Dress,Clothing,XL,A fitted black bodycon dress with thin shoulder straps and a sweetheart neckline.,Black,14,34.57,2789.jpg,https://drive.google.com/file/d/1vASA7RBbiEyhso11_y340WUinbZpQop_/view?usp=drivesdk
2790,Spaghetti Strap Top,Clothing,S,A white spaghetti strap top paired with black slim-fit pants.,White,16,22.21,2790.jpg,https://drive.google.com/file/d/1O-I6rWtKhuQnXwADCvqtaNCKhuhy-Gt8/view?usp=drivesdk
2791,Peplum Skirt,Clothing,L,A light beige peplum skirt with a fitted silhouette and layered waist detail.,Beige,0,33.51,2791.jpg,https://drive.google.com/file/d/1BUthGWqn89cIRJ-O4IPG6PkMqW7V5EC7/view?usp=drivesdk
2792,Cool Graphic T-shirt,Clothing,XL,A navy blue short-sleeve t-shirt with a colorful 'COOL' graphic print on the front.,Navy Blue,21,25.94,2792.jpg,https://drive.google.com/file/d/1Y-xKhQKXY8gQ9gLWaCqD4WoUlp0tMcFn/view?usp=drivesdk
2793,Graphic T-shirt,Clothing,L,Light blue short-sleeve T-shirt with a car graphic and motivational text on the front.,Blue,2,49.1,2793.jpg,https://drive.google.com/file/d/1D6_VRKnhouHcD7ZfaeLYGWpE_ree-RSH/view?usp=drivesdk
2794,Graphic T-shirt,Clothing,S,A blue short-sleeve t-shirt featuring a colorful graphic print on the front.,Blue,20,31.13,2794.jpg,https://drive.google.com/file/d/1CUqr8H7C7dmKqhzvobq2HD7Bwx1SiGha/view?usp=drivesdk
2795,Graphic T-shirt,Clothing,S,A light grey short-sleeve t-shirt with a colorful graphic print on the front.,Grey,16,22.56,2795.jpg,https://drive.google.com/file/d/1asi_QqI02oxFYhI7f_H4NuLDXAJmbItw/view?usp=drivesdk
2796,Graphic T-shirt,Clothing,M,A black short-sleeve t-shirt with a yellow graphic print on the front.,Black,6,49.18,2796.jpg,https://drive.google.com/file/d/1-lzMPMk2w-1IjVphm7sqAiKPvhXxoob9/view?usp=drivesdk
2797,Graphic T-shirt,Clothing,S,A navy blue short-sleeve graphic t-shirt with printed text on the front.,Blue,46,37.3,2797.jpg,https://drive.google.com/file/d/1epqCJih5E7jQib9bncyonTFgq75Qlilo/view?usp=drivesdk
2798,Casual Sneaker,Clothing,S,A low-top casual sneaker featuring black and white panels with white laces and a rubber sole.,Black,46,40.27,2798.jpg,https://drive.google.com/file/d/1e8d6Z_tJnAyGr6kW-XwuCSBkMnAat4bG/view?usp=drivesdk
2799,Casual Sneaker,Clothing,XL,"A low-top casual sneaker with a mix of grey, white, blue, and black colors and lace-up closure.",Grey,7,38.82,2799.jpg,https://drive.google.com/file/d/1boMp4Ux46wt6S2-TSGYjrB3ZCD5P9C3g/view?usp=drivesdk
2800,Nike Backpack,Clothing,S,A black and blue Nike backpack with a front zippered pocket and mesh side pocket.,Black,2,21.99,2800.jpg,https://drive.google.com/file/d/1hDo_RNVQEqRWGFwNQT5E9nnnOYq4Iz8t/view?usp=drivesdk
2801,Black Backpack,Clothing,S,"A black backpack with adjustable straps and a top handle, featuring the Wildcraft logo.",Black,40,38.3,2801.jpg,https://drive.google.com/file/d/1bed3OUxv--BosSqCCki49931Um4p8YjZ/view?usp=drivesdk
2802,Wide Leg Pants,Clothing,S,Comfortable wide leg pants with a high waistband.,Black,12,36.2,2802.jpg,https://drive.google.com/file/d/1aNEX7BgX_JdIpA-57pq6GWN85n8AGUfy/view?usp=drivesdk
2803,Casual Capris,Clothing,S,Lightweight casual capri pants with an elastic waistband and drawstring.,Beige,44,28.33,2803.jpg,https://drive.google.com/file/d/1dk-5LEQ51Ft1gvTkreHJQXiXXwEklOP4/view?usp=drivesdk
2804,Blue Capris,Clothing,M,Comfortable blue capri pants with a drawstring waist and side pockets.,Blue,40,33.86,2804.jpg,https://drive.google.com/file/d/1EcVx5m3jvFiDwCwjdB2iawYLWcXRf6sL/view?usp=drivesdk
2805,Cropped Sweatpants,Clothing,L,Comfortable cropped sweatpants with an elastic waistband and drawstring.,Green,43,15.27,2805.jpg,https://drive.google.com/file/d/1O6Hp0c-pU2AqT_-CMzFRdjbDIuT_bVOb/view?usp=drivesdk
2806,Wide Leg Pants,Clothing,L,Black wide-leg cropped pants with an elastic waistband and drawstring.,Black,50,26.91,2806.jpg,https://drive.google.com/file/d/1BChQXHxnYo2q4glNLE-gFDDf2FauJ2J0/view?usp=drivesdk
2807,Checkered Shirt,Clothing,S,A short-sleeve button-up shirt with a blue and purple checkered pattern.,Blue,17,40.86,2807.jpg,https://drive.google.com/file/d/11-_P9v0ZJP1B-tAWfbPwkQurdyy1NfyR/view?usp=drivesdk
2808,Checkered Shirt,Clothing,S,A short-sleeve button-up shirt with a blue and white checkered pattern.,Blue,17,21.85,2808.jpg,https://drive.google.com/file/d/1acrH5t3-bgPMm-qenCCtL1gM2e99rvl6/view?usp=drivesdk
2809,Denim Jeggings,Clothing,S,A pair of fitted denim jeggings with a slightly faded wash.,Blue,44,23.06,2809.jpg,https://drive.google.com/file/d/1h3jm7L981wDjl4ZIzfPySMWwFYC6b7dE/view?usp=drivesdk
2810,Slim Fit Pants,Clothing,L,A pair of slim fit pants in a solid dark blue color.,Blue,27,33.65,2810.jpg,https://drive.google.com/file/d/1mc02tFtf2StU-iCeDeZQUm_GUxUTVmEV/view?usp=drivesdk
2811,Leather Dress Shoe,Clothing,S,A polished brown leather dress shoe with laces and a black sole.,Brown,29,34.32,2811.jpg,https://drive.google.com/file/d/1axk_4-W3rGog8ewyPkp_bcDGqB5iNKba/view?usp=drivesdk
2812,Beige Casual Shoe,Clothing,L,A beige casual shoe with lace-up design and a combination of leather and fabric material.,Beige,7,26.51,2812.jpg,https://drive.google.com/file/d/1IhLKA-G9p_wASwZ6b2MD-lY4kVTnv27P/view?usp=drivesdk
2813,Leather Oxford,Clothing,S,A brown leather Oxford shoe with lace-up closure and a black sole.,Brown,40,28.8,2813.jpg,https://drive.google.com/file/d/1F8IfgUXZL_MiwIDRyCGxaZWs49EpK_5y/view?usp=drivesdk
2814,Beige Pants,Clothing,S,A pair of beige casual pants with a straight fit and button closure.,Beige,23,48.03,2814.jpg,https://drive.google.com/file/d/1Iy9Ocq5Vs89JHJOPFtBD98Wy9LPIQdau/view?usp=drivesdk
2815,Leather Oxford,Clothing,L,A sleek brown leather Oxford shoe with a pointed toe and lace-up design.,Brown,47,23.47,2815.jpg,https://drive.google.com/file/d/1JmPcN6u8GN65eVLdMexdHecopDV9nxt4/view?usp=drivesdk
2816,Leather Loafers,Clothing,XL,A pair of brown leather slip-on loafers with a textured finish and cushioned interior.,Brown,9,43.44,2816.jpg,https://drive.google.com/file/d/1NNsPEw-9GnVovjjjuv2kNZw2mjq_-5p3/view?usp=drivesdk
2817,Leather Dress Shoe,Clothing,S,A black leather lace-up dress shoe with a sleek and polished design.,Black,14,35.96,2817.jpg,https://drive.google.com/file/d/14A2dGNv8bivFkPHuik5kXo4tv2ZfO96r/view?usp=drivesdk
2818,Chelsea Boot,Clothing,M,A sleek black leather Chelsea boot with elastic side panels and a low heel.,Black,19,46.83,2818.jpg,https://drive.google.com/file/d/1E5SzSf-ShPbxvbOP2cC9UNp1_tH7RrOt/view?usp=drivesdk
2819,Leather Oxford,Clothing,XL,"A black leather Oxford shoe with a sleek, perforated design and lace-up closure.",Black,1,46.44,2819.jpg,https://drive.google.com/file/d/1C4ZU4iKGBkRKXI9xNaifWd03_QCDi2gP/view?usp=drivesdk
2820,Black Slip-On,Clothing,S,A sleek black slip-on shoe made of leather with a comfortable sole.,Black,38,17.56,2820.jpg,https://drive.google.com/file/d/1UFK12WfXd837nGRv4qxOEJnsnyK08o5f/view?usp=drivesdk
2821,Leather Dress Shoe,Clothing,L,A sleek black leather dress shoe with laces and a low heel.,Black,24,32.58,2821.jpg,https://drive.google.com/file/d/1xnCFL8JkSzZExqv7vScC3hNjRgI7c1-z/view?usp=drivesdk
2822,Leather Loafer,Clothing,S,A black leather slip-on loafer with a stitched design and rubber sole.,Black,29,29.9,2822.jpg,https://drive.google.com/file/d/1rsL9795QUz1vVvN6-ar3YZIp0iDJFtJf/view?usp=drivesdk
2823,casual sneaker,Clothing,XL,A low-top casual sneaker with lace-up closure and a combination of suede and leather materials.,Olive,44,47.06,2823.jpg,https://drive.google.com/file/d/1oKKPKc7aX-fSyIxohooKJEDy-AHg7i0S/view?usp=drivesdk
2824,Men's Slip-On,Clothing,XL,A brown leather men's slip-on shoe with a pointed toe and black sole.,Brown,21,12.28,2824.jpg,https://drive.google.com/file/d/15PkXyMOw8SmJ0B1IT1JPwClRgzr_-JZY/view?usp=drivesdk
2825,Yoga Pants,Clothing,XL,A pair of navy blue fitted yoga pants with a high waistband and a small white logo on the hip.,Blue,37,39.13,2825.jpg,https://drive.google.com/file/d/1HZ9KgaSi3IXb9lGffjKxXpDz-arBj8kB/view?usp=drivesdk
2826,Nike Yoga Pants,Clothing,L,Black Nike yoga pants with a wide waistband and a relaxed fit.,Black,8,30.02,2826.jpg,https://drive.google.com/file/d/1EiuZ1Z3HL-CykZZN6dS528nJRhtflfK6/view?usp=drivesdk
2827,Capri leggings,Clothing,S,"A pair of fitted, cropped leggings ending below the knee in a solid dark color.",Black,18,23.78,2827.jpg,https://drive.google.com/file/d/1HcB9wco7qcixd5jeJB5380PziAaghP3z/view?usp=drivesdk
2828,Track Pants,Clothing,S,A pair of dark gray athletic track pants with an elastic waistband and a small white logo on the side.,Gray,16,14.73,2828.jpg,https://drive.google.com/file/d/1xSVV5SJ-qfrdGfZulQ_cr6VpEaw-wBGZ/view?usp=drivesdk
2829,Drawstring Pants,Clothing,S,A pair of black drawstring pants with a relaxed fit and side pockets.,Black,16,25.6,2829.jpg,https://drive.google.com/file/d/1dul6XPiEXo7iK5qAvBIF1MJS8u5SJ1gv/view?usp=drivesdk
2830,Athletic Shorts,Clothing,S,Dark green athletic shorts with an elastic waistband and orange and white side stripes.,Green,31,26.65,2830.jpg,https://drive.google.com/file/d/1Z7WuQ_QVP1-nrFy4njxL9QAD8CFfdDdY/view?usp=drivesdk
2831,Athletic Pants,Clothing,M,A pair of dark gray athletic pants with a high waistband and a small white logo on the hip.,Gray,27,12.34,2831.jpg,https://drive.google.com/file/d/1uAER_bU2LoJnE4QMjZJHTaBFrXGRpbQS/view?usp=drivesdk
2832,Nike sneaker,Clothing,L,White Nike sneaker with pink accents and a gray sole.,White,18,31.02,2832.jpg,https://drive.google.com/file/d/1GFeiDM7E6mup1Whsu8_0P5HZhKyiSkeC/view?usp=drivesdk
2833,Athletic Shorts,Clothing,L,A pair of navy blue athletic shorts with an elastic waistband and small logo details.,Blue,9,31.03,2833.jpg,https://drive.google.com/file/d/1mse-9HfjzPCYuwhDztVwYde6CwP4flwB/view?usp=drivesdk
2834,Puma Sweatpants,Clothing,XL,Black Puma sweatpants with an elastic waistband and a small white Puma logo on the left thigh.,Black,37,44.04,2834.jpg,https://drive.google.com/file/d/1tnB7MysiKf40e8Vq3H9_IU2PBGO9ekeA/view?usp=drivesdk
2835,Track Jacket,Clothing,M,"Black full-zip track jacket with ribbed cuffs and collar, featuring colored stripes on the shoulder and a yellow logo patch on the chest.",Black,29,24.74,2835.jpg,https://drive.google.com/file/d/1jweKZanJWI4Ccu43TqpcecESxiN04lw9/view?usp=drivesdk
2836,Ferrari Windbreaker,Clothing,XL,Black windbreaker jacket with red piping and Ferrari logo on the chest.,Black,8,11.96,2836.jpg,https://drive.google.com/file/d/1rvHZefq5A3sVtXkQ12qlNSzRyzeWal-K/view?usp=drivesdk
2837,Red Jacket,Clothing,XL,A red zip-up jacket with a high collar and yellow logo detailing on the chest and shoulder.,Red,43,18.08,2837.jpg,https://drive.google.com/file/d/1rHrGQ_ZgPXGe3GTSGauIC-GJeuJEVk-7/view?usp=drivesdk
2838,Fila Running Shoe,Clothing,L,A sporty Fila running shoe featuring a white base with navy and red accents.,White,8,34.31,2838.jpg,https://drive.google.com/file/d/1NcrzFnzUAon6_UriHgnUg_S3hXM9S8z5/view?usp=drivesdk
2839,Black Baseball Cap,Clothing,L,A black baseball cap featuring a shield emblem with a prancing horse and colored stitching.,Black,43,28.34,2839.jpg,https://drive.google.com/file/d/1sZbTxgY2hPZe93PoD0DAx8NH--6rLRkj/view?usp=drivesdk
2840,Red Track Jacket,Clothing,XL,A red full-zip track jacket with white stripes on the sleeves and a logo on the chest.,Red,45,24.8,2840.jpg,https://drive.google.com/file/d/17Yu32-ENclNEyb2ub67IB_YQDWoLBmgx/view?usp=drivesdk
2841,Slip-On Sneakers,Clothing,L,Casual slip-on sneakers with a blue canvas upper and white rubber sole.,Blue,18,10.4,2841.jpg,https://drive.google.com/file/d/1j0hIiOYhAtaMgcSMZeVg0l_V02dKZTFA/view?usp=drivesdk
2842,Black Sweatpants,Clothing,L,Comfortable black sweatpants with an elastic waistband and drawstring.,Black,29,36.8,2842.jpg,https://drive.google.com/file/d/1oeXKxZVOKjIkF1rd1CY7khxNNnkYYuRC/view?usp=drivesdk
2843,Blue Polo,Clothing,XL,A short-sleeve blue polo shirt with a collar and a chest pocket.,Blue,30,45.6,2843.jpg,https://drive.google.com/file/d/1a_t5gHqz6ergcTv3CawyiEuvkzfWDqWB/view?usp=drivesdk
2844,Puma Running Shoe,Clothing,L,"A sporty Puma running shoe featuring a combination of black, blue, and neon yellow colors with a sleek design.",Black,44,13.02,2844.jpg,https://drive.google.com/file/d/1y--xJx5fZECoMUAW5dodxUw5-RM2_XLP/view?usp=drivesdk
2845,Pointed Leather Shoe,Clothing,M,A brown pointed leather slip-on shoe with a low heel and elastic side panels.,Brown,19,30.19,2845.jpg,https://drive.google.com/file/d/1JxEXyAFTWlNeI6UUWfO7JXbVyCkg4y-q/view?usp=drivesdk
2846,Drawstring Shorts,Clothing,L,Casual dark gray shorts with a blue drawstring waistband.,Gray,0,27.71,2846.jpg,https://drive.google.com/file/d/1NzTS1oKcmteywUz9WC2-61c4fMgTvPAg/view?usp=drivesdk
2847,Drawstring Shorts,Clothing,S,Black casual shorts with an elastic waistband and red drawstring.,Black,24,29.45,2847.jpg,https://drive.google.com/file/d/1X8f_VEaFme0th2zwF_-p0Bz9Ba_ZM9QP/view?usp=drivesdk
2848,Drawstring Shorts,Clothing,XL,Casual gray shorts with a black drawstring and side stripes.,Gray,23,28.94,2848.jpg,https://drive.google.com/file/d/1gHYlb5rE1V-jdHNxVGKaNum-5oBQXUOQ/view?usp=drivesdk
2849,Track Pants,Clothing,S,Black track pants with white side stripes and a blue drawstring waistband.,Black,39,10.23,2849.jpg,https://drive.google.com/file/d/15Gg5ti2ysyWWf5jOsjFuwsGMbb3zhXV1/view?usp=drivesdk
2850,Checked Shorts,Clothing,L,Gray and white checked shorts with an elastic waistband and drawstring.,Gray,19,22.64,2850.jpg,https://drive.google.com/file/d/1VpbMQ6j7lXv0xW0YvdH5bWmLbEJ_cY9v/view?usp=drivesdk
2851,Checkered Shorts,Clothing,S,Green checkered shorts with an elastic waistband and drawstring.,Green,30,11.39,2851.jpg,https://drive.google.com/file/d/1RiUOvMijG00muq4Fz8m9J9eYtSSj52OY/view?usp=drivesdk
2852,Drawstring Shorts,Clothing,XL,Navy blue casual shorts with a white drawstring and side pockets.,Blue,21,48.28,2852.jpg,https://drive.google.com/file/d/1A6A0ySjQypCc5ADSJ3i8VuQO4Xjre0u_/view?usp=drivesdk
2853,Grey Sweatpants,Clothing,S,A pair of comfortable grey sweatpants with an elastic waistband and a small logo on the left thigh.,Grey,23,27.07,2853.jpg,https://drive.google.com/file/d/14Yz9xkwZLNc1Ls7-QGB7stZ2IXrq4kbK/view?usp=drivesdk
2854,Track Pants,Clothing,M,Navy blue track pants with an elastic waistband and side stripes.,Blue,50,45.87,2854.jpg,https://drive.google.com/file/d/12EKtqSUYX9KPOCiM4Z2gByVtOYPw9Ng4/view?usp=drivesdk
2855,Track Pants,Clothing,XL,Black track pants with an elastic waistband and side pockets.,Black,38,32.23,2855.jpg,https://drive.google.com/file/d/15jKA443LZlOHiBpOZ_Kpc4FaeTf-LWau/view?usp=drivesdk
2856,Grey Sweatpants,Clothing,M,A pair of comfortable grey sweatpants with an elastic waistband.,Grey,33,15.23,2856.jpg,https://drive.google.com/file/d/1e3xD61Fqp6pD_1gX6xrckL7INMtV7xP3/view?usp=drivesdk
2857,Adidas High-top,Clothing,S,Black high-top Adidas sneaker with white stripes and a patterned sole.,Black,25,40.91,2857.jpg,https://drive.google.com/file/d/1oWkCm2FQ1ykjVdcm22I2te3gNVtMkY35/view?usp=drivesdk
2858,Running Shoe,Clothing,XL,A lightweight running shoe with mesh fabric and synthetic overlays for breathability and support.,Silver,10,10.43,2858.jpg,https://drive.google.com/file/d/1vnjWybnJz4aI9fZRMHfpwKEPdKuDUgJd/view?usp=drivesdk
2859,Stitched Belt,Clothing,M,Black belt with white stitching and a brass buckle.,Black,9,18.96,2859.jpg,https://drive.google.com/file/d/1DHTkI7gVIodm3iMG4UU2ms-rEv9aM3Zq/view?usp=drivesdk
2860,Plaid Shirt,Clothing,L,A men's long-sleeve plaid shirt with rolled-up sleeves and button closure.,Blue,44,37.06,2860.jpg,https://drive.google.com/file/d/1CmQ8HUuwZJKwg6Iq1Z0dGud4tEf9hXqn/view?usp=drivesdk
2861,Ankle Strap Sandal,Clothing,XL,A flat sandal with a toe loop and an adjustable ankle strap in a minimalist design.,Beige,5,35.22,2861.jpg,https://drive.google.com/file/d/1v-XCPhSv8ZgJ_W9eqcb6vSoTANGzqmvu/view?usp=drivesdk
2862,Plaid Shirt,Clothing,S,Men's long-sleeve plaid shirt with rolled-up sleeves and button-down front.,Purple,15,41.62,2862.jpg,https://drive.google.com/file/d/1lLAIv1hsHGh4zjXCh4lBVME0YSLjUcI0/view?usp=drivesdk
2863,Casual Shirt,Clothing,M,A navy blue casual button-up shirt with rolled-up sleeves and checkered inner lining.,Navy Blue,41,46.75,2863.jpg,https://drive.google.com/file/d/1Q_SyEmfm-RwmRgQzhRTCgR_aNx9uiBus/view?usp=drivesdk
2864,Graphic T-shirt,Clothing,M,A grey short-sleeve t-shirt with white printed text and designs on the front.,Grey,14,30.4,2864.jpg,https://drive.google.com/file/d/1kboVIKK1JeHp0cAmeo3pI5X3m5AZeEb_/view?usp=drivesdk
2865,Black Oxford Shoe,Clothing,XL,A sleek black leather Oxford shoe with lace-up closure and subtle perforated detailing.,Black,18,20.72,2865.jpg,https://drive.google.com/file/d/1I2WJxk24Tr8ktznuOwmREV05Yhtsbf9Z/view?usp=drivesdk
2866,Drawstring Bag,Clothing,M,A black drawstring bag with a large white logo printed vertically.,Black,36,48.44,2866.jpg,https://drive.google.com/file/d/1b6svJ_Pw4fePQrXwEOOzS7VIucrvvCyo/view?usp=drivesdk
2867,Graphic T-shirt,Clothing,L,A purple short-sleeve T-shirt featuring a colorful cartoon graphic and text on the front.,Purple,47,20.05,2867.jpg,https://drive.google.com/file/d/1RUu4-axjfSTVe3GQmt-DDyEJNlaCE6ua/view?usp=drivesdk
2868,Sling Backpack,Clothing,L,"A sporty sling backpack featuring a combination of navy blue, lime green mesh, and reflective silver panels with a zipper closure.",Navy Blue,4,44.88,2868.jpg,https://drive.google.com/file/d/17QtiRbFD_f2TfCmew01jgw-Glnv_rjh_/view?usp=drivesdk
2869,Blue Shirt,Clothing,M,A blue button-up shirt with rolled-up short sleeves and a collar.,Blue,43,26.96,2869.jpg,https://drive.google.com/file/d/1MnyeZY4a--UxDodDlooWBWgMFtUZXEq_/view?usp=drivesdk
2870,denim jacket,Clothing,L,A light blue cropped denim jacket with long sleeves and a lapel collar.,Light Blue,16,44.51,2870.jpg,https://drive.google.com/file/d/1eunNjvPTSKvdeimLf0Uc9DlOXoAFFLBB/view?usp=drivesdk
2871,Denim Jacket,Clothing,M,Light blue denim jacket with three-quarter sleeves and zippered pockets.,Blue,23,45.38,2871.jpg,https://drive.google.com/file/d/1e1d5YUZD4VBAOMMbM9igtYNmomLxVkEC/view?usp=drivesdk
2872,Strapless Maxi Dress,Clothing,L,A beige strapless maxi dress with a ruched bodice and decorative silver chains at the neckline.,Beige,40,49.71,2872.jpg,https://drive.google.com/file/d/1-pZQex9qehdnesqbYXJMDDtpLEbnJvjO/view?usp=drivesdk
2873,Spaghetti Strap Top,Clothing,L,A fitted white spaghetti strap top paired with a black skirt.,White,37,47.26,2873.jpg,https://drive.google.com/file/d/1V5-1TUoPwK_9QVI2mX0VF6VW2YStglB2/view?usp=drivesdk
2874,Colorblock Skirt,Clothing,L,A beige skirt with white and orange colorblock detailing at the hem.,Beige,27,40.96,2874.jpg,https://drive.google.com/file/d/1dzmSYPhHffdd1bsfLuyAIGW_ZZeiGWxp/view?usp=drivesdk
2875,Spaghetti Strap Top,Clothing,M,A fitted black spaghetti strap top with a simple design.,Black,20,39.45,2875.jpg,https://drive.google.com/file/d/19wmNuPTdyRuBoYaOATikrOSfjwMa3gnU/view?usp=drivesdk
2876,lace skirt,Clothing,XL,A cream-colored lace skirt with a satin waistband and hem.,Beige,40,26.77,2876.jpg,https://drive.google.com/file/d/1PmlQwa81OgakfcMAk1k-I8A9gKqsZmmT/view?usp=drivesdk
2877,lace hem skirt,Clothing,S,A white skirt with a lace hem detail at the bottom.,White,41,35.23,2877.jpg,https://drive.google.com/file/d/1l9IPMidzTsYaRek6G5-Hd6gDzJo5NmiG/view?usp=drivesdk
2878,Plaid Mini Skirt,Clothing,M,"A short plaid skirt with a light pink base and black lines, paired with a black sleeveless top.",Pink,37,18.67,2878.jpg,https://drive.google.com/file/d/1-A-v75mTeZu75gKXOlHjsFfhDpHrqqOp/view?usp=drivesdk
2879,Floral Skirt,Clothing,L,A short skirt featuring a soft floral print with shades of pink and red.,Pink,42,20.79,2879.jpg,https://drive.google.com/file/d/1YdZaucPiMxwJMTLGll8QvNQNWBftn2xz/view?usp=drivesdk
2880,Pleated Skirt,Clothing,M,A high-waisted pleated skirt with pockets in a light turquoise color.,Turquoise,25,28.16,2880.jpg,https://drive.google.com/file/d/1rgujvDzU-NjtW8P757j8tcfvEjdQfS5R/view?usp=drivesdk
2881,Nike Backpack,Clothing,M,A black Nike backpack with multiple zippered compartments and adjustable straps.,Black,1,38.46,2881.jpg,https://drive.google.com/file/d/1OdMPDNNe7VtKGoSdwlVUTHki0J51xrdX/view?usp=drivesdk
2882,Buttoned Vest,Clothing,XL,A dark green buttoned vest worn over a white shirt.,Green,31,49.22,2882.jpg,https://drive.google.com/file/d/1PEEuuFbdFyY0yjA4qQlV9iHB5v8et63S/view?usp=drivesdk
2883,Checkered Vest,Clothing,S,"A sleeveless checkered vest with buttons, worn over a white shirt.",Black,15,18.05,2883.jpg,https://drive.google.com/file/d/1CtkRjiDNHtdsIU5F85kdCEaZ5ugmuvG5/view?usp=drivesdk
2884,Grey Waistcoat,Clothing,S,A grey buttoned waistcoat worn over a white dress shirt.,Grey,9,31.44,2884.jpg,https://drive.google.com/file/d/1iDRAjgFPLCQPIxMyjBg6kbmg1lUCl9i_/view?usp=drivesdk
2885,Plaid Shirt,Clothing,S,"A casual button-up shirt with a red, blue, and white plaid pattern and rolled-up sleeves.",White,35,31.97,2885.jpg,https://drive.google.com/file/d/1vSIPIKQFludqA-wMYojs3FMEPiO-Z1oL/view?usp=drivesdk
2886,Striped Polo,Clothing,L,A white short-sleeve polo shirt with black horizontal stripes and a small embroidered logo on the chest.,White,5,41.78,2886.jpg,https://drive.google.com/file/d/1Ea0B7TtJA4yYpgWsuMIVni2bw6bepWsF/view?usp=drivesdk
2887,Aviator Sunglasses,Clothing,L,Classic aviator sunglasses with green lenses and gold metal frame.,Green,25,41.64,2887.jpg,https://drive.google.com/file/d/1zP0X9NzBSndcks_glNTHxk2C3djmkJGD/view?usp=drivesdk
2888,Plaid Shirt,Clothing,M,A short-sleeve button-up plaid shirt with two chest pockets.,Purple,31,14.1,2888.jpg,https://drive.google.com/file/d/1LqoGi7oX-5bxBgFv73eTIvOF9PTE_wwf/view?usp=drivesdk
2889,Yoga Pants,Clothing,L,Black yoga pants with a pink and white waistband.,Black,7,39.28,2889.jpg,https://drive.google.com/file/d/1kbwMHXbrUa4_kJqi9uxLXrzi6o9FF_cY/view?usp=drivesdk
2890,Gray Sweatpants,Clothing,L,Comfortable gray sweatpants with an elastic waistband and a relaxed fit.,Gray,21,21.65,2890.jpg,https://drive.google.com/file/d/1CGZ5Dt3zJqP6RtjD7PbG_smeUXzbhLAt/view?usp=drivesdk
2891,Pink Hoodie,Clothing,M,A pink zip-up hoodie with a drawstring hood and front pockets.,Pink,43,35.33,2891.jpg,https://drive.google.com/file/d/1p6Z5QLOxSn5YYqH6vL00ejQUeQdU8zho/view?usp=drivesdk
2892,Striped Shirt,Clothing,S,A long-sleeve button-up shirt with vertical red and white stripes.,White,26,17.58,2892.jpg,https://drive.google.com/file/d/1LinyhCfOx4NPkgN21Hu2lU1wStUTHZNA/view?usp=drivesdk
2893,Striped Shirt,Clothing,S,A long-sleeve button-up shirt with vertical blue and white stripes.,Blue,37,48.76,2893.jpg,https://drive.google.com/file/d/1EbWCMciT8wgTJk4srdlOB3W16gOdz7Hx/view?usp=drivesdk
2894,Striped Sweater,Clothing,S,"A long-sleeve V-neck sweater featuring horizontal stripes in shades of gray, white, and purple.",Gray,16,37.37,2894.jpg,https://drive.google.com/file/d/1cN9lElaDNqyAXPhXYrpyCtcGOz3PJdSD/view?usp=drivesdk
2895,casual pants,Clothing,M,A pair of beige casual pants with a straight fit and front pockets.,Beige,30,11.12,2895.jpg,https://drive.google.com/file/d/12QQ4yvxS4U2S-jAetw2kBu1PXYdmljHg/view?usp=drivesdk
2896,Beige Pants,Clothing,M,A pair of beige straight-leg pants with front pockets and belt loops.,Beige,30,14.69,2896.jpg,https://drive.google.com/file/d/1SkOET37g4eONpapuR6B7ue1fRIfgIB_B/view?usp=drivesdk
2897,Striped Shirt,Clothing,M,A long-sleeve button-up shirt with vertical stripes and a chest pocket.,Beige,16,34.79,2897.jpg,https://drive.google.com/file/d/1eoOYiGqFqUk11rnAFQk8huQHublG-u4V/view?usp=drivesdk
2898,Striped Shirt,Clothing,XL,A long-sleeve button-up shirt with thin vertical stripes.,Light Blue,19,28.95,2898.jpg,https://drive.google.com/file/d/1F_haJnw1gmrAgCuRvyQ49FFEjMkpqUpi/view?usp=drivesdk
2899,Striped Shirt,Clothing,M,A light green long-sleeve button-up shirt with subtle vertical stripes and a chest pocket.,Green,24,11.98,2899.jpg,https://drive.google.com/file/d/1V-xn4j9usApLb2kq0V8PosmUblydmKIP/view?usp=drivesdk
2900,Striped Dress Shirt,Clothing,XL,A light blue long-sleeve dress shirt with subtle vertical stripes and a front pocket.,Blue,15,16.88,2900.jpg,https://drive.google.com/file/d/1ewQ_xy20tu9IlFk5liTRqcDle4G0L56v/view?usp=drivesdk
2901,Men's Trousers,Clothing,S,A pair of formal men's trousers in a straight cut.,Dark Gray,47,35.3,2901.jpg,https://drive.google.com/file/d/1AXHXM1yLLOaLuch7go_vn4nQLLA4S_tq/view?usp=drivesdk
2902,Men's Trousers,Clothing,L,A pair of men's formal trousers in a straight fit with a black belt.,Brown,13,27.09,2902.jpg,https://drive.google.com/file/d/1I7_SLISGCAdJtOwOF7NMloIEvPFc0zYV/view?usp=drivesdk
2903,Formal Trousers,Clothing,M,"A pair of dark gray formal trousers with a straight fit, worn with a black belt.",Gray,8,22.27,2903.jpg,https://drive.google.com/file/d/1JCWbmq-NYT1EtAQcs1WjfIL_MGxHW6nA/view?usp=drivesdk
2904,Beige Chinos,Clothing,L,"A pair of beige chinos with a straight fit, worn with a black belt.",Beige,0,21.76,2904.jpg,https://drive.google.com/file/d/1y_s4b6uc9PXGML1uAm_tt0OhKf_71Nds/view?usp=drivesdk
2905,Graphic Belt,Clothing,M,A white belt featuring black abstract graphic designs and a metallic buckle with the Puma logo.,White,19,13.29,2905.jpg,https://drive.google.com/file/d/1o1bI9xTxqFiKpFVu1OkUIcK7KZUCnJE5/view?usp=drivesdk
2906,rimless sunglasses,Clothing,XL,A pair of rimless sunglasses with brown lenses and gold-tone temples.,Brown,39,34.21,2906.jpg,https://drive.google.com/file/d/1_PnG3iZn43Cl0IvpvvhTLMI38_OstX1K/view?usp=drivesdk
2907,Pinstripe Pants,Clothing,XL,Men's dark gray pinstripe pants with a straight fit and belt loops.,Gray,14,11.58,2907.jpg,https://drive.google.com/file/d/1Ga-5wi8k8o1m_gb8W5D4UnaBs3z0kucB/view?usp=drivesdk
2908,Men's Trousers,Clothing,XL,A pair of dark grey formal trousers worn with a black belt and black shoes.,Grey,29,30.74,2908.jpg,https://drive.google.com/file/d/1vBu0ieO9hl0PC_236c3HEQG7B7Qq0cdA/view?usp=drivesdk
2909,Checked Trousers,Clothing,XL,Men's formal checked trousers with a slim fit and a black belt.,Dark Gray,10,49.6,2909.jpg,https://drive.google.com/file/d/1LEM2pIamMuGX2B_HBFAJn99E52HkV2r5/view?usp=drivesdk
2910,Purple Sneakers,Clothing,L,A pair of purple athletic sneakers with white stripes and laces.,Purple,44,17.28,2910.jpg,https://drive.google.com/file/d/1QzmNPbKjRjOr7Ij1GKCYbJuGoJuAaUma/view?usp=drivesdk
2911,Striped Dress Shirt,Clothing,M,A light blue striped long-sleeve dress shirt with a front pocket and button closure.,Blue,45,21.1,2911.jpg,https://drive.google.com/file/d/1PUgMCHyM3x_kxlAJqsfiHAz6sz15j25H/view?usp=drivesdk
2912,Striped Shirt,Clothing,S,A long-sleeve button-up shirt with vertical black stripes on a white background.,White,14,47.96,2912.jpg,https://drive.google.com/file/d/10Ot7tX4VDZVibKHUk2FBRE5v8oWVxP9K/view?usp=drivesdk
2913,Formal Shirt,Clothing,L,A light pink long-sleeve formal shirt with a front pocket and button closure.,Pink,30,12.84,2913.jpg,https://drive.google.com/file/d/18KbjyawlYYGHesDiXgqX4ekzms1UUMiq/view?usp=drivesdk
2914,Athletic Shorts,Clothing,M,Black athletic shorts with white side stripes and an elastic waistband.,Black,33,49.47,2914.jpg,https://drive.google.com/file/d/1ElsutZ4x_ejl2_OhivSTJ7K_8uFMsY6k/view?usp=drivesdk
2915,Basketball Shorts,Clothing,L,Red basketball shorts with black side stripes and a basketball graphic on the right leg.,Red,40,33.3,2915.jpg,https://drive.google.com/file/d/1kNO_IvdLqUITzLfcigM7_QqgXzsL3V4o/view?usp=drivesdk
2916,Slim Jeans,Clothing,M,A pair of slim-fit blue denim jeans with a slightly faded wash.,Blue,8,32,2916.jpg,https://drive.google.com/file/d/1KoOPlFxwkse5OuDLFDiR1ByqP0cgUQW1/view?usp=drivesdk
2917,Dark Blue Jeans,Clothing,M,A pair of dark blue denim jeans with a slim fit and classic five-pocket design.,Blue,46,25.02,2917.jpg,https://drive.google.com/file/d/1Bq8uRX_LGg4dv0Us2tXJ5j7xfkr3vDaS/view?usp=drivesdk
2918,Faded Jeans,Clothing,XL,A pair of slim-fit jeans with a faded wash and whiskering details.,Blue,38,32.86,2918.jpg,https://drive.google.com/file/d/1qgtXXzlKCn8ZPz7Hpr2MVzrWHrc1UsVN/view?usp=drivesdk
2919,Striped Shirt,Clothing,XL,A long-sleeve white shirt with vertical black stripes and a front pocket.,White,35,33.69,2919.jpg,https://drive.google.com/file/d/1r9Dsxb97Zv3Z7NqP_2fuVxeyimZBEEbo/view?usp=drivesdk
2920,Striped Dress Shirt,Clothing,XL,"A long-sleeve, button-up dress shirt with subtle vertical stripes.",Light Pink,29,27.15,2920.jpg,https://drive.google.com/file/d/1xw9UxxxV9-l8eMjkId7FjZVgdq6V-EC1/view?usp=drivesdk
2921,Striped Shirt,Clothing,L,A light blue and white striped long-sleeve button-up shirt with a collar.,Light Blue,20,49.12,2921.jpg,https://drive.google.com/file/d/1HpmJ9GiDDrzDNVMy8FFo0hbKcIQRfAT8/view?usp=drivesdk
2922,Striped Shirt,Clothing,M,A long-sleeve button-up shirt with vertical stripes.,White,5,34.81,2922.jpg,https://drive.google.com/file/d/1bl6_yIjcNdcM1VH8f8b2tCjtn6282Rfj/view?usp=drivesdk
2923,Nike sneaker,Clothing,S,"Black low-top Nike sneaker with blue laces and logo, featuring a white sole.",Black,34,43.94,2923.jpg,https://drive.google.com/file/d/1MKxUBGfu8gk0GAziq2lzrZ3qOqEoB9s1/view?usp=drivesdk
2924,Nike Running Shoe,Clothing,S,A lightweight Nike running shoe with breathable mesh and Flywire support.,Maroon,35,34.38,2924.jpg,https://drive.google.com/file/d/1RrtAmjK59sL25l1pWedPBgdb6JyJjMX3/view?usp=drivesdk
2925,Nike Running Shoe,Clothing,L,A black and gray running shoe with a bright coral sole and Nike swoosh logo.,Black,19,22.77,2925.jpg,https://drive.google.com/file/d/12lF814lknP0oX27tcB7q40gAqHaXbT4w/view?usp=drivesdk
2926,Graphic T-shirt,Clothing,M,Black short-sleeve T-shirt with bold white and yellow graphic prints on the front.,Black,6,24.14,2926.jpg,https://drive.google.com/file/d/1KA1xEdEsniVxQprgIl6GeY-5pAnhr-G4/view?usp=drivesdk
2927,Hiking Boot,Clothing,M,A brown suede hiking boot with a padded collar and durable rubber sole.,Brown,34,10.7,2927.jpg,https://drive.google.com/file/d/1xvZbJhf0FZCou1klNaFnbPKkZ_Lvdmw9/view?usp=drivesdk
2928,White Baseball Cap,Clothing,L,A white baseball cap with blue embroidered logos and a black trim on the brim.,White,8,30.07,2928.jpg,https://drive.google.com/file/d/1gO8QHlQ9UDVxJWrkn04nPvWhCpzqNRRa/view?usp=drivesdk
2929,Nike Backpack,Clothing,XL,A black Nike backpack with multiple zippered compartments and a top handle.,Black,21,32.28,2929.jpg,https://drive.google.com/file/d/1bIc_zt0H07z3nhkwaULFmFjwfETaMybA/view?usp=drivesdk
2930,Checked Shirt,Clothing,XL,A long-sleeve white shirt with a blue checkered pattern.,White,49,11.7,2930.jpg,https://drive.google.com/file/d/1QpKP6TtzN8ZpP-SuBTmOKwUnHrhXVC5K/view?usp=drivesdk
2931,Striped Shirt,Clothing,S,A long-sleeve button-up shirt with red and white vertical stripes.,Red,35,16.3,2931.jpg,https://drive.google.com/file/d/14q-bcQDkeGAFYAWRNw-n9QuW7QC5WmHP/view?usp=drivesdk
2932,White Shirt,Clothing,M,A classic white long-sleeve button-up shirt with a front pocket.,White,4,22.87,2932.jpg,https://drive.google.com/file/d/1zCtHZgBvy4gc4_Er4fa8CQHRUztNPVaj/view?usp=drivesdk
2933,Racing Backpack,Clothing,S,A sporty red backpack with black and white accents featuring Ferrari and Puma logos.,Red,40,17.23,2933.jpg,https://drive.google.com/file/d/1cgpBDGG2oUE8Xq_LRK5H372IP0XHH3CO/view?usp=drivesdk
2934,Puma Backpack,Clothing,M,A grey and black Puma backpack featuring a large Puma logo on the front.,Grey,38,25.66,2934.jpg,https://drive.google.com/file/d/1kWJsuNVU6AqSCnXhqXCXdl9_UJADVb5R/view?usp=drivesdk
2935,Checked Shirt,Clothing,L,A long-sleeve button-up shirt with a pink and white checkered pattern.,Pink,34,39.3,2935.jpg,https://drive.google.com/file/d/1d2rGRrXPMsQmqVLXvh4xFe1u-oyaDl1v/view?usp=drivesdk
2936,Nike Windbreaker Jacket,Clothing,S,Lightweight Nike windbreaker jacket with a hood and front zipper in a two-tone orange design.,Orange,13,41.11,2936.jpg,https://drive.google.com/file/d/1lNVi3aHkvYRnfVDRDYBYasyoEtvRYaQ0/view?usp=drivesdk
2937,Graphic T-shirt,Clothing,XL,"Dark green short-sleeve T-shirt with a bold, fiery graphic text design on the front.",Green,24,37.25,2937.jpg,https://drive.google.com/file/d/1f1FsOqtaDFrD3iHPMHJLpX7vwI2Z3PUv/view?usp=drivesdk
2938,Leather Oxford,Clothing,S,A brown leather oxford shoe with lace-up closure and a black sole.,Brown,19,31.51,2938.jpg,https://drive.google.com/file/d/1FCbANyxSHwnvNdC6V6bR5zIrIs4QVPPQ/view?usp=drivesdk
2939,Leather Shoulder Bag,Clothing,M,A black leather shoulder bag with a Ferrari emblem and Puma logo.,Black,45,43.24,2939.jpg,https://drive.google.com/file/d/15_0Di-Nto2i2Znp8KGjWluHw2Kx9PC55/view?usp=drivesdk
2940,White Shirt,Clothing,M,A classic white short-sleeve button-up shirt with a front pocket.,White,48,29.24,2940.jpg,https://drive.google.com/file/d/1PTTVgcDw8ZBcg2sNcUf-gVtUcrsTgLHO/view?usp=drivesdk
2941,Checkered Shirt,Clothing,S,"A short-sleeve button-up shirt with a red, white, and blue checkered pattern.",Red,47,16.74,2941.jpg,https://drive.google.com/file/d/1vXwPgz65Jy6Juc2mTn9pJ9Yj0Aceo5fc/view?usp=drivesdk
2942,Short Sleeve Shirt,Clothing,XL,A light green short sleeve button-up shirt with a chest pocket.,Green,36,34.62,2942.jpg,https://drive.google.com/file/d/1v0FjaFaQ3m44MMKwlTtoKrN4FRnOew8u/view?usp=drivesdk
2943,Striped Shirt,Clothing,M,A long-sleeve button-up shirt with black and white vertical stripes.,Black,14,48.8,2943.jpg,https://drive.google.com/file/d/1uF6HD8j5p5CYJDoHPQkZCCD5c368VixV/view?usp=drivesdk
2944,Checked Shirt,Clothing,M,A short-sleeve button-up shirt with a blue and white checkered pattern.,Blue,20,36.17,2944.jpg,https://drive.google.com/file/d/1YJz3ZhwaSVJeavbD_qLn2saVOR0y8fXF/view?usp=drivesdk
2945,Checked Shirt,Clothing,M,A long-sleeve button-up shirt with a subtle checked pattern.,Dark Gray,43,47.17,2945.jpg,https://drive.google.com/file/d/1NuLw6xOvXLSTmWEE3ka6Go7XmoX-CTW1/view?usp=drivesdk
2946,Formal Shirt,Clothing,S,A long-sleeve formal shirt with a subtle checkered pattern and a front pocket.,Dark Blue,42,12.12,2946.jpg,https://drive.google.com/file/d/1FJh8QG2jwrQg5Yb6tJbV1pX2deIKvk5j/view?usp=drivesdk
2947,Striped Shirts,Clothing,L,"Two men's long-sleeve button-up shirts with vertical stripes, one in maroon and the other in dark purple.",Maroon and Dark Purple,49,27.69,2947.jpg,https://drive.google.com/file/d/17ny2sXRRL2u094vo2c4D3Z7HVQvlQwfE/view?usp=drivesdk
2948,Striped Shirt,Clothing,M,Long-sleeve button-up shirt with vertical stripes.,Purple,33,46.62,2948.jpg,https://drive.google.com/file/d/1IPdvQGj3A-khvrVQFfTSXH7YM_iwEfy7/view?usp=drivesdk
2949,Striped Shirt,Clothing,M,Long-sleeve button-up shirts with vertical stripes in different color combinations.,Black,44,16.81,2949.jpg,https://drive.google.com/file/d/1ejNAGfewycKWFRZxjT-maDrUq3Fje_Rb/view?usp=drivesdk
2950,Striped Shirt,Clothing,M,A long-sleeve maroon shirt with white vertical stripes and a front pocket.,Maroon,25,26.62,2950.jpg,https://drive.google.com/file/d/1sByd7fc8XO8Rc90tVbbhaKGmkySOxoO8/view?usp=drivesdk
2951,Bayern Jersey,Clothing,XL,A red FC Bayern Munich football jersey with white and gold accents.,Red,20,49.94,2951.jpg,https://drive.google.com/file/d/1vacb3e4xYWejr1teXEA_iAy3BXYiuRHa/view?usp=drivesdk
2952,Adidas Shorts,Clothing,S,Black Adidas shorts with white stripes on the sides and an elastic waistband.,Black,13,14.82,2952.jpg,https://drive.google.com/file/d/15BeFejl0CWu5wdeVbrwAMJ9OWa7yYVnB/view?usp=drivesdk
2953,Sports Shorts,Clothing,M,Black athletic shorts with an elastic waistband and a small blue Adidas logo on the left leg.,Black,12,16,2953.jpg,https://drive.google.com/file/d/1my8xPKWvKdYqJ89wU2CEzb_--03c1O6g/view?usp=drivesdk
2954,Adidas Hoodie,Clothing,L,A grey Adidas hooded sweatshirt with a front pocket and drawstrings.,Grey,43,25.07,2954.jpg,https://drive.google.com/file/d/1RMDfRucjBRMvjtii7AKAtWv1OMUtzfvf/view?usp=drivesdk
2955,Brown Leather Shoe,Clothing,M,A brown leather formal shoe with black laces and a low heel.,Brown,20,15.09,2955.jpg,https://drive.google.com/file/d/1lbzp3MuGRS75cKWiM-GtyVmbwJQcI_Eg/view?usp=drivesdk
2956,Athletic Pants,Clothing,S,Black athletic pants with a relaxed fit and Adidas logo on the upper thigh.,Black,16,15.7,2956.jpg,https://drive.google.com/file/d/1llsB6YFX4wIvyDOLNz2WS66tcoum1CSD/view?usp=drivesdk
2957,Adidas Track Jacket,Clothing,L,Black Adidas track jacket with white stripes on the sleeves and a front zipper.,Black,7,32.53,2957.jpg,https://drive.google.com/file/d/1feazwVokkn2yzTNuxBIlQseyYXZtxG6u/view?usp=drivesdk
2958,Sports Jacket,Clothing,L,A blue zip-up sports jacket with neon green accents and the Adidas logo on the chest.,Blue,3,35.52,2958.jpg,https://drive.google.com/file/d/1gtPL24ct5lG8y4zsU6tS1AgE672X_MRm/view?usp=drivesdk
2959,Basketball Shorts,Clothing,L,Blue athletic basketball shorts with an elastic waistband and side stripes.,Blue,22,28.42,2959.jpg,https://drive.google.com/file/d/1DZrgcBRhuaT08XTgLFw7hMycNwnWtyn5/view?usp=drivesdk
2960,Adidas Shorts,Clothing,M,White Adidas athletic shorts with black piping and logo detail.,White,5,21.1,2960.jpg,https://drive.google.com/file/d/1YLtLhNkcUVV_6MH42h42QX0ubiGNguns/view?usp=drivesdk
2961,Leather Loafer,Clothing,S,A black leather loafer shoe with lace-up design and detailed stitching.,Black,7,19.11,2961.jpg,https://drive.google.com/file/d/1uGfOK0JLPsXwfNhTioYlfoZ3dgJVZ1-l/view?usp=drivesdk
2962,Graphic T-shirt,Clothing,S,A rust-colored short-sleeve T-shirt featuring a cartoon character and the text 'LITTLE MISS DIRTY MIND'.,Rust,36,38.95,2962.jpg,https://drive.google.com/file/d/1Q_9kxi4lnh2ZwYQnu7oQna_faNOKMI67/view?usp=drivesdk
2963,Beige Chinos,Clothing,S,A pair of beige straight-fit chinos with a braided brown belt.,Beige,12,24.94,2963.jpg,https://drive.google.com/file/d/1oEOXGPHnYCENh5Vnbk5KsuFwaZz3dFn5/view?usp=drivesdk
2964,Striped Polo,Clothing,L,A short-sleeve polo shirt with blue and gray horizontal stripes and printed text on the chest.,Blue,38,29.57,2964.jpg,https://drive.google.com/file/d/1p_OP00CIzgYC2MKIYLzrk6TnqxjGZRIL/view?usp=drivesdk
2965,Embroidered Shirt,Clothing,S,A black long-sleeve button-up shirt with an embroidered crest on the chest.,Black,34,31.28,2965.jpg,https://drive.google.com/file/d/1vNpr6J3oMiJHJbqkeWawGnZYRWJvqf9t/view?usp=drivesdk
2966,Casual Chinos,Clothing,M,A pair of light beige casual chinos with a straight fit.,Beige,7,28.27,2966.jpg,https://drive.google.com/file/d/1axqkRPaZ5LXGJaWAh1wYsm-tMDMCh2At/view?usp=drivesdk
2967,Faded Jeans,Clothing,L,A pair of blue faded denim jeans with a slim fit and rolled cuffs.,Blue,44,37.34,2967.jpg,https://drive.google.com/file/d/1b4jIe05FtCHf0BRoMRvUpVSZL1WGhwfS/view?usp=drivesdk
2968,Puma Tote,Clothing,S,Black Puma tote bag with dual handles and logo print on the front.,Black,0,21.61,2968.jpg,https://drive.google.com/file/d/1XzpSspA4NfJrmkeAjKrlrmwaiypiUe5o/view?usp=drivesdk
2969,Graphic Tee,Clothing,S,White short-sleeve t-shirt featuring a black and white artistic face print with a small pink bow detail.,White,24,36.54,2969.jpg,https://drive.google.com/file/d/1FSyGmLDBqZamqA8W-9oopZm1E4ikWQDS/view?usp=drivesdk
2970,Track Jacket,Clothing,S,A blue Adidas track jacket with black and green accents and a front zipper.,Blue,23,15.67,2970.jpg,https://drive.google.com/file/d/1qqmnhSlUHlMF9U1ZJJcA1VZjZAQ2cxA9/view?usp=drivesdk
2971,Adidas Shorts,Clothing,L,Black Adidas athletic shorts with an elastic waistband and side detailing.,Black,49,20.78,2971.jpg,https://drive.google.com/file/d/1ZnM8LUqbofPrrvcXhv0F6_J6zMxeAMZq/view?usp=drivesdk
2972,Nike Track Pants,Clothing,L,Black Nike track pants with an elastic waistband and a small swoosh logo on the left thigh.,Black,29,10.57,2972.jpg,https://drive.google.com/file/d/1B5MZyBVCCjxLWTDMS-n3v3_ay0nx7LSo/view?usp=drivesdk
2973,Graphic Sweatshirt,Clothing,XL,Black long-sleeve sweatshirt with a colorful graphic text and a small Nike logo on the front.,Black,20,37.12,2973.jpg,https://drive.google.com/file/d/1xVEy0724hbSA8zmMe_HUYxlpk2QvvEk3/view?usp=drivesdk
2974,Manchester Polo,Clothing,XL,Red polo shirt featuring the Manchester United logo and Nike swoosh.,Red,14,11.07,2974.jpg,https://drive.google.com/file/d/1gf3r4bHJVH9E38KfBSnEiU-30kYb7Jd_/view?usp=drivesdk
2975,Nike Track Jacket,Clothing,M,Black Nike track jacket with white side panels and a front zipper.,Black,43,23.77,2975.jpg,https://drive.google.com/file/d/1Nxe1l5p-YTmndpWh91t6fRfq3DSBtXcn/view?usp=drivesdk
2976,Nike Windbreaker,Clothing,L,A blue Nike windbreaker jacket with a front zipper and black side panels.,Blue,35,20.41,2976.jpg,https://drive.google.com/file/d/1zma7RBdPoQ201_FzS75ZJjW4BbHSyubd/view?usp=drivesdk
2977,Graphic T-shirt,Clothing,XL,Yellow short-sleeve T-shirt with a blue dripping graphic design on the front.,Yellow,37,40.65,2977.jpg,https://drive.google.com/file/d/1IS9ZwM6jeg0jc5dSIqSkA5g2NiHWZpZv/view?usp=drivesdk
2978,Denim Skirt,Clothing,XL,A blue denim skirt with front pockets and a decorative green braided belt.,Blue,33,13.61,2978.jpg,https://drive.google.com/file/d/1v3Wgj_SXED1VD-3fBZ8ru51BHcV4aQQW/view?usp=drivesdk
2979,Plaid Skirt,Clothing,XL,"A short pleated skirt featuring a vibrant plaid pattern in pink, yellow, and white.",Pink,44,47.03,2979.jpg,https://drive.google.com/file/d/1L1dEv9Qrfa5laMiF7EN2mk0bzYUtnnrA/view?usp=drivesdk
